ISO-10303-21;
HEADER;
FILE_DESCRIPTION (( 'STEP AP214' ),
    '1' );
FILE_NAME ('Cover.STEP',
    '2026-08-13T08:47:43',
    ( '' ),
    ( '' ),
    'SwSTEP 2.0',
    'SolidWorks 2026',
    '' );
FILE_SCHEMA (( 'AUTOMOTIVE_DESIGN' ));
ENDSEC;

DATA;
#1 = EDGE_CURVE ( 'NONE', #52, #1274, #1144, .T. ) ;
#2 = ORIENTED_EDGE ( 'NONE', *, *, #415, .T. ) ;
#3 = ORIENTED_EDGE ( 'NONE', *, *, #457, .T. ) ;
#4 = ADVANCED_FACE ( 'NONE', ( #959 ), #1573, .T. ) ;
#5 = DIRECTION ( 'NONE',  ( 0.000000000000000000, 0.000000000000000000, -1.000000000000000000 ) ) ;
#6 = DIRECTION ( 'NONE',  ( 0.000000000000000000, 0.000000000000000000, 1.000000000000000000 ) ) ;
#7 = DIRECTION ( 'NONE',  ( -0.000000000000000000, 1.000000000000000000, -0.000000000000000000 ) ) ;
#8 = EDGE_CURVE ( 'NONE', #770, #1268, #337, .T. ) ;
#9 = ADVANCED_FACE ( 'NONE', ( #1219, #1589, #443, #332, #72, #840, #1207 ), #450, .T. ) ;
#10 = ORIENTED_EDGE ( 'NONE', *, *, #1553, .T. ) ;
#11 = VECTOR ( 'NONE', #1577, 1000.000000000000000 ) ;
#12 = ORIENTED_EDGE ( 'NONE', *, *, #833, .F. ) ;
#13 = ADVANCED_FACE ( 'NONE', ( #1315 ), #1442, .T. ) ;
#14 = AXIS2_PLACEMENT_3D ( 'NONE', #378, #869, #398 ) ;
#15 = PLANE ( 'NONE',  #486 ) ;
#16 = CARTESIAN_POINT ( 'NONE',  ( 628.3846423607654970, 801.4088751329409206, 0.000000000000000000 ) ) ;
#17 = CARTESIAN_POINT ( 'NONE',  ( 613.6596423607655879, 839.2218673235711321, 2.000000000000000000 ) ) ;
#18 = VECTOR ( 'NONE', #633, 1000.000000000000000 ) ;
#19 = EDGE_CURVE ( 'NONE', #587, #606, #1320, .T. ) ;
#20 = DIRECTION ( 'NONE',  ( 0.000000000000000000, 0.000000000000000000, 1.000000000000000000 ) ) ;
#21 = ORIENTED_EDGE ( 'NONE', *, *, #124, .F. ) ;
#22 = VERTEX_POINT ( 'NONE', #1201 ) ;
#23 = DIRECTION ( 'NONE',  ( 0.000000000000000000, 0.000000000000000000, -1.000000000000000000 ) ) ;
#24 = CARTESIAN_POINT ( 'NONE',  ( 613.6596423607655879, 770.2218673235712458, 2.000000000000000000 ) ) ;
#25 = FACE_OUTER_BOUND ( 'NONE', #1372, .T. ) ;
#26 = EDGE_CURVE ( 'NONE', #542, #1031, #702, .T. ) ;
#27 = DIRECTION ( 'NONE',  ( 0.000000000000000000, 1.000000000000000000, -0.000000000000000000 ) ) ;
#28 = EDGE_LOOP ( 'NONE', ( #193, #176, #420, #417 ) ) ;
#29 = ORIENTED_EDGE ( 'NONE', *, *, #217, .T. ) ;
#30 = CARTESIAN_POINT ( 'NONE',  ( 625.4846423607655197, 801.4088751329409206, -1.100000000000000089 ) ) ;
#31 = DIRECTION ( 'NONE',  ( 1.000000000000000000, 0.000000000000000000, 0.000000000000000000 ) ) ;
#32 = DIRECTION ( 'NONE',  ( -1.000000000000000000, 0.000000000000000000, 0.000000000000000000 ) ) ;
#33 = AXIS2_PLACEMENT_3D ( 'NONE', #938, #790, #540 ) ;
#34 = LINE ( 'NONE', #531, #838 ) ;
#35 = ORIENTED_EDGE ( 'NONE', *, *, #1312, .F. ) ;
#36 = ORIENTED_EDGE ( 'NONE', *, *, #1384, .F. ) ;
#37 = AXIS2_PLACEMENT_3D ( 'NONE', #658, #1400, #543 ) ;
#38 = DIRECTION ( 'NONE',  ( -0.000000000000000000, -0.000000000000000000, -1.000000000000000000 ) ) ;
#39 = DIRECTION ( 'NONE',  ( 1.000000000000000000, -0.000000000000000000, -0.000000000000000000 ) ) ;
#40 = LINE ( 'NONE', #1509, #382 ) ;
#41 = VECTOR ( 'NONE', #895, 1000.000000000000000 ) ;
#42 = PLANE ( 'NONE',  #33 ) ;
#43 = AXIS2_PLACEMENT_3D ( 'NONE', #1586, #455, #974 ) ;
#44 = ORIENTED_EDGE ( 'NONE', *, *, #203, .F. ) ;
#45 = ORIENTED_EDGE ( 'NONE', *, *, #1018, .F. ) ;
#46 = FACE_OUTER_BOUND ( 'NONE', #428, .T. ) ;
#47 = DIRECTION ( 'NONE',  ( 1.000000000000000000, 0.000000000000000000, 0.000000000000000000 ) ) ;
#48 = DIRECTION ( 'NONE',  ( -0.000000000000000000, -0.000000000000000000, 1.000000000000000000 ) ) ;
#49 = DIRECTION ( 'NONE',  ( -0.000000000000000000, -0.000000000000000000, 1.000000000000000000 ) ) ;
#50 = EDGE_CURVE ( 'NONE', #361, #1107, #673, .T. ) ;
#51 = ORIENTED_EDGE ( 'NONE', *, *, #1322, .T. ) ;
#52 = VERTEX_POINT ( 'NONE', #365 ) ;
#53 = EDGE_LOOP ( 'NONE', ( #1095, #518, #1038, #889 ) ) ;
#54 = CARTESIAN_POINT ( 'NONE',  ( 613.6596423607655879, 834.2218673235711321, 2.000000000000000000 ) ) ;
#55 = CARTESIAN_POINT ( 'NONE',  ( 613.6596423607655879, 839.2218673235711321, 0.000000000000000000 ) ) ;
#56 = PRODUCT_RELATED_PRODUCT_CATEGORY ( 'part', '', ( #897 ) ) ;
#57 = LINE ( 'NONE', #323, #1517 ) ;
#58 = AXIS2_PLACEMENT_3D ( 'NONE', #778, #157, #1153 ) ;
#59 = EDGE_CURVE ( 'NONE', #587, #708, #771, .T. ) ;
#60 = EDGE_CURVE ( 'NONE', #671, #376, #1245, .T. ) ;
#61 = VERTEX_POINT ( 'NONE', #1483 ) ;
#62 = ORIENTED_EDGE ( 'NONE', *, *, #627, .F. ) ;
#63 = MANIFOLD_SOLID_BREP ( 'Cut-Extrude5', #1224 ) ;
#64 = EDGE_CURVE ( 'NONE', #1328, #954, #1113, .T. ) ;
#65 = FACE_OUTER_BOUND ( 'NONE', #1598, .T. ) ;
#66 = CARTESIAN_POINT ( 'NONE',  ( 613.6596423607655879, 839.2218673235711321, 0.000000000000000000 ) ) ;
#67 = AXIS2_PLACEMENT_3D ( 'NONE', #483, #1335, #218 ) ;
#68 = DIRECTION ( 'NONE',  ( 0.000000000000000000, 0.000000000000000000, 1.000000000000000000 ) ) ;
#69 = AXIS2_PLACEMENT_3D ( 'NONE', #674, #406, #1285 ) ;
#70 = EDGE_LOOP ( 'NONE', ( #12, #1098 ) ) ;
#71 = AXIS2_PLACEMENT_3D ( 'NONE', #734, #240, #1467 ) ;
#72 = FACE_OUTER_BOUND ( 'NONE', #333, .T. ) ;
#73 = ORIENTED_EDGE ( 'NONE', *, *, #1056, .T. ) ;
#74 = CARTESIAN_POINT ( 'NONE',  ( 662.6596423607655879, 770.2218673235712458, 0.000000000000000000 ) ) ;
#75 = DIRECTION ( 'NONE',  ( -1.000000000000000000, 0.000000000000000000, 0.000000000000000000 ) ) ;
#76 = CARTESIAN_POINT ( 'NONE',  ( 662.6596423607655879, 839.2218673235711321, 0.000000000000000000 ) ) ;
#77 = EDGE_CURVE ( 'NONE', #940, #1222, #1407, .T. ) ;
#78 = ORIENTED_EDGE ( 'NONE', *, *, #1336, .T. ) ;
#79 = ORIENTED_EDGE ( 'NONE', *, *, #8, .T. ) ;
#80 = CARTESIAN_POINT ( 'NONE',  ( 648.1596423607655879, 784.7218673235711321, 2.000000000000000000 ) ) ;
#81 = DIRECTION ( 'NONE',  ( 0.000000000000000000, 0.000000000000000000, -1.000000000000000000 ) ) ;
#82 = DIRECTION ( 'NONE',  ( -0.000000000000000000, -0.000000000000000000, -1.000000000000000000 ) ) ;
#83 = ORIENTED_EDGE ( 'NONE', *, *, #1036, .F. ) ;
#84 = VECTOR ( 'NONE', #1571, 1000.000000000000000 ) ;
#85 = ORIENTED_EDGE ( 'NONE', *, *, #301, .F. ) ;
#86 = EDGE_CURVE ( 'NONE', #980, #1031, #623, .T. ) ;
#87 = DIRECTION ( 'NONE',  ( 0.000000000000000000, 0.000000000000000000, -1.000000000000000000 ) ) ;
#88 = FACE_OUTER_BOUND ( 'NONE', #1559, .T. ) ;
#89 = CARTESIAN_POINT ( 'NONE',  ( 625.4846423607655197, 801.4088751329409206, -1.100000000000000089 ) ) ;
#90 = VECTOR ( 'NONE', #214, 1000.000000000000000 ) ;
#91 = DIRECTION ( 'NONE',  ( 1.000000000000000000, 0.000000000000000000, 0.000000000000000000 ) ) ;
#92 = ORIENTED_EDGE ( 'NONE', *, *, #1, .T. ) ;
#93 = AXIS2_PLACEMENT_3D ( 'NONE', #66, #1175, #944 ) ;
#94 = AXIS2_PLACEMENT_3D ( 'NONE', #680, #936, #667 ) ;
#95 = ORIENTED_EDGE ( 'NONE', *, *, #300, .F. ) ;
#96 = LINE ( 'NONE', #1090, #90 ) ;
#97 = FACE_BOUND ( 'NONE', #615, .T. ) ;
#98 = CARTESIAN_POINT ( 'NONE',  ( 662.6596423607655879, 770.2218673235712458, 2.000000000000000000 ) ) ;
#99 = CARTESIAN_POINT ( 'NONE',  ( 649.9346423607654515, 801.4088751329409206, -1.100000000000000089 ) ) ;
#100 = ORIENTED_EDGE ( 'NONE', *, *, #588, .T. ) ;
#101 = ORIENTED_EDGE ( 'NONE', *, *, #248, .F. ) ;
#102 = ORIENTED_EDGE ( 'NONE', *, *, #59, .T. ) ;
#103 = CARTESIAN_POINT ( 'NONE',  ( 612.1596423607655879, 839.2218673235711321, 0.000000000000000000 ) ) ;
#104 = DIRECTION ( 'NONE',  ( -1.000000000000000000, 0.000000000000000000, 0.000000000000000000 ) ) ;
#105 = CARTESIAN_POINT ( 'NONE',  ( 651.9346423607654515, 825.2588751329409433, -1.100000000000000089 ) ) ;
#106 = DIRECTION ( 'NONE',  ( -0.000000000000000000, -0.000000000000000000, 1.000000000000000000 ) ) ;
#107 = EDGE_CURVE ( 'NONE', #202, #569, #871, .T. ) ;
#108 = ORIENTED_EDGE ( 'NONE', *, *, #170, .F. ) ;
#109 = EDGE_LOOP ( 'NONE', ( #547, #526, #1321, #1187 ) ) ;
#110 = VECTOR ( 'NONE', #1324, 1000.000000000000000 ) ;
#111 = VERTEX_POINT ( 'NONE', #1001 ) ;
#112 = DIRECTION ( 'NONE',  ( 0.000000000000000000, 0.000000000000000000, 1.000000000000000000 ) ) ;
#113 = FACE_BOUND ( 'NONE', #1037, .T. ) ;
#114 = DIRECTION ( 'NONE',  ( 0.000000000000000000, 0.000000000000000000, 1.000000000000000000 ) ) ;
#115 = DIRECTION ( 'NONE',  ( -1.000000000000000000, 0.000000000000000000, 0.000000000000000000 ) ) ;
#116 =( LENGTH_UNIT ( ) NAMED_UNIT ( * ) SI_UNIT ( .MILLI., .METRE. ) );
#117 = ORIENTED_EDGE ( 'NONE', *, *, #1588, .T. ) ;
#118 = ORIENTED_EDGE ( 'NONE', *, *, #64, .F. ) ;
#119 = VECTOR ( 'NONE', #1156, 1000.000000000000000 ) ;
#120 = CARTESIAN_POINT ( 'NONE',  ( 613.6596423607655879, 839.2218673235711321, 0.000000000000000000 ) ) ;
#121 = CARTESIAN_POINT ( 'NONE',  ( 625.8096423607655652, 822.9588751329409888, 2.000000000000000000 ) ) ;
#122 = PLANE ( 'NONE',  #744 ) ;
#123 = CYLINDRICAL_SURFACE ( 'NONE', #690, 2.000000000000001776 ) ;
#124 = EDGE_CURVE ( 'NONE', #770, #1405, #832, .T. ) ;
#125 = EDGE_CURVE ( 'NONE', #1359, #1227, #259, .T. ) ;
#126 = EDGE_CURVE ( 'NONE', #882, #818, #873, .T. ) ;
#127 = VERTEX_POINT ( 'NONE', #887 ) ;
#128 = ORIENTED_EDGE ( 'NONE', *, *, #1510, .T. ) ;
#129 = DIRECTION ( 'NONE',  ( 0.000000000000000000, 0.000000000000000000, -1.000000000000000000 ) ) ;
#130 = DIRECTION ( 'NONE',  ( 1.000000000000000000, 0.000000000000000000, 0.000000000000000000 ) ) ;
#131 = DIRECTION ( 'NONE',  ( -0.000000000000000000, -0.000000000000000000, -1.000000000000000000 ) ) ;
#132 = AXIS2_PLACEMENT_3D ( 'NONE', #1499, #258, #751 ) ;
#133 = ORIENTED_EDGE ( 'NONE', *, *, #1280, .F. ) ;
#134 = ORIENTED_EDGE ( 'NONE', *, *, #1165, .T. ) ;
#135 = CIRCLE ( 'NONE', #190, 5.000000000000004441 ) ;
#136 = EDGE_CURVE ( 'NONE', #142, #61, #1444, .T. ) ;
#137 = CARTESIAN_POINT ( 'NONE',  ( 618.6596423607655879, 770.2218673235712458, 2.000000000000000000 ) ) ;
#138 = AXIS2_PLACEMENT_3D ( 'NONE', #789, #1318, #1192 ) ;
#139 = CARTESIAN_POINT ( 'NONE',  ( 662.6596423607655879, 770.2218673235712458, 0.000000000000000000 ) ) ;
#140 = DIRECTION ( 'NONE',  ( 0.000000000000000000, 0.000000000000000000, -1.000000000000000000 ) ) ;
#141 = VECTOR ( 'NONE', #870, 1000.000000000000000 ) ;
#142 = VERTEX_POINT ( 'NONE', #1383 ) ;
#143 = CIRCLE ( 'NONE', #716, 1.800000000000023803 ) ;
#144 = ORIENTED_EDGE ( 'NONE', *, *, #1412, .T. ) ;
#145 = VECTOR ( 'NONE', #878, 1000.000000000000000 ) ;
#146 = CARTESIAN_POINT ( 'NONE',  ( 647.9346423607654515, 801.4088751329409206, 0.000000000000000000 ) ) ;
#147 = DIRECTION ( 'NONE',  ( 1.000000000000000000, 0.000000000000000000, 0.000000000000000000 ) ) ;
#148 = DIRECTION ( 'NONE',  ( 1.000000000000000000, 0.000000000000000000, 0.000000000000000000 ) ) ;
#149 = ADVANCED_FACE ( 'NONE', ( #660 ), #1402, .F. ) ;
#150 = VECTOR ( 'NONE', #446, 1000.000000000000000 ) ;
#151 = CARTESIAN_POINT ( 'NONE',  ( 626.3846423607654970, 801.4088751329409206, -1.100000000000000089 ) ) ;
#152 = ORIENTED_EDGE ( 'NONE', *, *, #824, .F. ) ;
#153 = VERTEX_POINT ( 'NONE', #783 ) ;
#154 = DIRECTION ( 'NONE',  ( -0.000000000000000000, -0.000000000000000000, 1.000000000000000000 ) ) ;
#155 = CARTESIAN_POINT ( 'NONE',  ( 608.6596423607654742, 839.2218673235711321, 2.000000000000000000 ) ) ;
#156 = LINE ( 'NONE', #880, #1291 ) ;
#157 = DIRECTION ( 'NONE',  ( 0.000000000000000000, 0.000000000000000000, 1.000000000000000000 ) ) ;
#158 = EDGE_LOOP ( 'NONE', ( #1599, #419 ) ) ;
#159 = VERTEX_POINT ( 'NONE', #1526 ) ;
#160 = DIRECTION ( 'NONE',  ( -0.000000000000000000, -0.000000000000000000, -1.000000000000000000 ) ) ;
#161 = FACE_OUTER_BOUND ( 'NONE', #655, .T. ) ;
#162 = DIRECTION ( 'NONE',  ( -1.000000000000000000, 0.000000000000000000, 0.000000000000000000 ) ) ;
#163 = CIRCLE ( 'NONE', #222, 1.499999999999945821 ) ;
#164 = PLANE ( 'NONE',  #1435 ) ;
#165 = ORIENTED_EDGE ( 'NONE', *, *, #457, .F. ) ;
#166 = ORIENTED_EDGE ( 'NONE', *, *, #973, .F. ) ;
#167 = AXIS2_PLACEMENT_3D ( 'NONE', #1348, #625, #1596 ) ;
#168 = CARTESIAN_POINT ( 'NONE',  ( 651.9346423607654515, 801.4088751329409206, 0.000000000000000000 ) ) ;
#169 = CARTESIAN_POINT ( 'NONE',  ( 662.6596423607655879, 834.2218673235711321, 2.000000000000000000 ) ) ;
#170 = EDGE_CURVE ( 'NONE', #577, #260, #1516, .T. ) ;
#171 = CARTESIAN_POINT ( 'NONE',  ( 625.4846423607655197, 825.2588751329409433, 1.800000000000000044 ) ) ;
#172 = DIRECTION ( 'NONE',  ( -0.000000000000000000, -0.000000000000000000, 1.000000000000000000 ) ) ;
#173 = CIRCLE ( 'NONE', #926, 0.9000000000000119016 ) ;
#174 = AXIS2_PLACEMENT_3D ( 'NONE', #949, #1416, #440 ) ;
#175 = ORIENTED_EDGE ( 'NONE', *, *, #1218, .F. ) ;
#176 = ORIENTED_EDGE ( 'NONE', *, *, #799, .T. ) ;
#177 = EDGE_CURVE ( 'NONE', #1462, #376, #40, .T. ) ;
#178 = LINE ( 'NONE', #1276, #1314 ) ;
#179 = DIRECTION ( 'NONE',  ( 0.000000000000000000, 0.000000000000000000, 1.000000000000000000 ) ) ;
#180 = DIRECTION ( 'NONE',  ( 0.000000000000000000, 0.000000000000000000, 1.000000000000000000 ) ) ;
#181 = CYLINDRICAL_SURFACE ( 'NONE', #1362, 0.9000000000000119016 ) ;
#182 = EDGE_CURVE ( 'NONE', #389, #111, #994, .T. ) ;
#183 = ORIENTED_EDGE ( 'NONE', *, *, #752, .T. ) ;
#184 = EDGE_CURVE ( 'NONE', #1130, #671, #1272, .T. ) ;
#185 = ORIENTED_EDGE ( 'NONE', *, *, #1451, .F. ) ;
#186 = EDGE_LOOP ( 'NONE', ( #2, #1171, #1606, #754 ) ) ;
#187 = DIRECTION ( 'NONE',  ( 1.000000000000000000, 0.000000000000000000, 0.000000000000000000 ) ) ;
#188 = CARTESIAN_POINT ( 'NONE',  ( 649.9346423607654515, 825.2588751329409433, -1.100000000000000089 ) ) ;
#189 = DIRECTION ( 'NONE',  ( -0.000000000000000000, -0.000000000000000000, 1.000000000000000000 ) ) ;
#190 = AXIS2_PLACEMENT_3D ( 'NONE', #1138, #20, #91 ) ;
#191 = AXIS2_PLACEMENT_3D ( 'NONE', #1345, #1353, #844 ) ;
#192 = ORIENTED_EDGE ( 'NONE', *, *, #1441, .T. ) ;
#193 = ORIENTED_EDGE ( 'NONE', *, *, #748, .F. ) ;
#194 = DIRECTION ( 'NONE',  ( 0.000000000000000000, 0.000000000000000000, -1.000000000000000000 ) ) ;
#195 = DIRECTION ( 'NONE',  ( -0.000000000000000000, -0.000000000000000000, 1.000000000000000000 ) ) ;
#196 = VECTOR ( 'NONE', #39, 1000.000000000000000 ) ;
#197 = CARTESIAN_POINT ( 'NONE',  ( 649.9346423607654515, 825.2588751329409433, -1.100000000000000089 ) ) ;
#198 = EDGE_CURVE ( 'NONE', #1163, #717, #156, .T. ) ;
#199 = AXIS2_PLACEMENT_3D ( 'NONE', #1392, #1261, #1015 ) ;
#200 = ORIENTED_EDGE ( 'NONE', *, *, #1265, .F. ) ;
#201 = DIRECTION ( 'NONE',  ( 0.000000000000000000, 0.000000000000000000, 1.000000000000000000 ) ) ;
#202 = VERTEX_POINT ( 'NONE', #1490 ) ;
#203 = EDGE_CURVE ( 'NONE', #127, #921, #1394, .T. ) ;
#204 = DIRECTION ( 'NONE',  ( 0.000000000000000000, 0.000000000000000000, 1.000000000000000000 ) ) ;
#205 = CYLINDRICAL_SURFACE ( 'NONE', #967, 10.00000000000000888 ) ;
#206 = DIRECTION ( 'NONE',  ( -1.000000000000000000, 0.000000000000000000, 0.000000000000000000 ) ) ;
#207 = CARTESIAN_POINT ( 'NONE',  ( 608.6596423607654742, 770.2218673235712458, 2.000000000000000000 ) ) ;
#208 = ORIENTED_EDGE ( 'NONE', *, *, #471, .T. ) ;
#209 = FACE_OUTER_BOUND ( 'NONE', #346, .T. ) ;
#210 = CARTESIAN_POINT ( 'NONE',  ( 615.1596423607654742, 770.2218673235712458, 2.000000000000000000 ) ) ;
#211 = DIRECTION ( 'NONE',  ( -1.000000000000000000, 0.000000000000000000, 0.000000000000000000 ) ) ;
#212 = EDGE_LOOP ( 'NONE', ( #275, #3, #1461, #1066 ) ) ;
#213 = ORIENTED_EDGE ( 'NONE', *, *, #177, .F. ) ;
#214 = DIRECTION ( 'NONE',  ( -0.000000000000000000, -0.000000000000000000, 1.000000000000000000 ) ) ;
#215 = FACE_BOUND ( 'NONE', #297, .T. ) ;
#216 = FACE_OUTER_BOUND ( 'NONE', #1340, .T. ) ;
#217 = EDGE_CURVE ( 'NONE', #1350, #338, #408, .T. ) ;
#218 = DIRECTION ( 'NONE',  ( -1.000000000000000000, 0.000000000000000000, -0.000000000000000000 ) ) ;
#219 = AXIS2_PLACEMENT_3D ( 'NONE', #975, #601, #247 ) ;
#220 = VECTOR ( 'NONE', #835, 1000.000000000000000 ) ;
#221 = ORIENTED_EDGE ( 'NONE', *, *, #1125, .F. ) ;
#222 = AXIS2_PLACEMENT_3D ( 'NONE', #1465, #353, #238 ) ;
#223 = EDGE_LOOP ( 'NONE', ( #325, #662, #809, #1406 ) ) ;
#224 = AXIS2_PLACEMENT_3D ( 'NONE', #74, #1437, #47 ) ;
#225 = ORIENTED_EDGE ( 'NONE', *, *, #395, .F. ) ;
#226 = DIRECTION ( 'NONE',  ( -1.000000000000000000, 0.000000000000000000, 0.000000000000000000 ) ) ;
#227 = DIRECTION ( 'NONE',  ( -0.000000000000000000, -0.000000000000000000, 1.000000000000000000 ) ) ;
#228 = DIRECTION ( 'NONE',  ( 0.000000000000000000, 0.000000000000000000, 1.000000000000000000 ) ) ;
#229 = CARTESIAN_POINT ( 'NONE',  ( 626.3846423607654970, 801.4088751329409206, -1.100000000000000089 ) ) ;
#230 = EDGE_CURVE ( 'NONE', #1222, #1484, #767, .T. ) ;
#231 = EDGE_CURVE ( 'NONE', #159, #858, #1263, .T. ) ;
#232 = EDGE_LOOP ( 'NONE', ( #934, #779, #1194, #1503 ) ) ;
#233 = ADVANCED_FACE ( 'NONE', ( #25 ), #281, .T. ) ;
#234 = ORIENTED_EDGE ( 'NONE', *, *, #437, .F. ) ;
#235 = ORIENTED_EDGE ( 'NONE', *, *, #59, .F. ) ;
#236 = DIRECTION ( 'NONE',  ( 0.000000000000000000, 0.000000000000000000, 1.000000000000000000 ) ) ;
#237 = CARTESIAN_POINT ( 'NONE',  ( 625.8096423607656789, 809.4588751329409888, 0.000000000000000000 ) ) ;
#238 = DIRECTION ( 'NONE',  ( 1.000000000000000000, 0.000000000000000000, 0.000000000000000000 ) ) ;
#239 = CARTESIAN_POINT ( 'NONE',  ( 649.9346423607654515, 801.4088751329409206, -1.100000000000000089 ) ) ;
#240 = DIRECTION ( 'NONE',  ( 0.000000000000000000, 0.000000000000000000, 1.000000000000000000 ) ) ;
#241 = ORIENTED_EDGE ( 'NONE', *, *, #426, .F. ) ;
#242 = AXIS2_PLACEMENT_3D ( 'NONE', #401, #27, #524 ) ;
#243 = VERTEX_POINT ( 'NONE', #1438 ) ;
#244 = APPLICATION_PROTOCOL_DEFINITION ( 'draft international standard', 'automotive_design', 1998, #621 ) ;
#245 = CARTESIAN_POINT ( 'NONE',  ( 649.9596423607656561, 784.7218673235711321, 0.000000000000000000 ) ) ;
#246 = FACE_OUTER_BOUND ( 'NONE', #477, .T. ) ;
#247 = DIRECTION ( 'NONE',  ( 0.000000000000000000, -0.000000000000000000, -1.000000000000000000 ) ) ;
#248 = EDGE_CURVE ( 'NONE', #1574, #159, #253, .T. ) ;
#249 = ADVANCED_FACE ( 'NONE', ( #910 ), #559, .F. ) ;
#250 = AXIS2_PLACEMENT_3D ( 'NONE', #99, #984, #966 ) ;
#251 = DIRECTION ( 'NONE',  ( -1.000000000000000000, 0.000000000000000000, 0.000000000000000000 ) ) ;
#252 = ORIENTED_EDGE ( 'NONE', *, *, #1170, .T. ) ;
#253 = CIRCLE ( 'NONE', #93, 5.000000000000004441 ) ;
#254 = VERTEX_POINT ( 'NONE', #1410 ) ;
#255 = PRODUCT_CONTEXT ( 'NONE', #621, 'mechanical' ) ;
#256 = CARTESIAN_POINT ( 'NONE',  ( 618.6596423607655879, 839.2218673235711321, 2.000000000000000000 ) ) ;
#257 = FACE_OUTER_BOUND ( 'NONE', #1258, .T. ) ;
#258 = DIRECTION ( 'NONE',  ( 0.000000000000000000, 0.000000000000000000, -1.000000000000000000 ) ) ;
#259 = CIRCLE ( 'NONE', #1575, 0.9000000000000119016 ) ;
#260 = VERTEX_POINT ( 'NONE', #328 ) ;
#261 = EDGE_CURVE ( 'NONE', #569, #1478, #1162, .T. ) ;
#262 = ORIENTED_EDGE ( 'NONE', *, *, #573, .T. ) ;
#263 = CARTESIAN_POINT ( 'NONE',  ( 627.2846423607655879, 825.2588751329409433, 1.800000000000000044 ) ) ;
#264 = DIRECTION ( 'NONE',  ( -1.000000000000000000, 0.000000000000000000, 0.000000000000000000 ) ) ;
#265 = CARTESIAN_POINT ( 'NONE',  ( 649.9596423607656561, 784.7218673235711321, -1.100999999999999979 ) ) ;
#266 = VERTEX_POINT ( 'NONE', #1041 ) ;
#267 = EDGE_LOOP ( 'NONE', ( #1535, #736, #718, #1154 ) ) ;
#268 = VECTOR ( 'NONE', #172, 1000.000000000000000 ) ;
#269 = DIRECTION ( 'NONE',  ( 0.000000000000000000, -0.000000000000000000, 1.000000000000000000 ) ) ;
#270 = VECTOR ( 'NONE', #1062, 1000.000000000000000 ) ;
#271 = DIRECTION ( 'NONE',  ( 0.000000000000000000, 0.000000000000000000, -1.000000000000000000 ) ) ;
#272 = CARTESIAN_POINT ( 'NONE',  ( 648.1596423607654742, 839.2218673235711321, 0.000000000000000000 ) ) ;
#273 = CARTESIAN_POINT ( 'NONE',  ( 613.6596423607655879, 770.2218673235712458, 0.000000000000000000 ) ) ;
#274 = CIRCLE ( 'NONE', #741, 2.000000000000001776 ) ;
#275 = ORIENTED_EDGE ( 'NONE', *, *, #1384, .T. ) ;
#276 = ORIENTED_EDGE ( 'NONE', *, *, #296, .F. ) ;
#277 = CIRCLE ( 'NONE', #639, 0.9000000000000119016 ) ;
#278 = DIRECTION ( 'NONE',  ( -1.000000000000000000, 0.000000000000000000, -0.000000000000000000 ) ) ;
#279 = MECHANICAL_DESIGN_GEOMETRIC_PRESENTATION_REPRESENTATION (  '', ( #487 ), #1601 ) ;
#280 = CARTESIAN_POINT ( 'NONE',  ( 615.1596423607654742, 770.2218673235712458, 0.000000000000000000 ) ) ;
#281 = CYLINDRICAL_SURFACE ( 'NONE', #511, 5.000000000000004441 ) ;
#282 = DIRECTION ( 'NONE',  ( 1.000000000000000000, 0.000000000000000000, 0.000000000000000000 ) ) ;
#283 = VERTEX_POINT ( 'NONE', #1198 ) ;
#284 = ORIENTED_EDGE ( 'NONE', *, *, #50, .T. ) ;
#285 = CARTESIAN_POINT ( 'NONE',  ( 650.5096423607654970, 822.9588751329409888, 0.000000000000000000 ) ) ;
#286 = DIRECTION ( 'NONE',  ( -0.000000000000000000, -0.000000000000000000, -1.000000000000000000 ) ) ;
#287 = DIRECTION ( 'NONE',  ( 0.000000000000000000, 0.000000000000000000, -1.000000000000000000 ) ) ;
#288 = VERTEX_POINT ( 'NONE', #1297 ) ;
#289 = ADVANCED_FACE ( 'NONE', ( #929 ), #1303, .T. ) ;
#290 = ORIENTED_EDGE ( 'NONE', *, *, #1277, .T. ) ;
#291 = LINE ( 'NONE', #787, #896 ) ;
#292 = EDGE_CURVE ( 'NONE', #997, #61, #1183, .T. ) ;
#293 = DIRECTION ( 'NONE',  ( 0.000000000000000000, 0.000000000000000000, -1.000000000000000000 ) ) ;
#294 = CARTESIAN_POINT ( 'NONE',  ( 649.9346423607654515, 825.2588751329409433, 0.000000000000000000 ) ) ;
#295 = DIRECTION ( 'NONE',  ( 0.000000000000000000, -0.000000000000000000, -1.000000000000000000 ) ) ;
#296 = EDGE_CURVE ( 'NONE', #288, #901, #1546, .T. ) ;
#297 = EDGE_LOOP ( 'NONE', ( #1129, #262 ) ) ;
#298 = ORIENTED_EDGE ( 'NONE', *, *, #588, .F. ) ;
#299 = CIRCLE ( 'NONE', #508, 1.800000000000023803 ) ;
#300 = EDGE_CURVE ( 'NONE', #283, #1484, #348, .T. ) ;
#301 = EDGE_CURVE ( 'NONE', #614, #576, #553, .T. ) ;
#302 = LINE ( 'NONE', #285, #819 ) ;
#303 = DIRECTION ( 'NONE',  ( 0.000000000000000000, 0.000000000000000000, 1.000000000000000000 ) ) ;
#304 = DIRECTION ( 'NONE',  ( -1.000000000000000000, 0.000000000000000000, 0.000000000000000000 ) ) ;
#305 = CIRCLE ( 'NONE', #1136, 5.000000000000004441 ) ;
#306 = AXIS2_PLACEMENT_3D ( 'NONE', #1135, #516, #386 ) ;
#307 = CARTESIAN_POINT ( 'NONE',  ( 618.6596423607655879, 770.2218673235712458, 2.000000000000000000 ) ) ;
#308 = EDGE_CURVE ( 'NONE', #1520, #1567, #763, .T. ) ;
#309 = VECTOR ( 'NONE', #1254, 1000.000000000000000 ) ;
#310 = ORIENTED_EDGE ( 'NONE', *, *, #613, .T. ) ;
#311 = ORIENTED_EDGE ( 'NONE', *, *, #1521, .T. ) ;
#312 = VERTEX_POINT ( 'NONE', #322 ) ;
#313 = ADVANCED_FACE ( 'NONE', ( #815 ), #1311, .F. ) ;
#314 = DIRECTION ( 'NONE',  ( 1.000000000000000000, 8.223874256482668095E-15, 0.000000000000000000 ) ) ;
#315 = DIRECTION ( 'NONE',  ( -0.000000000000000000, -0.000000000000000000, -1.000000000000000000 ) ) ;
#316 = DIRECTION ( 'NONE',  ( 1.000000000000000000, 0.000000000000000000, 0.000000000000000000 ) ) ;
#317 = EDGE_LOOP ( 'NONE', ( #1173, #326, #842, #152 ) ) ;
#318 = VERTEX_POINT ( 'NONE', #1539 ) ;
#319 = ORIENTED_EDGE ( 'NONE', *, *, #1387, .T. ) ;
#320 = ADVANCED_FACE ( 'NONE', ( #1069 ), #552, .T. ) ;
#321 = CARTESIAN_POINT ( 'NONE',  ( 626.3846423607654970, 825.2588751329409433, -1.100000000000000089 ) ) ;
#322 = CARTESIAN_POINT ( 'NONE',  ( 648.1596423607654742, 839.2218673235711321, 2.000000000000000000 ) ) ;
#323 = CARTESIAN_POINT ( 'NONE',  ( 662.6596423607655879, 775.2218673235712458, 2.000000000000000000 ) ) ;
#324 = AXIS2_PLACEMENT_3D ( 'NONE', #711, #853, #481 ) ;
#325 = ORIENTED_EDGE ( 'NONE', *, *, #825, .F. ) ;
#326 = ORIENTED_EDGE ( 'NONE', *, *, #872, .T. ) ;
#327 = DIRECTION ( 'NONE',  ( 0.000000000000000000, 0.000000000000000000, 1.000000000000000000 ) ) ;
#328 = CARTESIAN_POINT ( 'NONE',  ( 664.1596423607654742, 839.2218673235711321, 0.000000000000000000 ) ) ;
#329 = CIRCLE ( 'NONE', #635, 2.000000000000001776 ) ;
#330 = FACE_OUTER_BOUND ( 'NONE', #1238, .T. ) ;
#331 = AXIS2_PLACEMENT_3D ( 'NONE', #854, #82, #1603 ) ;
#332 = FACE_BOUND ( 'NONE', #503, .T. ) ;
#333 = EDGE_LOOP ( 'NONE', ( #1006, #865, #1087, #1300, #102, #1096, #663, #466, #1122, #1146, #803, #1306 ) ) ;
#334 = CARTESIAN_POINT ( 'NONE',  ( 662.6596423607655879, 839.2218673235711321, 2.000000000000000000 ) ) ;
#335 = CYLINDRICAL_SURFACE ( 'NONE', #551, 2.000000000000001776 ) ;
#336 = CYLINDRICAL_SURFACE ( 'NONE', #1342, 0.9000000000000119016 ) ;
#337 = LINE ( 'NONE', #1459, #724 ) ;
#338 = VERTEX_POINT ( 'NONE', #171 ) ;
#339 = ADVANCED_FACE ( 'NONE', ( #545 ), #205, .T. ) ;
#340 = FACE_BOUND ( 'NONE', #1607, .T. ) ;
#341 = FACE_BOUND ( 'NONE', #479, .T. ) ;
#342 = DIRECTION ( 'NONE',  ( -0.000000000000000000, -0.000000000000000000, 1.000000000000000000 ) ) ;
#343 = DIRECTION ( 'NONE',  ( 0.000000000000000000, -1.000000000000000000, 0.000000000000000000 ) ) ;
#344 = AXIS2_PLACEMENT_3D ( 'NONE', #273, #393, #638 ) ;
#345 = CARTESIAN_POINT ( 'NONE',  ( 613.6596423607655879, 839.2218673235711321, 2.000000000000000000 ) ) ;
#346 = EDGE_LOOP ( 'NONE', ( #1057, #1252 ) ) ;
#347 = ADVANCED_FACE ( 'NONE', ( #1426 ), #1533, .T. ) ;
#348 = CIRCLE ( 'NONE', #629, 1.499999999999945821 ) ;
#349 = ORIENTED_EDGE ( 'NONE', *, *, #825, .T. ) ;
#350 = LINE ( 'NONE', #579, #11 ) ;
#351 = CARTESIAN_POINT ( 'NONE',  ( 626.3846423607654970, 801.4088751329409206, -1.100000000000000089 ) ) ;
#352 = ADVANCED_FACE ( 'NONE', ( #668 ), #800, .T. ) ;
#353 = DIRECTION ( 'NONE',  ( 0.000000000000000000, 0.000000000000000000, 1.000000000000000000 ) ) ;
#354 = PLANE ( 'NONE',  #219 ) ;
#355 = CIRCLE ( 'NONE', #250, 2.000000000000001776 ) ;
#356 = EDGE_CURVE ( 'NONE', #997, #22, #605, .T. ) ;
#357 = DIRECTION ( 'NONE',  ( 1.000000000000000000, 0.000000000000000000, 0.000000000000000000 ) ) ;
#358 = AXIS2_PLACEMENT_3D ( 'NONE', #1248, #23, #278 ) ;
#359 = ORIENTED_EDGE ( 'NONE', *, *, #1504, .F. ) ;
#360 = CIRCLE ( 'NONE', #1423, 0.9000000000000119016 ) ;
#361 = VERTEX_POINT ( 'NONE', #720 ) ;
#362 = CYLINDRICAL_SURFACE ( 'NONE', #1386, 0.9000000000000119016 ) ;
#363 = DIRECTION ( 'NONE',  ( 0.000000000000000000, 0.000000000000000000, -1.000000000000000000 ) ) ;
#364 = CARTESIAN_POINT ( 'NONE',  ( 625.8096423607656789, 809.4588751329409888, 0.000000000000000000 ) ) ;
#365 = CARTESIAN_POINT ( 'NONE',  ( 612.1596423607655879, 770.2218673235712458, 0.000000000000000000 ) ) ;
#366 = UNCERTAINTY_MEASURE_WITH_UNIT (LENGTH_MEASURE( 1.000000000000000082E-05 ), #1099, 'distance_accuracy_value', 'NONE');
#367 = ORIENTED_EDGE ( 'NONE', *, *, #1221, .F. ) ;
#368 = ORIENTED_EDGE ( 'NONE', *, *, #777, .T. ) ;
#369 = CARTESIAN_POINT ( 'NONE',  ( 648.1596423607655879, 784.7218673235711321, 0.000000000000000000 ) ) ;
#370 = LINE ( 'NONE', #210, #1181 ) ;
#371 = ADVANCED_FACE ( 'NONE', ( #1594 ), #362, .F. ) ;
#372 = EDGE_CURVE ( 'NONE', #361, #1274, #370, .T. ) ;
#373 = DIRECTION ( 'NONE',  ( 0.000000000000000000, 0.000000000000000000, 1.000000000000000000 ) ) ;
#374 = DIRECTION ( 'NONE',  ( 0.000000000000000000, 0.000000000000000000, -1.000000000000000000 ) ) ;
#375 = ORIENTED_EDGE ( 'NONE', *, *, #1506, .T. ) ;
#376 = VERTEX_POINT ( 'NONE', #706 ) ;
#377 = LINE ( 'NONE', #1479, #666 ) ;
#378 = CARTESIAN_POINT ( 'NONE',  ( 626.3846423607654970, 801.4088751329409206, -1.100000000000000089 ) ) ;
#379 = DIRECTION ( 'NONE',  ( 1.000000000000000000, 0.000000000000000000, 0.000000000000000000 ) ) ;
#380 = CARTESIAN_POINT ( 'NONE',  ( 612.1596423607655879, 839.2218673235711321, 2.000000000000000000 ) ) ;
#381 = ORIENTED_EDGE ( 'NONE', *, *, #19, .T. ) ;
#382 = VECTOR ( 'NONE', #530, 1000.000000000000000 ) ;
#383 = ORIENTED_EDGE ( 'NONE', *, *, #1218, .T. ) ;
#384 = DIRECTION ( 'NONE',  ( -1.000000000000000000, 0.000000000000000000, -0.000000000000000000 ) ) ;
#385 = CARTESIAN_POINT ( 'NONE',  ( 649.0346423607654742, 801.4088751329409206, 1.800000000000000044 ) ) ;
#386 = DIRECTION ( 'NONE',  ( -1.000000000000000000, 0.000000000000000000, 0.000000000000000000 ) ) ;
#387 = SHAPE_DEFINITION_REPRESENTATION ( #1148, #755 ) ;
#388 = EDGE_LOOP ( 'NONE', ( #1452, #409 ) ) ;
#389 = VERTEX_POINT ( 'NONE', #245 ) ;
#390 = FACE_OUTER_BOUND ( 'NONE', #961, .T. ) ;
#391 = DIRECTION ( 'NONE',  ( 0.000000000000000000, 0.000000000000000000, 1.000000000000000000 ) ) ;
#392 = CARTESIAN_POINT ( 'NONE',  ( 625.4846423607655197, 825.2588751329409433, -1.100000000000000089 ) ) ;
#393 = DIRECTION ( 'NONE',  ( 0.000000000000000000, 0.000000000000000000, 1.000000000000000000 ) ) ;
#394 = ORIENTED_EDGE ( 'NONE', *, *, #217, .F. ) ;
#395 = EDGE_CURVE ( 'NONE', #1536, #542, #1105, .T. ) ;
#396 = VERTEX_POINT ( 'NONE', #608 ) ;
#397 = AXIS2_PLACEMENT_3D ( 'NONE', #151, #1397, #282 ) ;
#398 = DIRECTION ( 'NONE',  ( -1.000000000000000000, 0.000000000000000000, 0.000000000000000000 ) ) ;
#399 = DIRECTION ( 'NONE',  ( -1.000000000000000000, 0.000000000000000000, 0.000000000000000000 ) ) ;
#400 = DIRECTION ( 'NONE',  ( 0.000000000000000000, 0.000000000000000000, -1.000000000000000000 ) ) ;
#401 = CARTESIAN_POINT ( 'NONE',  ( 657.6596423607655879, 770.2218673235712458, 2.000000000000000000 ) ) ;
#402 = AXIS2_PLACEMENT_3D ( 'NONE', #502, #861, #610 ) ;
#403 = ORIENTED_EDGE ( 'NONE', *, *, #687, .F. ) ;
#404 = ORIENTED_EDGE ( 'NONE', *, *, #777, .F. ) ;
#405 = AXIS2_PLACEMENT_3D ( 'NONE', #1487, #617, #269 ) ;
#406 = DIRECTION ( 'NONE',  ( -0.000000000000000000, -0.000000000000000000, -1.000000000000000000 ) ) ;
#407 = CYLINDRICAL_SURFACE ( 'NONE', #1501, 1.499999999999945821 ) ;
#408 = LINE ( 'NONE', #392, #1421 ) ;
#409 = ORIENTED_EDGE ( 'NONE', *, *, #86, .F. ) ;
#410 = ORIENTED_EDGE ( 'NONE', *, *, #701, .F. ) ;
#411 = CYLINDRICAL_SURFACE ( 'NONE', #69, 1.499999999999945821 ) ;
#412 = DIRECTION ( 'NONE',  ( -1.000000000000000000, -0.000000000000000000, -0.000000000000000000 ) ) ;
#413 = DIRECTION ( 'NONE',  ( -1.000000000000000000, 0.000000000000000000, 0.000000000000000000 ) ) ;
#414 = EDGE_CURVE ( 'NONE', #1478, #569, #1591, .T. ) ;
#415 = EDGE_CURVE ( 'NONE', #376, #1064, #1456, .T. ) ;
#416 = FACE_OUTER_BOUND ( 'NONE', #1283, .T. ) ;
#417 = ORIENTED_EDGE ( 'NONE', *, *, #535, .F. ) ;
#418 = VECTOR ( 'NONE', #1026, 1000.000000000000000 ) ;
#419 = ORIENTED_EDGE ( 'NONE', *, *, #799, .F. ) ;
#420 = ORIENTED_EDGE ( 'NONE', *, *, #687, .T. ) ;
#421 = CARTESIAN_POINT ( 'NONE',  ( 618.6596423607655879, 839.2218673235711321, 2.000000000000000000 ) ) ;
#422 = CARTESIAN_POINT ( 'NONE',  ( 662.6596423607655879, 839.2218673235711321, 2.000000000000000000 ) ) ;
#423 = DIRECTION ( 'NONE',  ( -1.000000000000000000, 0.000000000000000000, 0.000000000000000000 ) ) ;
#424 = CARTESIAN_POINT ( 'NONE',  ( 649.9346423607654515, 801.4088751329409206, 0.000000000000000000 ) ) ;
#425 = ORIENTED_EDGE ( 'NONE', *, *, #1170, .F. ) ;
#426 = EDGE_CURVE ( 'NONE', #1274, #52, #681, .T. ) ;
#427 = ORIENTED_EDGE ( 'NONE', *, *, #1454, .T. ) ;
#428 = EDGE_LOOP ( 'NONE', ( #108, #192, #812, #1390 ) ) ;
#429 = AXIS2_PLACEMENT_3D ( 'NONE', #1498, #271, #766 ) ;
#430 = CIRCLE ( 'NONE', #845, 2.000000000000001776 ) ;
#431 = CARTESIAN_POINT ( 'NONE',  ( 625.4846423607655197, 825.2588751329409433, -1.100000000000000089 ) ) ;
#432 = DIRECTION ( 'NONE',  ( -0.000000000000000000, -0.000000000000000000, -1.000000000000000000 ) ) ;
#433 = AXIS2_PLACEMENT_3D ( 'NONE', #514, #521, #1375 ) ;
#434 = DIRECTION ( 'NONE',  ( 1.000000000000000000, 0.000000000000000000, 0.000000000000000000 ) ) ;
#435 = AXIS2_PLACEMENT_3D ( 'NONE', #989, #112, #1241 ) ;
#436 = ORIENTED_EDGE ( 'NONE', *, *, #372, .F. ) ;
#437 = EDGE_CURVE ( 'NONE', #1220, #1139, #972, .T. ) ;
#438 = EDGE_LOOP ( 'NONE', ( #185, #21, #79, #78 ) ) ;
#439 = ORIENTED_EDGE ( 'NONE', *, *, #575, .T. ) ;
#440 = DIRECTION ( 'NONE',  ( 1.000000000000000000, 0.000000000000000000, 0.000000000000000000 ) ) ;
#441 = DIRECTION ( 'NONE',  ( 0.000000000000000000, 0.000000000000000000, -1.000000000000000000 ) ) ;
#442 = DIRECTION ( 'NONE',  ( -0.000000000000000000, 1.000000000000000000, -0.000000000000000000 ) ) ;
#443 = FACE_BOUND ( 'NONE', #1305, .T. ) ;
#444 = ORIENTED_EDGE ( 'NONE', *, *, #758, .T. ) ;
#445 = AXIS2_PLACEMENT_3D ( 'NONE', #1428, #811, #826 ) ;
#446 = DIRECTION ( 'NONE',  ( -0.000000000000000000, -0.000000000000000000, -1.000000000000000000 ) ) ;
#447 = DIRECTION ( 'NONE',  ( -1.000000000000000000, 0.000000000000000000, 0.000000000000000000 ) ) ;
#448 = DIRECTION ( 'NONE',  ( -1.000000000000000000, 0.000000000000000000, 0.000000000000000000 ) ) ;
#449 = CIRCLE ( 'NONE', #862, 5.000000000000004441 ) ;
#450 = PLANE ( 'NONE',  #935 ) ;
#451 = VERTEX_POINT ( 'NONE', #836 ) ;
#452 = DIRECTION ( 'NONE',  ( -0.000000000000000000, -0.000000000000000000, -1.000000000000000000 ) ) ;
#453 = CARTESIAN_POINT ( 'NONE',  ( 649.9346423607654515, 801.4088751329409206, -1.100000000000000089 ) ) ;
#454 = CIRCLE ( 'NONE', #557, 2.000000000000001776 ) ;
#455 = DIRECTION ( 'NONE',  ( 0.000000000000000000, 0.000000000000000000, -1.000000000000000000 ) ) ;
#456 = AXIS2_PLACEMENT_3D ( 'NONE', #622, #747, #1367 ) ;
#457 = EDGE_CURVE ( 'NONE', #940, #283, #1578, .T. ) ;
#458 = ORIENTED_EDGE ( 'NONE', *, *, #1469, .T. ) ;
#459 = ORIENTED_EDGE ( 'NONE', *, *, #107, .F. ) ;
#460 = LINE ( 'NONE', #480, #220 ) ;
#461 = FACE_BOUND ( 'NONE', #1229, .T. ) ;
#462 = CARTESIAN_POINT ( 'NONE',  ( 649.9346423607654515, 801.4088751329409206, -1.100000000000000089 ) ) ;
#463 = CYLINDRICAL_SURFACE ( 'NONE', #948, 1.499999999999945821 ) ;
#464 = EDGE_CURVE ( 'NONE', #1139, #607, #1213, .T. ) ;
#465 = ORIENTED_EDGE ( 'NONE', *, *, #683, .T. ) ;
#466 = ORIENTED_EDGE ( 'NONE', *, *, #637, .T. ) ;
#467 = ADVANCED_FACE ( 'NONE', ( #341, #729, #1231, #113, #97, #1109, #1448, #1223, #738, #493, #215 ), #1570, .F. ) ;
#468 = VERTEX_POINT ( 'NONE', #591 ) ;
#469 = CYLINDRICAL_SURFACE ( 'NONE', #585, 2.000000000000001776 ) ;
#470 = CARTESIAN_POINT ( 'NONE',  ( 649.9346423607654515, 825.2588751329409433, 1.800000000000000044 ) ) ;
#471 = EDGE_CURVE ( 'NONE', #338, #939, #474, .T. ) ;
#472 = CARTESIAN_POINT ( 'NONE',  ( 657.6596423607655879, 770.2218673235712458, 0.000000000000000000 ) ) ;
#473 = FACE_OUTER_BOUND ( 'NONE', #1030, .T. ) ;
#474 = CIRCLE ( 'NONE', #965, 0.9000000000000119016 ) ;
#475 = DIRECTION ( 'NONE',  ( 0.000000000000000000, 0.000000000000000000, 1.000000000000000000 ) ) ;
#476 = ADVANCED_FACE ( 'NONE', ( #950 ), #335, .T. ) ;
#477 = EDGE_LOOP ( 'NONE', ( #563, #208 ) ) ;
#478 = AXIS2_PLACEMENT_3D ( 'NONE', #1168, #48, #1100 ) ;
#479 = EDGE_LOOP ( 'NONE', ( #922, #1552 ) ) ;
#480 = CARTESIAN_POINT ( 'NONE',  ( 627.2846423607655879, 825.2588751329409433, -1.100000000000000089 ) ) ;
#481 = DIRECTION ( 'NONE',  ( -1.000000000000000000, 0.000000000000000000, 0.000000000000000000 ) ) ;
#482 = DIRECTION ( 'NONE',  ( 1.000000000000000000, 0.000000000000000000, 0.000000000000000000 ) ) ;
#483 = CARTESIAN_POINT ( 'NONE',  ( 626.3846423607654970, 801.4088751329409206, 1.800000000000000044 ) ) ;
#484 = AXIS2_PLACEMENT_3D ( 'NONE', #139, #6, #31 ) ;
#485 = DIRECTION ( 'NONE',  ( 0.000000000000000000, 0.000000000000000000, 1.000000000000000000 ) ) ;
#486 = AXIS2_PLACEMENT_3D ( 'NONE', #1514, #1243, #5 ) ;
#487 = STYLED_ITEM ( 'NONE', ( #1605 ), #63 ) ;
#488 = ADVANCED_FACE ( 'NONE', ( #88, #461 ), #1388, .T. ) ;
#489 = EDGE_CURVE ( 'NONE', #606, #678, #657, .T. ) ;
#490 = ORIENTED_EDGE ( 'NONE', *, *, #978, .F. ) ;
#491 = EDGE_LOOP ( 'NONE', ( #368, #1592, #1443, #425 ) ) ;
#492 = CARTESIAN_POINT ( 'NONE',  ( 647.9346423607654515, 801.4088751329409206, -1.100000000000000089 ) ) ;
#493 = FACE_BOUND ( 'NONE', #1492, .T. ) ;
#494 = FACE_BOUND ( 'NONE', #158, .T. ) ;
#495 = FACE_OUTER_BOUND ( 'NONE', #212, .T. ) ;
#496 = APPLICATION_PROTOCOL_DEFINITION ( 'draft international standard', 'automotive_design', 1998, #1073 ) ;
#497 =( NAMED_UNIT ( * ) SI_UNIT ( $, .STERADIAN. ) SOLID_ANGLE_UNIT ( ) );
#498 = ORIENTED_EDGE ( 'NONE', *, *, #1046, .F. ) ;
#499 = ORIENTED_EDGE ( 'NONE', *, *, #1236, .F. ) ;
#500 = LINE ( 'NONE', #867, #1005 ) ;
#501 = CARTESIAN_POINT ( 'NONE',  ( 657.6596423607655879, 770.2218673235712458, 2.000000000000000000 ) ) ;
#502 = CARTESIAN_POINT ( 'NONE',  ( 648.1596423607655879, 784.7218673235711321, -1.100999999999999979 ) ) ;
#503 = EDGE_LOOP ( 'NONE', ( #490, #1228 ) ) ;
#504 = ORIENTED_EDGE ( 'NONE', *, *, #637, .F. ) ;
#505 = CARTESIAN_POINT ( 'NONE',  ( 647.9346423607654515, 825.2588751329409433, -1.100000000000000089 ) ) ;
#506 = CARTESIAN_POINT ( 'NONE',  ( 657.6596423607655879, 770.2218673235712458, 2.000000000000000000 ) ) ;
#507 = DIRECTION ( 'NONE',  ( -0.000000000000000000, -0.000000000000000000, -1.000000000000000000 ) ) ;
#508 = AXIS2_PLACEMENT_3D ( 'NONE', #369, #955, #1584 ) ;
#509 = ADVANCED_FACE ( 'NONE', ( #888 ), #1266, .F. ) ;
#510 = ORIENTED_EDGE ( 'NONE', *, *, #86, .T. ) ;
#511 = AXIS2_PLACEMENT_3D ( 'NONE', #523, #652, #32 ) ;
#512 = EDGE_LOOP ( 'NONE', ( #630, #1512, #1007, #641, #562, #44, #1485, #35, #1284, #780, #1590, #101 ) ) ;
#513 = VECTOR ( 'NONE', #550, 1000.000000000000000 ) ;
#514 = CARTESIAN_POINT ( 'NONE',  ( 626.3846423607654970, 825.2588751329409433, -1.100000000000000089 ) ) ;
#515 = CARTESIAN_POINT ( 'NONE',  ( 627.2846423607655879, 801.4088751329409206, -1.100000000000000089 ) ) ;
#516 = DIRECTION ( 'NONE',  ( 0.000000000000000000, 0.000000000000000000, -1.000000000000000000 ) ) ;
#517 = DIRECTION ( 'NONE',  ( 0.000000000000000000, 0.000000000000000000, -1.000000000000000000 ) ) ;
#518 = ORIENTED_EDGE ( 'NONE', *, *, #919, .F. ) ;
#520 = ADVANCED_FACE ( 'NONE', ( #1518 ), #1145, .F. ) ;
#519 = ORIENTED_EDGE ( 'NONE', *, *, #1460, .F. ) ;
#521 = DIRECTION ( 'NONE',  ( -0.000000000000000000, -0.000000000000000000, 1.000000000000000000 ) ) ;
#522 = CARTESIAN_POINT ( 'NONE',  ( 649.9346423607654515, 825.2588751329409433, -1.100000000000000089 ) ) ;
#523 = CARTESIAN_POINT ( 'NONE',  ( 662.6596423607655879, 770.2218673235712458, 2.000000000000000000 ) ) ;
#524 = DIRECTION ( 'NONE',  ( 0.000000000000000000, 0.000000000000000000, 1.000000000000000000 ) ) ;
#525 = ORIENTED_EDGE ( 'NONE', *, *, #125, .T. ) ;
#526 = ORIENTED_EDGE ( 'NONE', *, *, #1046, .T. ) ;
#527 = CIRCLE ( 'NONE', #1385, 1.499999999999945821 ) ;
#528 = CARTESIAN_POINT ( 'NONE',  ( 650.5096423607654970, 822.9588751329409888, 2.000000000000000000 ) ) ;
#529 = DIRECTION ( 'NONE',  ( -0.000000000000000000, -0.000000000000000000, -1.000000000000000000 ) ) ;
#530 = DIRECTION ( 'NONE',  ( -0.000000000000000000, -0.000000000000000000, -1.000000000000000000 ) ) ;
#531 = CARTESIAN_POINT ( 'NONE',  ( 650.5096423607656106, 809.4588751329409888, 0.000000000000000000 ) ) ;
#532 = CIRCLE ( 'NONE', #1337, 5.000000000000004441 ) ;
#533 = ORIENTED_EDGE ( 'NONE', *, *, #701, .T. ) ;
#534 = ORIENTED_EDGE ( 'NONE', *, *, #203, .T. ) ;
#535 = EDGE_CURVE ( 'NONE', #1227, #1359, #761, .T. ) ;
#536 = VECTOR ( 'NONE', #342, 1000.000000000000000 ) ;
#537 = FACE_OUTER_BOUND ( 'NONE', #906, .T. ) ;
#538 = CARTESIAN_POINT ( 'NONE',  ( 625.8096423607656789, 809.4588751329409888, 0.000000000000000000 ) ) ;
#539 = DIRECTION ( 'NONE',  ( -0.000000000000000000, -0.000000000000000000, -1.000000000000000000 ) ) ;
#540 = DIRECTION ( 'NONE',  ( 8.223874256482668095E-15, -1.000000000000000000, 0.000000000000000000 ) ) ;
#541 = ORIENTED_EDGE ( 'NONE', *, *, #464, .T. ) ;
#542 = VERTEX_POINT ( 'NONE', #654 ) ;
#543 = DIRECTION ( 'NONE',  ( -1.000000000000000000, 0.000000000000000000, 0.000000000000000000 ) ) ;
#544 = DIRECTION ( 'NONE',  ( -0.000000000000000000, -0.000000000000000000, 1.000000000000000000 ) ) ;
#545 = FACE_OUTER_BOUND ( 'NONE', #914, .T. ) ;
#546 = CARTESIAN_POINT ( 'NONE',  ( 651.9346423607654515, 825.2588751329409433, 0.000000000000000000 ) ) ;
#547 = ORIENTED_EDGE ( 'NONE', *, *, #126, .F. ) ;
#548 = ORIENTED_EDGE ( 'NONE', *, *, #1322, .F. ) ;
#549 = VERTEX_POINT ( 'NONE', #121 ) ;
#550 = DIRECTION ( 'NONE',  ( -8.223874256482668095E-15, 1.000000000000000000, -0.000000000000000000 ) ) ;
#551 = AXIS2_PLACEMENT_3D ( 'NONE', #351, #227, #829 ) ;
#552 = CYLINDRICAL_SURFACE ( 'NONE', #890, 5.000000000000004441 ) ;
#553 = CIRCLE ( 'NONE', #684, 2.000000000000001776 ) ;
#554 = DIRECTION ( 'NONE',  ( 1.000000000000000000, 0.000000000000000000, 0.000000000000000000 ) ) ;
#555 = ORIENTED_EDGE ( 'NONE', *, *, #231, .T. ) ;
#556 = VERTEX_POINT ( 'NONE', #1020 ) ;
#557 = AXIS2_PLACEMENT_3D ( 'NONE', #1151, #1409, #264 ) ;
#558 = PLANE ( 'NONE',  #643 ) ;
#559 = CYLINDRICAL_SURFACE ( 'NONE', #1214, 1.499999999999945821 ) ;
#560 = AXIS2_PLACEMENT_3D ( 'NONE', #1215, #1085, #1481 ) ;
#561 = CARTESIAN_POINT ( 'NONE',  ( 608.6596423607654742, 770.2218673235712458, 2.000000000000000000 ) ) ;
#562 = ORIENTED_EDGE ( 'NONE', *, *, #864, .F. ) ;
#563 = ORIENTED_EDGE ( 'NONE', *, *, #1611, .T. ) ;
#564 = CARTESIAN_POINT ( 'NONE',  ( 624.3846423607654970, 801.4088751329409206, -1.100000000000000089 ) ) ;
#565 = DIRECTION ( 'NONE',  ( -0.000000000000000000, -0.000000000000000000, 1.000000000000000000 ) ) ;
#566 = CARTESIAN_POINT ( 'NONE',  ( 650.8346423607655424, 801.4088751329409206, -1.100000000000000089 ) ) ;
#567 = ORIENTED_EDGE ( 'NONE', *, *, #1502, .T. ) ;
#568 = ORIENTED_EDGE ( 'NONE', *, *, #248, .T. ) ;
#569 = VERTEX_POINT ( 'NONE', #898 ) ;
#570 = CARTESIAN_POINT ( 'NONE',  ( 627.2846423607655879, 801.4088751329409206, 1.800000000000000044 ) ) ;
#571 = DIRECTION ( 'NONE',  ( 1.000000000000000000, 0.000000000000000000, 0.000000000000000000 ) ) ;
#572 = LINE ( 'NONE', #89, #1210 ) ;
#573 = EDGE_CURVE ( 'NONE', #260, #717, #943, .T. ) ;
#574 = VECTOR ( 'NONE', #1418, 1000.000000000000000 ) ;
#575 = EDGE_CURVE ( 'NONE', #607, #254, #34, .T. ) ;
#576 = VERTEX_POINT ( 'NONE', #1528 ) ;
#577 = VERTEX_POINT ( 'NONE', #1242 ) ;
#578 = EDGE_CURVE ( 'NONE', #396, #266, #135, .T. ) ;
#579 = CARTESIAN_POINT ( 'NONE',  ( 613.6596423607655879, 775.2218673235712458, 2.000000000000000000 ) ) ;
#580 = CARTESIAN_POINT ( 'NONE',  ( 613.6596423607655879, 770.2218673235712458, 0.000000000000000000 ) ) ;
#581 = CIRCLE ( 'NONE', #174, 5.000000000000004441 ) ;
#582 = CARTESIAN_POINT ( 'NONE',  ( 651.9346423607654515, 825.2588751329409433, -1.100000000000000089 ) ) ;
#583 = VECTOR ( 'NONE', #507, 1000.000000000000000 ) ;
#584 = EDGE_CURVE ( 'NONE', #1536, #980, #1433, .T. ) ;
#585 = AXIS2_PLACEMENT_3D ( 'NONE', #710, #1608, #1486 ) ;
#586 = CARTESIAN_POINT ( 'NONE',  ( 613.6596423607655879, 770.2218673235712458, 0.000000000000000000 ) ) ;
#587 = VERTEX_POINT ( 'NONE', #561 ) ;
#588 = EDGE_CURVE ( 'NONE', #1220, #549, #911, .T. ) ;
#589 = ORIENTED_EDGE ( 'NONE', *, *, #184, .T. ) ;
#590 = CARTESIAN_POINT ( 'NONE',  ( 649.9346423607654515, 801.4088751329409206, -1.100000000000000089 ) ) ;
#591 = CARTESIAN_POINT ( 'NONE',  ( 625.8096423607656789, 809.4588751329409888, 2.000000000000000000 ) ) ;
#592 = DIRECTION ( 'NONE',  ( -1.000000000000000000, 0.000000000000000000, 0.000000000000000000 ) ) ;
#593 = CARTESIAN_POINT ( 'NONE',  ( 613.6596423607655879, 839.2218673235711321, 2.000000000000000000 ) ) ;
#594 = EDGE_CURVE ( 'NONE', #468, #254, #1063, .T. ) ;
#595 = ORIENTED_EDGE ( 'NONE', *, *, #1236, .T. ) ;
#596 = ORIENTED_EDGE ( 'NONE', *, *, #1125, .T. ) ;
#597 = ORIENTED_EDGE ( 'NONE', *, *, #978, .T. ) ;
#598 = DIRECTION ( 'NONE',  ( 1.000000000000000000, 0.000000000000000000, 0.000000000000000000 ) ) ;
#599 = CARTESIAN_POINT ( 'NONE',  ( 615.1596423607654742, 839.2218673235711321, 2.000000000000000000 ) ) ;
#600 = CARTESIAN_POINT ( 'NONE',  ( 626.3846423607654970, 825.2588751329409433, -1.100000000000000089 ) ) ;
#601 = DIRECTION ( 'NONE',  ( 0.000000000000000000, -1.000000000000000000, 0.000000000000000000 ) ) ;
#602 = EDGE_CURVE ( 'NONE', #717, #260, #527, .T. ) ;
#603 = AXIS2_PLACEMENT_3D ( 'NONE', #470, #81, #104 ) ;
#604 = ORIENTED_EDGE ( 'NONE', *, *, #872, .F. ) ;
#605 = CIRCLE ( 'NONE', #191, 2.000000000000001776 ) ;
#606 = VERTEX_POINT ( 'NONE', #1563 ) ;
#607 = VERTEX_POINT ( 'NONE', #930 ) ;
#608 = CARTESIAN_POINT ( 'NONE',  ( 618.6596423607655879, 839.2218673235711321, 2.000000000000000000 ) ) ;
#609 = DIRECTION ( 'NONE',  ( -1.000000000000000000, 0.000000000000000000, 0.000000000000000000 ) ) ;
#610 = DIRECTION ( 'NONE',  ( 1.000000000000000000, 0.000000000000000000, 0.000000000000000000 ) ) ;
#611 = VECTOR ( 'NONE', #412, 1000.000000000000000 ) ;
#612 = AXIS2_PLACEMENT_3D ( 'NONE', #1609, #749, #893 ) ;
#613 = EDGE_CURVE ( 'NONE', #1031, #980, #1179, .T. ) ;
#614 = VERTEX_POINT ( 'NONE', #546 ) ;
#615 = EDGE_LOOP ( 'NONE', ( #85, #946 ) ) ;
#616 = FACE_OUTER_BOUND ( 'NONE', #109, .T. ) ;
#617 = DIRECTION ( 'NONE',  ( 0.000000000000000000, 1.000000000000000000, 0.000000000000000000 ) ) ;
#618 = CARTESIAN_POINT ( 'NONE',  ( 626.3846423607654970, 825.2588751329409433, -1.100000000000000089 ) ) ;
#619 = VERTEX_POINT ( 'NONE', #1053 ) ;
#620 = EDGE_LOOP ( 'NONE', ( #745, #1519 ) ) ;
#621 = APPLICATION_CONTEXT ( 'automotive_design' ) ;
#622 = CARTESIAN_POINT ( 'NONE',  ( 0.000000000000000000, 0.000000000000000000, 0.000000000000000000 ) ) ;
#623 = CIRCLE ( 'NONE', #703, 2.000000000000001776 ) ;
#624 = DIRECTION ( 'NONE',  ( 0.000000000000000000, 0.000000000000000000, -1.000000000000000000 ) ) ;
#625 = DIRECTION ( 'NONE',  ( -0.000000000000000000, -0.000000000000000000, 1.000000000000000000 ) ) ;
#626 = DIRECTION ( 'NONE',  ( -0.000000000000000000, -0.000000000000000000, 1.000000000000000000 ) ) ;
#627 = EDGE_CURVE ( 'NONE', #1567, #127, #57, .T. ) ;
#628 = VERTEX_POINT ( 'NONE', #1043 ) ;
#629 = AXIS2_PLACEMENT_3D ( 'NONE', #55, #180, #1052 ) ;
#630 = ORIENTED_EDGE ( 'NONE', *, *, #1506, .F. ) ;
#631 = LINE ( 'NONE', #501, #1420 ) ;
#632 = ADVANCED_FACE ( 'NONE', ( #823 ), #1556, .F. ) ;
#633 = DIRECTION ( 'NONE',  ( 1.000000000000000000, -0.000000000000000000, -0.000000000000000000 ) ) ;
#634 = DIRECTION ( 'NONE',  ( 0.000000000000000000, 0.000000000000000000, 1.000000000000000000 ) ) ;
#635 = AXIS2_PLACEMENT_3D ( 'NONE', #750, #1370, #1249 ) ;
#636 = AXIS2_PLACEMENT_3D ( 'NONE', #916, #179, #1174 ) ;
#637 = EDGE_CURVE ( 'NONE', #1567, #243, #1439, .T. ) ;
#638 = DIRECTION ( 'NONE',  ( 1.000000000000000000, 0.000000000000000000, 0.000000000000000000 ) ) ;
#639 = AXIS2_PLACEMENT_3D ( 'NONE', #600, #363, #206 ) ;
#640 = ORIENTED_EDGE ( 'NONE', *, *, #1036, .T. ) ;
#641 = ORIENTED_EDGE ( 'NONE', *, *, #184, .F. ) ;
#642 = ADVANCED_FACE ( 'NONE', ( #330 ), #164, .F. ) ;
#643 = AXIS2_PLACEMENT_3D ( 'NONE', #804, #314, #1061 ) ;
#644 = CARTESIAN_POINT ( 'NONE',  ( 626.3846423607654970, 801.4088751329409206, 1.800000000000000044 ) ) ;
#645 = CARTESIAN_POINT ( 'NONE',  ( 648.1596423607654742, 839.2218673235711321, 2.000000000000000000 ) ) ;
#646 = CARTESIAN_POINT ( 'NONE',  ( 613.6596423607655879, 775.2218673235712458, 0.000000000000000000 ) ) ;
#647 = DIRECTION ( 'NONE',  ( 0.000000000000000000, 0.000000000000000000, -1.000000000000000000 ) ) ;
#648 = ORIENTED_EDGE ( 'NONE', *, *, #986, .T. ) ;
#649 = EDGE_LOOP ( 'NONE', ( #1373, #200, #427, #144 ) ) ;
#650 = DIRECTION ( 'NONE',  ( 1.000000000000000000, 0.000000000000000000, 0.000000000000000000 ) ) ;
#651 = CARTESIAN_POINT ( 'NONE',  ( 613.6596423607655879, 839.2218673235711321, 2.000000000000000000 ) ) ;
#652 = DIRECTION ( 'NONE',  ( -0.000000000000000000, -0.000000000000000000, -1.000000000000000000 ) ) ;
#653 = ADVANCED_FACE ( 'NONE', ( #661 ), #42, .F. ) ;
#654 = CARTESIAN_POINT ( 'NONE',  ( 651.9346423607654515, 801.4088751329409206, -1.100000000000000089 ) ) ;
#655 = EDGE_LOOP ( 'NONE', ( #1308, #1529, #912, #1494 ) ) ;
#656 = ORIENTED_EDGE ( 'NONE', *, *, #721, .F. ) ;
#657 = CIRCLE ( 'NONE', #344, 5.000000000000004441 ) ;
#658 = CARTESIAN_POINT ( 'NONE',  ( 662.6596423607655879, 839.2218673235711321, 2.000000000000000000 ) ) ;
#659 = DIRECTION ( 'NONE',  ( 0.000000000000000000, 0.000000000000000000, 1.000000000000000000 ) ) ;
#660 = FACE_OUTER_BOUND ( 'NONE', #979, .T. ) ;
#661 = FACE_OUTER_BOUND ( 'NONE', #1180, .T. ) ;
#662 = ORIENTED_EDGE ( 'NONE', *, *, #1504, .T. ) ;
#663 = ORIENTED_EDGE ( 'NONE', *, *, #308, .T. ) ;
#664 = VECTOR ( 'NONE', #626, 1000.000000000000000 ) ;
#665 = DIRECTION ( 'NONE',  ( -0.000000000000000000, -0.000000000000000000, 1.000000000000000000 ) ) ;
#666 = VECTOR ( 'NONE', #705, 1000.000000000000000 ) ;
#667 = DIRECTION ( 'NONE',  ( 1.000000000000000000, 0.000000000000000000, 0.000000000000000000 ) ) ;
#668 = FACE_OUTER_BOUND ( 'NONE', #1558, .T. ) ;
#669 = DIRECTION ( 'NONE',  ( 0.000000000000000000, 0.000000000000000000, -1.000000000000000000 ) ) ;
#670 = VERTEX_POINT ( 'NONE', #1035 ) ;
#671 = VERTEX_POINT ( 'NONE', #1411 ) ;
#672 = ORIENTED_EDGE ( 'NONE', *, *, #1451, .T. ) ;
#673 = CIRCLE ( 'NONE', #1092, 1.499999999999945821 ) ;
#674 = CARTESIAN_POINT ( 'NONE',  ( 613.6596423607655879, 839.2218673235711321, 2.000000000000000000 ) ) ;
#675 = DIRECTION ( 'NONE',  ( 1.000000000000000000, 0.000000000000000000, 0.000000000000000000 ) ) ;
#676 = CARTESIAN_POINT ( 'NONE',  ( 662.6596423607655879, 770.2218673235712458, 2.000000000000000000 ) ) ;
#677 = CARTESIAN_POINT ( 'NONE',  ( 662.6596423607655879, 839.2218673235711321, 2.000000000000000000 ) ) ;
#678 = VERTEX_POINT ( 'NONE', #816 ) ;
#679 = ORIENTED_EDGE ( 'NONE', *, *, #892, .F. ) ;
#680 = CARTESIAN_POINT ( 'NONE',  ( 662.6596423607655879, 839.2218673235711321, 2.000000000000000000 ) ) ;
#681 = CIRCLE ( 'NONE', #995, 1.499999999999945821 ) ;
#682 = DIRECTION ( 'NONE',  ( 1.000000000000000000, 0.000000000000000000, 0.000000000000000000 ) ) ;
#683 = EDGE_CURVE ( 'NONE', #288, #389, #1488, .T. ) ;
#684 = AXIS2_PLACEMENT_3D ( 'NONE', #294, #441, #304 ) ;
#685 = CARTESIAN_POINT ( 'NONE',  ( 647.9346423607654515, 801.4088751329409206, -1.100000000000000089 ) ) ;
#686 = VERTEX_POINT ( 'NONE', #1177 ) ;
#687 = EDGE_CURVE ( 'NONE', #153, #1359, #801, .T. ) ;
#688 = VERTEX_POINT ( 'NONE', #1534 ) ;
#689 = ORIENTED_EDGE ( 'NONE', *, *, #1404, .T. ) ;
#690 = AXIS2_PLACEMENT_3D ( 'NONE', #618, #1489, #379 ) ;
#691 = CARTESIAN_POINT ( 'NONE',  ( 650.8346423607655424, 801.4088751329409206, 1.800000000000000044 ) ) ;
#692 = CARTESIAN_POINT ( 'NONE',  ( 628.3846423607654970, 825.2588751329409433, -1.100000000000000089 ) ) ;
#693 = AXIS2_PLACEMENT_3D ( 'NONE', #1595, #722, #983 ) ;
#694 = DIRECTION ( 'NONE',  ( -0.000000000000000000, -0.000000000000000000, -1.000000000000000000 ) ) ;
#695 = DIRECTION ( 'NONE',  ( 1.000000000000000000, 0.000000000000000000, 0.000000000000000000 ) ) ;
#696 = ORIENTED_EDGE ( 'NONE', *, *, #1056, .F. ) ;
#697 = CARTESIAN_POINT ( 'NONE',  ( 613.6596423607655879, 770.2218673235712458, 0.000000000000000000 ) ) ;
#698 = CARTESIAN_POINT ( 'NONE',  ( 638.1596423607654742, 839.2218673235711321, 2.000000000000000000 ) ) ;
#699 = CYLINDRICAL_SURFACE ( 'NONE', #848, 1.499999999999945821 ) ;
#700 = ADVANCED_FACE ( 'NONE', ( #416 ), #181, .F. ) ;
#701 = EDGE_CURVE ( 'NONE', #243, #921, #1540, .T. ) ;
#702 = LINE ( 'NONE', #725, #1378 ) ;
#703 = AXIS2_PLACEMENT_3D ( 'NONE', #1377, #287, #162 ) ;
#704 = ORIENTED_EDGE ( 'NONE', *, *, #941, .T. ) ;
#705 = DIRECTION ( 'NONE',  ( -0.000000000000000000, -0.000000000000000000, 1.000000000000000000 ) ) ;
#706 = CARTESIAN_POINT ( 'NONE',  ( 628.1596423607654742, 839.2218673235711321, 0.000000000000000000 ) ) ;
#707 = CARTESIAN_POINT ( 'NONE',  ( 627.2846423607655879, 801.4088751329409206, -1.100000000000000089 ) ) ;
#708 = VERTEX_POINT ( 'NONE', #307 ) ;
#709 = ORIENTED_EDGE ( 'NONE', *, *, #1387, .F. ) ;
#710 = CARTESIAN_POINT ( 'NONE',  ( 649.9346423607654515, 825.2588751329409433, -1.100000000000000089 ) ) ;
#711 = CARTESIAN_POINT ( 'NONE',  ( 649.9346423607654515, 801.4088751329409206, -1.100000000000000089 ) ) ;
#712 = AXIS2_PLACEMENT_3D ( 'NONE', #1203, #87, #1463 ) ;
#713 = DIRECTION ( 'NONE',  ( -1.000000000000000000, 0.000000000000000000, 0.000000000000000000 ) ) ;
#714 = DIRECTION ( 'NONE',  ( -0.000000000000000000, -0.000000000000000000, 1.000000000000000000 ) ) ;
#715 = CIRCLE ( 'NONE', #14, 0.9000000000000119016 ) ;
#716 = AXIS2_PLACEMENT_3D ( 'NONE', #80, #204, #928 ) ;
#717 = VERTEX_POINT ( 'NONE', #1298 ) ;
#718 = ORIENTED_EDGE ( 'NONE', *, *, #107, .T. ) ;
#719 = ORIENTED_EDGE ( 'NONE', *, *, #1403, .F. ) ;
#720 = CARTESIAN_POINT ( 'NONE',  ( 615.1596423607654742, 770.2218673235712458, 2.000000000000000000 ) ) ;
#721 = EDGE_CURVE ( 'NONE', #243, #451, #449, .T. ) ;
#722 = DIRECTION ( 'NONE',  ( 0.000000000000000000, 0.000000000000000000, -1.000000000000000000 ) ) ;
#723 = CARTESIAN_POINT ( 'NONE',  ( 657.6596423607655879, 839.2218673235711321, 0.000000000000000000 ) ) ;
#724 = VECTOR ( 'NONE', #831, 1000.000000000000000 ) ;
#725 = CARTESIAN_POINT ( 'NONE',  ( 651.9346423607654515, 801.4088751329409206, -1.100000000000000089 ) ) ;
#726 = EDGE_LOOP ( 'NONE', ( #548, #183, #383, #891 ) ) ;
#727 = ORIENTED_EDGE ( 'NONE', *, *, #296, .T. ) ;
#728 = ORIENTED_EDGE ( 'NONE', *, *, #1336, .F. ) ;
#729 = FACE_BOUND ( 'NONE', #388, .T. ) ;
#730 = DIRECTION ( 'NONE',  ( 0.000000000000000000, 0.000000000000000000, -1.000000000000000000 ) ) ;
#731 = FACE_OUTER_BOUND ( 'NONE', #1155, .T. ) ;
#732 = PRODUCT_DEFINITION ( 'UNKNOWN', '', #1500, #1079 ) ;
#733 = VECTOR ( 'NONE', #945, 1000.000000000000000 ) ;
#734 = CARTESIAN_POINT ( 'NONE',  ( 638.1596423607654742, 839.2218673235711321, 0.000000000000000000 ) ) ;
#735 = EDGE_LOOP ( 'NONE', ( #311, #727, #932, #1530 ) ) ;
#736 = ORIENTED_EDGE ( 'NONE', *, *, #776, .T. ) ;
#737 = DIRECTION ( 'NONE',  ( 0.000000000000000000, 0.000000000000000000, -1.000000000000000000 ) ) ;
#738 = FACE_BOUND ( 'NONE', #1208, .T. ) ;
#739 = FACE_BOUND ( 'NONE', #70, .T. ) ;
#740 = CARTESIAN_POINT ( 'NONE',  ( 626.3846423607654970, 801.4088751329409206, 1.800000000000000044 ) ) ;
#741 = AXIS2_PLACEMENT_3D ( 'NONE', #522, #293, #1508 ) ;
#742 = VECTOR ( 'NONE', #1143, 1000.000000000000000 ) ;
#743 = SURFACE_SIDE_STYLE ('',( #1597 ) ) ;
#744 = AXIS2_PLACEMENT_3D ( 'NONE', #885, #624, #384 ) ;
#745 = ORIENTED_EDGE ( 'NONE', *, *, #1450, .T. ) ;
#746 = ORIENTED_EDGE ( 'NONE', *, *, #1491, .T. ) ;
#747 = DIRECTION ( 'NONE',  ( 0.000000000000000000, 0.000000000000000000, 1.000000000000000000 ) ) ;
#748 = EDGE_CURVE ( 'NONE', #628, #1227, #1347, .T. ) ;
#749 = DIRECTION ( 'NONE',  ( 0.000000000000000000, 0.000000000000000000, 1.000000000000000000 ) ) ;
#750 = CARTESIAN_POINT ( 'NONE',  ( 649.9346423607654515, 825.2588751329409433, 0.000000000000000000 ) ) ;
#751 = DIRECTION ( 'NONE',  ( -1.000000000000000000, 0.000000000000000000, 0.000000000000000000 ) ) ;
#752 = EDGE_CURVE ( 'NONE', #1106, #670, #163, .T. ) ;
#753 = ORIENTED_EDGE ( 'NONE', *, *, #1491, .F. ) ;
#754 = ORIENTED_EDGE ( 'NONE', *, *, #177, .T. ) ;
#755 = ADVANCED_BREP_SHAPE_REPRESENTATION ( 'Cover', ( #63, #456 ), #902 ) ;
#756 = FACE_OUTER_BOUND ( 'NONE', #1543, .T. ) ;
#757 = LINE ( 'NONE', #1025, #309 ) ;
#758 = EDGE_CURVE ( 'NONE', #818, #614, #1205, .T. ) ;
#759 = DIRECTION ( 'NONE',  ( -0.000000000000000000, -0.000000000000000000, 1.000000000000000000 ) ) ;
#760 = EDGE_CURVE ( 'NONE', #61, #142, #1029, .T. ) ;
#761 = CIRCLE ( 'NONE', #1256, 0.9000000000000119016 ) ;
#762 = VERTEX_POINT ( 'NONE', #472 ) ;
#763 = CIRCLE ( 'NONE', #1309, 5.000000000000004441 ) ;
#764 = EDGE_LOOP ( 'NONE', ( #1389, #298, #866, #73 ) ) ;
#765 = DIRECTION ( 'NONE',  ( -0.000000000000000000, -0.000000000000000000, -1.000000000000000000 ) ) ;
#766 = DIRECTION ( 'NONE',  ( -1.000000000000000000, 0.000000000000000000, 0.000000000000000000 ) ) ;
#767 = LINE ( 'NONE', #380, #583 ) ;
#768 = AXIS2_PLACEMENT_3D ( 'NONE', #1604, #343, #1356 ) ;
#769 = DIRECTION ( 'NONE',  ( -1.000000000000000000, 0.000000000000000000, -0.000000000000000000 ) ) ;
#770 = VERTEX_POINT ( 'NONE', #1225 ) ;
#771 = CIRCLE ( 'NONE', #1473, 5.000000000000004441 ) ;
#772 = EDGE_LOOP ( 'NONE', ( #1196, #857, #841, #403 ) ) ;
#773 = CARTESIAN_POINT ( 'NONE',  ( 628.3846423607654970, 825.2588751329409433, -1.100000000000000089 ) ) ;
#774 = FACE_OUTER_BOUND ( 'NONE', #649, .T. ) ;
#775 = DIRECTION ( 'NONE',  ( -0.000000000000000000, -0.000000000000000000, 1.000000000000000000 ) ) ;
#776 = EDGE_CURVE ( 'NONE', #688, #202, #923, .T. ) ;
#777 = EDGE_CURVE ( 'NONE', #1107, #361, #899, .T. ) ;
#778 = CARTESIAN_POINT ( 'NONE',  ( 662.6596423607655879, 839.2218673235711321, 0.000000000000000000 ) ) ;
#779 = ORIENTED_EDGE ( 'NONE', *, *, #1553, .F. ) ;
#780 = ORIENTED_EDGE ( 'NONE', *, *, #1412, .F. ) ;
#781 = CARTESIAN_POINT ( 'NONE',  ( 648.1596423607655879, 784.7218673235711321, 2.000000000000000000 ) ) ;
#782 = FACE_OUTER_BOUND ( 'NONE', #1327, .T. ) ;
#783 = CARTESIAN_POINT ( 'NONE',  ( 650.8346423607655424, 801.4088751329409206, -1.100000000000000089 ) ) ;
#784 = EDGE_LOOP ( 'NONE', ( #45, #827 ) ) ;
#785 = EDGE_LOOP ( 'NONE', ( #728, #753 ) ) ;
#786 = VECTOR ( 'NONE', #442, 1000.000000000000000 ) ;
#787 = CARTESIAN_POINT ( 'NONE',  ( 650.5096423607654970, 822.9588751329409888, 0.000000000000000000 ) ) ;
#788 = CARTESIAN_POINT ( 'NONE',  ( 657.6596423607655879, 770.2218673235712458, 0.000000000000000000 ) ) ;
#789 = CARTESIAN_POINT ( 'NONE',  ( 649.9346423607654515, 801.4088751329409206, -1.100000000000000089 ) ) ;
#790 = DIRECTION ( 'NONE',  ( -1.000000000000000000, -8.223874256482668095E-15, 0.000000000000000000 ) ) ;
#791 = CIRCLE ( 'NONE', #94, 1.499999999999945821 ) ;
#792 = EDGE_LOOP ( 'NONE', ( #834, #541, #319, #1172 ) ) ;
#793 = ORIENTED_EDGE ( 'NONE', *, *, #261, .F. ) ;
#794 = AXIS2_PLACEMENT_3D ( 'NONE', #644, #129, #1141 ) ;
#795 = VECTOR ( 'NONE', #7, 1000.000000000000000 ) ;
#796 = FACE_OUTER_BOUND ( 'NONE', #1513, .T. ) ;
#797 = VECTOR ( 'NONE', #1296, 1000.000000000000000 ) ;
#798 = CARTESIAN_POINT ( 'NONE',  ( 624.3846423607654970, 801.4088751329409206, -1.100000000000000089 ) ) ;
#799 = EDGE_CURVE ( 'NONE', #628, #153, #1002, .T. ) ;
#800 = CYLINDRICAL_SURFACE ( 'NONE', #478, 2.000000000000001776 ) ;
#801 = LINE ( 'NONE', #566, #1566 ) ;
#802 = ORIENTED_EDGE ( 'NONE', *, *, #300, .T. ) ;
#803 = ORIENTED_EDGE ( 'NONE', *, *, #1460, .T. ) ;
#804 = CARTESIAN_POINT ( 'NONE',  ( 650.5096423607654970, 822.9588751329409888, 0.000000000000000000 ) ) ;
#805 = CARTESIAN_POINT ( 'NONE',  ( 613.6596423607655879, 770.2218673235712458, 2.000000000000000000 ) ) ;
#806 = CARTESIAN_POINT ( 'NONE',  ( 662.6596423607655879, 834.2218673235711321, 2.000000000000000000 ) ) ;
#807 = EDGE_CURVE ( 'NONE', #686, #549, #1579, .T. ) ;
#808 = ADVANCED_FACE ( 'NONE', ( #964 ), #1232, .F. ) ;
#809 = ORIENTED_EDGE ( 'NONE', *, *, #136, .T. ) ;
#810 = ADVANCED_FACE ( 'NONE', ( #846, #494 ), #952, .T. ) ;
#811 = DIRECTION ( 'NONE',  ( -0.000000000000000000, -0.000000000000000000, 1.000000000000000000 ) ) ;
#812 = ORIENTED_EDGE ( 'NONE', *, *, #198, .T. ) ;
#813 = CARTESIAN_POINT ( 'NONE',  ( 649.9346423607654515, 801.4088751329409206, 1.800000000000000044 ) ) ;
#814 = AXIS2_PLACEMENT_3D ( 'NONE', #1313, #694, #1193 ) ;
#815 = FACE_OUTER_BOUND ( 'NONE', #772, .T. ) ;
#816 = CARTESIAN_POINT ( 'NONE',  ( 618.6596423607655879, 770.2218673235712458, 0.000000000000000000 ) ) ;
#817 = DIRECTION ( 'NONE',  ( 1.000000000000000000, 0.000000000000000000, -0.000000000000000000 ) ) ;
#818 = VERTEX_POINT ( 'NONE', #105 ) ;
#819 = VECTOR ( 'NONE', #1408, 1000.000000000000000 ) ;
#820 = DIRECTION ( 'NONE',  ( 0.000000000000000000, 0.000000000000000000, -1.000000000000000000 ) ) ;
#821 = DIRECTION ( 'NONE',  ( 0.000000000000000000, 0.000000000000000000, 1.000000000000000000 ) ) ;
#822 = AXIS2_PLACEMENT_3D ( 'NONE', #781, #1537, #1166 ) ;
#823 = FACE_OUTER_BOUND ( 'NONE', #267, .T. ) ;
#824 = EDGE_CURVE ( 'NONE', #1328, #1380, #1319, .T. ) ;
#825 = EDGE_CURVE ( 'NONE', #22, #997, #1445, .T. ) ;
#826 = DIRECTION ( 'NONE',  ( 1.000000000000000000, 0.000000000000000000, 0.000000000000000000 ) ) ;
#827 = ORIENTED_EDGE ( 'NONE', *, *, #1354, .F. ) ;
#828 = DIRECTION ( 'NONE',  ( -1.000000000000000000, 0.000000000000000000, 0.000000000000000000 ) ) ;
#829 = DIRECTION ( 'NONE',  ( 1.000000000000000000, 0.000000000000000000, 0.000000000000000000 ) ) ;
#830 = CARTESIAN_POINT ( 'NONE',  ( 649.9346423607654515, 825.2588751329409433, -1.100000000000000089 ) ) ;
#831 = DIRECTION ( 'NONE',  ( -0.000000000000000000, -0.000000000000000000, 1.000000000000000000 ) ) ;
#832 = CIRCLE ( 'NONE', #132, 2.000000000000001776 ) ;
#833 = EDGE_CURVE ( 'NONE', #877, #1350, #277, .T. ) ;
#834 = ORIENTED_EDGE ( 'NONE', *, *, #437, .T. ) ;
#835 = DIRECTION ( 'NONE',  ( -0.000000000000000000, -0.000000000000000000, 1.000000000000000000 ) ) ;
#836 = CARTESIAN_POINT ( 'NONE',  ( 657.6596423607655879, 839.2218673235711321, 2.000000000000000000 ) ) ;
#837 = CARTESIAN_POINT ( 'NONE',  ( 662.6596423607655879, 839.2218673235711321, 0.000000000000000000 ) ) ;
#838 = VECTOR ( 'NONE', #1028, 1000.000000000000000 ) ;
#839 = CARTESIAN_POINT ( 'NONE',  ( 664.1596423607654742, 770.2218673235712458, 2.000000000000000000 ) ) ;
#840 = FACE_BOUND ( 'NONE', #969, .T. ) ;
#841 = ORIENTED_EDGE ( 'NONE', *, *, #125, .F. ) ;
#842 = ORIENTED_EDGE ( 'NONE', *, *, #986, .F. ) ;
#843 = CARTESIAN_POINT ( 'NONE',  ( 626.3846423607654970, 825.2588751329409433, 1.800000000000000044 ) ) ;
#844 = DIRECTION ( 'NONE',  ( -1.000000000000000000, 0.000000000000000000, 0.000000000000000000 ) ) ;
#845 = AXIS2_PLACEMENT_3D ( 'NONE', #1197, #194, #1545 ) ;
#846 = FACE_OUTER_BOUND ( 'NONE', #933, .T. ) ;
#847 = CARTESIAN_POINT ( 'NONE',  ( 612.1596423607655879, 770.2218673235712458, 2.000000000000000000 ) ) ;
#848 = AXIS2_PLACEMENT_3D ( 'NONE', #98, #1199, #592 ) ;
#849 = AXIS2_PLACEMENT_3D ( 'NONE', #697, #303, #1425 ) ;
#850 = FILL_AREA_STYLE_COLOUR ( '', #977 ) ;
#851 = ORIENTED_EDGE ( 'NONE', *, *, #230, .T. ) ;
#852 = EDGE_LOOP ( 'NONE', ( #1251, #290, #568, #1202 ) ) ;
#853 = DIRECTION ( 'NONE',  ( 0.000000000000000000, 0.000000000000000000, -1.000000000000000000 ) ) ;
#854 = CARTESIAN_POINT ( 'NONE',  ( 662.6596423607655879, 770.2218673235712458, 2.000000000000000000 ) ) ;
#855 = FACE_OUTER_BOUND ( 'NONE', #735, .T. ) ;
#856 = DIRECTION ( 'NONE',  ( -0.000000000000000000, -0.000000000000000000, 1.000000000000000000 ) ) ;
#857 = ORIENTED_EDGE ( 'NONE', *, *, #748, .T. ) ;
#858 = VERTEX_POINT ( 'NONE', #1355 ) ;
#859 = DIRECTION ( 'NONE',  ( 1.000000000000000000, 0.000000000000000000, 0.000000000000000000 ) ) ;
#860 = DIRECTION ( 'NONE',  ( -0.000000000000000000, -0.000000000000000000, -1.000000000000000000 ) ) ;
#861 = DIRECTION ( 'NONE',  ( -0.000000000000000000, -0.000000000000000000, 1.000000000000000000 ) ) ;
#862 = AXIS2_PLACEMENT_3D ( 'NONE', #677, #373, #482 ) ;
#863 = CARTESIAN_POINT ( 'NONE',  ( 626.3846423607654970, 801.4088751329409206, -1.100000000000000089 ) ) ;
#864 = EDGE_CURVE ( 'NONE', #921, #1130, #305, .T. ) ;
#865 = ORIENTED_EDGE ( 'NONE', *, *, #1343, .T. ) ;
#866 = ORIENTED_EDGE ( 'NONE', *, *, #1050, .F. ) ;
#867 = CARTESIAN_POINT ( 'NONE',  ( 625.8096423607655652, 822.9588751329409888, 2.000000000000000000 ) ) ;
#868 = ADVANCED_FACE ( 'NONE', ( #216 ), #699, .F. ) ;
#869 = DIRECTION ( 'NONE',  ( 0.000000000000000000, 0.000000000000000000, -1.000000000000000000 ) ) ;
#870 = DIRECTION ( 'NONE',  ( -0.000000000000000000, -0.000000000000000000, -1.000000000000000000 ) ) ;
#871 = LINE ( 'NONE', #905, #418 ) ;
#872 = EDGE_CURVE ( 'NONE', #954, #1055, #572, .T. ) ;
#873 = CIRCLE ( 'NONE', #306, 2.000000000000001776 ) ;
#874 = AXIS2_PLACEMENT_3D ( 'NONE', #1119, #737, #1230 ) ;
#875 = ORIENTED_EDGE ( 'NONE', *, *, #864, .T. ) ;
#877 = VERTEX_POINT ( 'NONE', #992 ) ;
#876 = ADVANCED_FACE ( 'NONE', ( #1449 ), #336, .F. ) ;
#878 = DIRECTION ( 'NONE',  ( -0.000000000000000000, -0.000000000000000000, -1.000000000000000000 ) ) ;
#879 = DIRECTION ( 'NONE',  ( -0.000000000000000000, -0.000000000000000000, -1.000000000000000000 ) ) ;
#880 = CARTESIAN_POINT ( 'NONE',  ( 661.1596423607655879, 839.2218673235711321, 2.000000000000000000 ) ) ;
#881 = VECTOR ( 'NONE', #1338, 1000.000000000000000 ) ;
#882 = VERTEX_POINT ( 'NONE', #505 ) ;
#883 = ADVANCED_FACE ( 'NONE', ( #756 ), #15, .F. ) ;
#884 = ORIENTED_EDGE ( 'NONE', *, *, #1003, .T. ) ;
#885 = CARTESIAN_POINT ( 'NONE',  ( 626.3846423607654970, 825.2588751329409433, -1.100000000000000089 ) ) ;
#886 = PLANE ( 'NONE',  #1240 ) ;
#887 = CARTESIAN_POINT ( 'NONE',  ( 662.6596423607655879, 775.2218673235712458, 0.000000000000000000 ) ) ;
#888 = FACE_OUTER_BOUND ( 'NONE', #317, .T. ) ;
#889 = ORIENTED_EDGE ( 'NONE', *, *, #924, .T. ) ;
#890 = AXIS2_PLACEMENT_3D ( 'NONE', #1562, #432, #447 ) ;
#891 = ORIENTED_EDGE ( 'NONE', *, *, #1281, .F. ) ;
#892 = EDGE_CURVE ( 'NONE', #312, #671, #1150, .T. ) ;
#893 = DIRECTION ( 'NONE',  ( 1.000000000000000000, 0.000000000000000000, 0.000000000000000000 ) ) ;
#894 = CARTESIAN_POINT ( 'NONE',  ( 624.3846423607654970, 801.4088751329409206, 0.000000000000000000 ) ) ;
#895 = DIRECTION ( 'NONE',  ( -1.000000000000000000, -0.000000000000000000, -0.000000000000000000 ) ) ;
#896 = VECTOR ( 'NONE', #106, 1000.000000000000000 ) ;
#897 = PRODUCT ( 'Cover', 'Cover', '', ( #255 ) ) ;
#898 = CARTESIAN_POINT ( 'NONE',  ( 650.8346423607655424, 825.2588751329409433, 1.800000000000000044 ) ) ;
#899 = CIRCLE ( 'NONE', #1471, 1.499999999999945821 ) ;
#900 = ORIENTED_EDGE ( 'NONE', *, *, #261, .T. ) ;
#901 = VERTEX_POINT ( 'NONE', #1024 ) ;
#902 =( GEOMETRIC_REPRESENTATION_CONTEXT ( 3 ) GLOBAL_UNCERTAINTY_ASSIGNED_CONTEXT ( ( #366 ) ) GLOBAL_UNIT_ASSIGNED_CONTEXT ( ( #1099, #1472, #1352 ) ) REPRESENTATION_CONTEXT ( 'NONE', 'WORKASPACE' ) );
#903 = CYLINDRICAL_SURFACE ( 'NONE', #37, 1.499999999999945821 ) ;
#904 = CARTESIAN_POINT ( 'NONE',  ( 613.6596423607655879, 770.2218673235712458, 2.000000000000000000 ) ) ;
#905 = CARTESIAN_POINT ( 'NONE',  ( 650.8346423607655424, 825.2588751329409433, -1.100000000000000089 ) ) ;
#906 = EDGE_LOOP ( 'NONE', ( #235, #381, #1058, #1013 ) ) ;
#907 = ORIENTED_EDGE ( 'NONE', *, *, #892, .T. ) ;
#908 = CARTESIAN_POINT ( 'NONE',  ( 647.9346423607654515, 825.2588751329409433, -1.100000000000000089 ) ) ;
#909 = CYLINDRICAL_SURFACE ( 'NONE', #1440, 5.000000000000004441 ) ;
#910 = FACE_OUTER_BOUND ( 'NONE', #491, .T. ) ;
#911 = LINE ( 'NONE', #1070, #268 ) ;
#912 = ORIENTED_EDGE ( 'NONE', *, *, #602, .F. ) ;
#913 = ADVANCED_FACE ( 'NONE', ( #1361, #739 ), #122, .T. ) ;
#914 = EDGE_LOOP ( 'NONE', ( #1453, #213, #519, #907 ) ) ;
#915 = LINE ( 'NONE', #421, #119 ) ;
#916 = CARTESIAN_POINT ( 'NONE',  ( 638.1596423607654742, 839.2218673235711321, 2.000000000000000000 ) ) ;
#917 = DIRECTION ( 'NONE',  ( -0.000000000000000000, -0.000000000000000000, -1.000000000000000000 ) ) ;
#918 = CARTESIAN_POINT ( 'NONE',  ( 662.6596423607655879, 834.2218673235711321, 2.000000000000000000 ) ) ;
#919 = EDGE_CURVE ( 'NONE', #1520, #762, #631, .T. ) ;
#920 = AXIS2_PLACEMENT_3D ( 'NONE', #422, #452, #828 ) ;
#921 = VERTEX_POINT ( 'NONE', #998 ) ;
#922 = ORIENTED_EDGE ( 'NONE', *, *, #1521, .F. ) ;
#923 = CIRCLE ( 'NONE', #560, 0.9000000000000119016 ) ;
#924 = EDGE_CURVE ( 'NONE', #708, #678, #1496, .T. ) ;
#925 = ADVANCED_FACE ( 'NONE', ( #390 ), #1507, .F. ) ;
#926 = AXIS2_PLACEMENT_3D ( 'NONE', #843, #1329, #226 ) ;
#927 = AXIS2_PLACEMENT_3D ( 'NONE', #1317, #327, #675 ) ;
#928 = DIRECTION ( 'NONE',  ( 1.000000000000000000, 0.000000000000000000, 0.000000000000000000 ) ) ;
#929 = FACE_OUTER_BOUND ( 'NONE', #1581, .T. ) ;
#930 = CARTESIAN_POINT ( 'NONE',  ( 650.5096423607656106, 809.4588751329409888, 0.000000000000000000 ) ) ;
#931 = ADVANCED_FACE ( 'NONE', ( #1368 ), #1381, .F. ) ;
#932 = ORIENTED_EDGE ( 'NONE', *, *, #1354, .T. ) ;
#933 = EDGE_LOOP ( 'NONE', ( #134, #1124 ) ) ;
#934 = ORIENTED_EDGE ( 'NONE', *, *, #594, .F. ) ;
#935 = AXIS2_PLACEMENT_3D ( 'NONE', #345, #201, #817 ) ;
#936 = DIRECTION ( 'NONE',  ( 0.000000000000000000, 0.000000000000000000, 1.000000000000000000 ) ) ;
#937 = DIRECTION ( 'NONE',  ( 1.000000000000000000, 0.000000000000000000, 0.000000000000000000 ) ) ;
#938 = CARTESIAN_POINT ( 'NONE',  ( 625.8096423607655652, 822.9588751329409888, 0.000000000000000000 ) ) ;
#939 = VERTEX_POINT ( 'NONE', #263 ) ;
#940 = VERTEX_POINT ( 'NONE', #1008 ) ;
#941 = EDGE_CURVE ( 'NONE', #396, #1064, #1120, .T. ) ;
#942 = CARTESIAN_POINT ( 'NONE',  ( 649.0346423607654742, 825.2588751329409433, 1.800000000000000044 ) ) ;
#943 = CIRCLE ( 'NONE', #58, 1.499999999999945821 ) ;
#944 = DIRECTION ( 'NONE',  ( 1.000000000000000000, 0.000000000000000000, 0.000000000000000000 ) ) ;
#945 = DIRECTION ( 'NONE',  ( 1.000000000000000000, 0.000000000000000000, 0.000000000000000000 ) ) ;
#946 = ORIENTED_EDGE ( 'NONE', *, *, #1206, .F. ) ;
#947 = ORIENTED_EDGE ( 'NONE', *, *, #26, .F. ) ;
#948 = AXIS2_PLACEMENT_3D ( 'NONE', #593, #958, #115 ) ;
#949 = CARTESIAN_POINT ( 'NONE',  ( 613.6596423607655879, 839.2218673235711321, 2.000000000000000000 ) ) ;
#950 = FACE_OUTER_BOUND ( 'NONE', #438, .T. ) ;
#951 = AXIS2_PLACEMENT_3D ( 'NONE', #462, #957, #609 ) ;
#952 = PLANE ( 'NONE',  #693 ) ;
#953 = DIRECTION ( 'NONE',  ( -1.000000000000000000, 0.000000000000000000, -0.000000000000000000 ) ) ;
#954 = VERTEX_POINT ( 'NONE', #30 ) ;
#955 = DIRECTION ( 'NONE',  ( -0.000000000000000000, -0.000000000000000000, -1.000000000000000000 ) ) ;
#956 = DIRECTION ( 'NONE',  ( -0.000000000000000000, -0.000000000000000000, -1.000000000000000000 ) ) ;
#957 = DIRECTION ( 'NONE',  ( 0.000000000000000000, 0.000000000000000000, -1.000000000000000000 ) ) ;
#958 = DIRECTION ( 'NONE',  ( -0.000000000000000000, -0.000000000000000000, -1.000000000000000000 ) ) ;
#959 = FACE_OUTER_BOUND ( 'NONE', #1316, .T. ) ;
#960 = ORIENTED_EDGE ( 'NONE', *, *, #26, .T. ) ;
#961 = EDGE_LOOP ( 'NONE', ( #1583, #29, #1582, #1021 ) ) ;
#962 = DIRECTION ( 'NONE',  ( -1.000000000000000000, 0.000000000000000000, 0.000000000000000000 ) ) ;
#963 = CARTESIAN_POINT ( 'NONE',  ( 626.3846423607654970, 825.2588751329409433, 1.800000000000000044 ) ) ;
#964 = FACE_OUTER_BOUND ( 'NONE', #726, .T. ) ;
#965 = AXIS2_PLACEMENT_3D ( 'NONE', #963, #1076, #1091 ) ;
#966 = DIRECTION ( 'NONE',  ( -1.000000000000000000, 0.000000000000000000, 0.000000000000000000 ) ) ;
#967 = AXIS2_PLACEMENT_3D ( 'NONE', #698, #539, #423 ) ;
#968 = DIRECTION ( 'NONE',  ( 1.000000000000000000, 0.000000000000000000, 0.000000000000000000 ) ) ;
#969 = EDGE_LOOP ( 'NONE', ( #404, #1292 ) ) ;
#970 = ORIENTED_EDGE ( 'NONE', *, *, #535, .T. ) ;
#971 = VECTOR ( 'NONE', #665, 1000.000000000000000 ) ;
#972 = LINE ( 'NONE', #1474, #1103 ) ;
#973 = EDGE_CURVE ( 'NONE', #954, #1328, #715, .T. ) ;
#974 = DIRECTION ( 'NONE',  ( -1.000000000000000000, 0.000000000000000000, 0.000000000000000000 ) ) ;
#975 = CARTESIAN_POINT ( 'NONE',  ( 625.8096423607656789, 809.4588751329409888, 0.000000000000000000 ) ) ;
#976 = AXIS2_PLACEMENT_3D ( 'NONE', #1110, #730, #713 ) ;
#977 = COLOUR_RGB ( '',0.7921568627450980005, 0.8196078431372548767, 0.9333333333333333481 ) ;
#978 = EDGE_CURVE ( 'NONE', #670, #1106, #1495, .T. ) ;
#979 = EDGE_LOOP ( 'NONE', ( #276, #465, #1088, #1071 ) ) ;
#980 = VERTEX_POINT ( 'NONE', #146 ) ;
#981 = CARTESIAN_POINT ( 'NONE',  ( 608.6596423607654742, 839.2218673235711321, 0.000000000000000000 ) ) ;
#982 = DIRECTION ( 'NONE',  ( 0.000000000000000000, 0.000000000000000000, 1.000000000000000000 ) ) ;
#983 = DIRECTION ( 'NONE',  ( -1.000000000000000000, 0.000000000000000000, -0.000000000000000000 ) ) ;
#984 = DIRECTION ( 'NONE',  ( 0.000000000000000000, 0.000000000000000000, -1.000000000000000000 ) ) ;
#985 = DIRECTION ( 'NONE',  ( 0.000000000000000000, 0.000000000000000000, -1.000000000000000000 ) ) ;
#986 = EDGE_CURVE ( 'NONE', #1380, #1055, #1059, .T. ) ;
#987 = EDGE_LOOP ( 'NONE', ( #359, #1436, #1424, #1023 ) ) ;
#988 = ORIENTED_EDGE ( 'NONE', *, *, #414, .T. ) ;
#989 = CARTESIAN_POINT ( 'NONE',  ( 662.6596423607655879, 770.2218673235712458, 0.000000000000000000 ) ) ;
#990 = EDGE_CURVE ( 'NONE', #1484, #283, #1112, .T. ) ;
#991 = ADVANCED_FACE ( 'NONE', ( #246 ), #1126, .T. ) ;
#992 = CARTESIAN_POINT ( 'NONE',  ( 627.2846423607655879, 825.2588751329409433, -1.100000000000000089 ) ) ;
#993 = CYLINDRICAL_SURFACE ( 'NONE', #1290, 2.000000000000001776 ) ;
#994 = LINE ( 'NONE', #265, #664 ) ;
#995 = AXIS2_PLACEMENT_3D ( 'NONE', #580, #982, #859 ) ;
#996 = EDGE_LOOP ( 'NONE', ( #1178, #1239, #704, #375 ) ) ;
#997 = VERTEX_POINT ( 'NONE', #773 ) ;
#998 = CARTESIAN_POINT ( 'NONE',  ( 662.6596423607655879, 834.2218673235711321, 0.000000000000000000 ) ) ;
#999 = DIRECTION ( 'NONE',  ( -1.000000000000000000, 0.000000000000000000, 0.000000000000000000 ) ) ;
#1000 = CIRCLE ( 'NONE', #1084, 5.000000000000004441 ) ;
#1001 = CARTESIAN_POINT ( 'NONE',  ( 649.9596423607656561, 784.7218673235711321, 2.000000000000000000 ) ) ;
#1002 = CIRCLE ( 'NONE', #951, 0.9000000000000119016 ) ;
#1003 = EDGE_CURVE ( 'NONE', #254, #686, #1270, .T. ) ;
#1004 = AXIS2_PLACEMENT_3D ( 'NONE', #1432, #1287, #75 ) ;
#1005 = VECTOR ( 'NONE', #1455, 1000.000000000000000 ) ;
#1006 = ORIENTED_EDGE ( 'NONE', *, *, #578, .T. ) ;
#1007 = ORIENTED_EDGE ( 'NONE', *, *, #60, .F. ) ;
#1008 = CARTESIAN_POINT ( 'NONE',  ( 615.1596423607654742, 839.2218673235711321, 2.000000000000000000 ) ) ;
#1009 = CARTESIAN_POINT ( 'NONE',  ( 661.1596423607655879, 770.2218673235712458, 2.000000000000000000 ) ) ;
#1010 = DIRECTION ( 'NONE',  ( -1.000000000000000000, 0.000000000000000000, 0.000000000000000000 ) ) ;
#1011 = ADVANCED_FACE ( 'NONE', ( #796 ), #411, .F. ) ;
#1012 = CARTESIAN_POINT ( 'NONE',  ( 626.3846423607654970, 801.4088751329409206, -1.100000000000000089 ) ) ;
#1013 = ORIENTED_EDGE ( 'NONE', *, *, #924, .F. ) ;
#1014 = ORIENTED_EDGE ( 'NONE', *, *, #77, .F. ) ;
#1015 = DIRECTION ( 'NONE',  ( 1.000000000000000000, 0.000000000000000000, 0.000000000000000000 ) ) ;
#1016 = FACE_OUTER_BOUND ( 'NONE', #996, .T. ) ;
#1017 = CARTESIAN_POINT ( 'NONE',  ( 649.9346423607654515, 801.4088751329409206, 1.800000000000000044 ) ) ;
#1018 = EDGE_CURVE ( 'NONE', #111, #901, #1527, .T. ) ;
#1019 = VECTOR ( 'NONE', #189, 1000.000000000000000 ) ;
#1020 = CARTESIAN_POINT ( 'NONE',  ( 613.6596423607655879, 775.2218673235712458, 2.000000000000000000 ) ) ;
#1021 = ORIENTED_EDGE ( 'NONE', *, *, #1588, .F. ) ;
#1022 = EDGE_CURVE ( 'NONE', #1462, #396, #915, .T. ) ;
#1023 = ORIENTED_EDGE ( 'NONE', *, *, #760, .T. ) ;
#1024 = CARTESIAN_POINT ( 'NONE',  ( 646.3596423607656334, 784.7218673235711321, 2.000000000000000000 ) ) ;
#1025 = CARTESIAN_POINT ( 'NONE',  ( 664.1596423607654742, 770.2218673235712458, 2.000000000000000000 ) ) ;
#1026 = DIRECTION ( 'NONE',  ( -0.000000000000000000, -0.000000000000000000, 1.000000000000000000 ) ) ;
#1027 = AXIS2_PLACEMENT_3D ( 'NONE', #1531, #160, #1039 ) ;
#1028 = DIRECTION ( 'NONE',  ( -0.000000000000000000, -0.000000000000000000, 1.000000000000000000 ) ) ;
#1029 = CIRCLE ( 'NONE', #43, 2.000000000000001776 ) ;
#1030 = EDGE_LOOP ( 'NONE', ( #648, #596 ) ) ;
#1031 = VERTEX_POINT ( 'NONE', #168 ) ;
#1032 = CYLINDRICAL_SURFACE ( 'NONE', #1027, 5.000000000000004441 ) ;
#1033 = LINE ( 'NONE', #538, #1523 ) ;
#1034 = DIRECTION ( 'NONE',  ( -1.000000000000000000, 0.000000000000000000, 0.000000000000000000 ) ) ;
#1035 = CARTESIAN_POINT ( 'NONE',  ( 661.1596423607655879, 770.2218673235712458, 2.000000000000000000 ) ) ;
#1036 = EDGE_CURVE ( 'NONE', #451, #1130, #178, .T. ) ;
#1037 = EDGE_LOOP ( 'NONE', ( #1470, #1468 ) ) ;
#1038 = ORIENTED_EDGE ( 'NONE', *, *, #1326, .F. ) ;
#1039 = DIRECTION ( 'NONE',  ( -1.000000000000000000, 0.000000000000000000, 0.000000000000000000 ) ) ;
#1040 = LINE ( 'NONE', #1302, #513 ) ;
#1041 = CARTESIAN_POINT ( 'NONE',  ( 608.6596423607654742, 839.2218673235711321, 2.000000000000000000 ) ) ;
#1042 = ADVANCED_FACE ( 'NONE', ( #46 ), #903, .F. ) ;
#1043 = CARTESIAN_POINT ( 'NONE',  ( 649.0346423607654742, 801.4088751329409206, -1.100000000000000089 ) ) ;
#1044 = ORIENTED_EDGE ( 'NONE', *, *, #1568, .F. ) ;
#1045 = ADVANCED_FACE ( 'NONE', ( #537 ), #1032, .T. ) ;
#1046 = EDGE_CURVE ( 'NONE', #882, #576, #1415, .T. ) ;
#1047 = ORIENTED_EDGE ( 'NONE', *, *, #1165, .F. ) ;
#1048 = VECTOR ( 'NONE', #956, 1000.000000000000000 ) ;
#1049 = EDGE_LOOP ( 'NONE', ( #1078, #128, #793, #459 ) ) ;
#1050 = EDGE_CURVE ( 'NONE', #619, #1220, #302, .T. ) ;
#1051 = DIRECTION ( 'NONE',  ( 0.000000000000000000, 0.000000000000000000, 1.000000000000000000 ) ) ;
#1052 = DIRECTION ( 'NONE',  ( 1.000000000000000000, 0.000000000000000000, 0.000000000000000000 ) ) ;
#1053 = CARTESIAN_POINT ( 'NONE',  ( 650.5096423607654970, 822.9588751329409888, 0.000000000000000000 ) ) ;
#1054 = VECTOR ( 'NONE', #1532, 1000.000000000000000 ) ;
#1055 = VERTEX_POINT ( 'NONE', #1295 ) ;
#1056 = EDGE_CURVE ( 'NONE', #619, #686, #291, .T. ) ;
#1057 = ORIENTED_EDGE ( 'NONE', *, *, #1280, .T. ) ;
#1058 = ORIENTED_EDGE ( 'NONE', *, *, #489, .T. ) ;
#1059 = CIRCLE ( 'NONE', #794, 0.9000000000000119016 ) ;
#1060 = CIRCLE ( 'NONE', #927, 1.499999999999945821 ) ;
#1061 = DIRECTION ( 'NONE',  ( -8.223874256482668095E-15, 1.000000000000000000, 0.000000000000000000 ) ) ;
#1062 = DIRECTION ( 'NONE',  ( -0.000000000000000000, -0.000000000000000000, 1.000000000000000000 ) ) ;
#1063 = LINE ( 'NONE', #1184, #733 ) ;
#1064 = VERTEX_POINT ( 'NONE', #1111 ) ;
#1065 = ADVANCED_FACE ( 'NONE', ( #1476 ), #354, .F. ) ;
#1066 = ORIENTED_EDGE ( 'NONE', *, *, #230, .F. ) ;
#1067 = ORIENTED_EDGE ( 'NONE', *, *, #1450, .F. ) ;
#1068 = CARTESIAN_POINT ( 'NONE',  ( 613.6596423607655879, 775.2218673235712458, 2.000000000000000000 ) ) ;
#1069 = FACE_OUTER_BOUND ( 'NONE', #1414, .T. ) ;
#1070 = CARTESIAN_POINT ( 'NONE',  ( 625.8096423607655652, 822.9588751329409888, 0.000000000000000000 ) ) ;
#1071 = ORIENTED_EDGE ( 'NONE', *, *, #1018, .T. ) ;
#1072 = ORIENTED_EDGE ( 'NONE', *, *, #776, .F. ) ;
#1073 = APPLICATION_CONTEXT ( 'automotive_design' ) ;
#1074 = CARTESIAN_POINT ( 'NONE',  ( 661.1596423607655879, 770.2218673235712458, 0.000000000000000000 ) ) ;
#1075 = AXIS2_PLACEMENT_3D ( 'NONE', #1204, #1480, #1082 ) ;
#1076 = DIRECTION ( 'NONE',  ( 0.000000000000000000, 0.000000000000000000, -1.000000000000000000 ) ) ;
#1077 = DIRECTION ( 'NONE',  ( -0.000000000000000000, -0.000000000000000000, 1.000000000000000000 ) ) ;
#1078 = ORIENTED_EDGE ( 'NONE', *, *, #1235, .T. ) ;
#1079 = PRODUCT_DEFINITION_CONTEXT ( 'detailed design', #1073, 'design' ) ;
#1080 = ORIENTED_EDGE ( 'NONE', *, *, #594, .T. ) ;
#1081 = CARTESIAN_POINT ( 'NONE',  ( 662.6596423607655879, 775.2218673235712458, 2.000000000000000000 ) ) ;
#1082 = DIRECTION ( 'NONE',  ( 1.000000000000000000, 0.000000000000000000, -0.000000000000000000 ) ) ;
#1083 = AXIS2_PLACEMENT_3D ( 'NONE', #1159, #775, #148 ) ;
#1084 = AXIS2_PLACEMENT_3D ( 'NONE', #120, #236, #598 ) ;
#1085 = DIRECTION ( 'NONE',  ( 0.000000000000000000, 0.000000000000000000, -1.000000000000000000 ) ) ;
#1086 = ADVANCED_FACE ( 'NONE', ( #1587 ), #1580, .F. ) ;
#1087 = ORIENTED_EDGE ( 'NONE', *, *, #1568, .T. ) ;
#1088 = ORIENTED_EDGE ( 'NONE', *, *, #182, .T. ) ;
#1089 = ORIENTED_EDGE ( 'NONE', *, *, #356, .T. ) ;
#1090 = CARTESIAN_POINT ( 'NONE',  ( 624.3846423607654970, 825.2588751329409433, -1.100000000000000089 ) ) ;
#1091 = DIRECTION ( 'NONE',  ( -1.000000000000000000, 0.000000000000000000, 0.000000000000000000 ) ) ;
#1092 = AXIS2_PLACEMENT_3D ( 'NONE', #1357, #475, #968 ) ;
#1093 = CARTESIAN_POINT ( 'NONE',  ( 649.0346423607654742, 801.4088751329409206, -1.100000000000000089 ) ) ;
#1094 = DIRECTION ( 'NONE',  ( -1.000000000000000000, 0.000000000000000000, 0.000000000000000000 ) ) ;
#1095 = ORIENTED_EDGE ( 'NONE', *, *, #1312, .T. ) ;
#1096 = ORIENTED_EDGE ( 'NONE', *, *, #1326, .T. ) ;
#1097 = ADVANCED_FACE ( 'NONE', ( #257 ), #1121, .F. ) ;
#1098 = ORIENTED_EDGE ( 'NONE', *, *, #1404, .F. ) ;
#1099 =( LENGTH_UNIT ( ) NAMED_UNIT ( * ) SI_UNIT ( .MILLI., .METRE. ) );
#1100 = DIRECTION ( 'NONE',  ( 1.000000000000000000, 0.000000000000000000, 0.000000000000000000 ) ) ;
#1101 = ADVANCED_FACE ( 'NONE', ( #731 ), #1458, .T. ) ;
#1102 = DIRECTION ( 'NONE',  ( 1.000000000000000000, 0.000000000000000000, 0.000000000000000000 ) ) ;
#1103 = VECTOR ( 'NONE', #1360, 1000.000000000000000 ) ;
#1104 = FACE_OUTER_BOUND ( 'NONE', #1379, .T. ) ;
#1105 = CIRCLE ( 'NONE', #324, 2.000000000000001776 ) ;
#1106 = VERTEX_POINT ( 'NONE', #839 ) ;
#1107 = VERTEX_POINT ( 'NONE', #1466 ) ;
#1108 = AXIS2_PLACEMENT_3D ( 'NONE', #1382, #529, #999 ) ;
#1109 = FACE_BOUND ( 'NONE', #792, .T. ) ;
#1110 = CARTESIAN_POINT ( 'NONE',  ( 626.3846423607654970, 825.2588751329409433, -1.100000000000000089 ) ) ;
#1111 = CARTESIAN_POINT ( 'NONE',  ( 618.6596423607655879, 839.2218673235711321, 0.000000000000000000 ) ) ;
#1112 = CIRCLE ( 'NONE', #612, 1.499999999999945821 ) ;
#1113 = CIRCLE ( 'NONE', #1200, 0.9000000000000119016 ) ;
#1114 = CARTESIAN_POINT ( 'NONE',  ( 613.6596423607655879, 770.2218673235712458, 2.000000000000000000 ) ) ;
#1115 = ADVANCED_FACE ( 'NONE', ( #1104 ), #993, .T. ) ;
#1116 = ADVANCED_FACE ( 'NONE', ( #495 ), #463, .F. ) ;
#1117 = ORIENTED_EDGE ( 'NONE', *, *, #919, .T. ) ;
#1118 = ORIENTED_EDGE ( 'NONE', *, *, #990, .T. ) ;
#1119 = CARTESIAN_POINT ( 'NONE',  ( 626.3846423607654970, 801.4088751329409206, 0.000000000000000000 ) ) ;
#1120 = LINE ( 'NONE', #256, #1395 ) ;
#1121 = CYLINDRICAL_SURFACE ( 'NONE', #167, 0.9000000000000119016 ) ;
#1122 = ORIENTED_EDGE ( 'NONE', *, *, #721, .T. ) ;
#1123 = AXIS2_PLACEMENT_3D ( 'NONE', #17, #634, #1255 ) ;
#1124 = ORIENTED_EDGE ( 'NONE', *, *, #395, .T. ) ;
#1125 = EDGE_CURVE ( 'NONE', #1055, #1380, #1391, .T. ) ;
#1126 = PLANE ( 'NONE',  #358 ) ;
#1127 = LINE ( 'NONE', #155, #1054 ) ;
#1128 = CARTESIAN_POINT ( 'NONE',  ( 662.6596423607655879, 834.2218673235711321, 0.000000000000000000 ) ) ;
#1129 = ORIENTED_EDGE ( 'NONE', *, *, #602, .T. ) ;
#1130 = VERTEX_POINT ( 'NONE', #723 ) ;
#1131 = CIRCLE ( 'NONE', #429, 0.9000000000000119016 ) ;
#1132 = CARTESIAN_POINT ( 'NONE',  ( 648.1596423607654742, 839.2218673235711321, 2.000000000000000000 ) ) ;
#1133 = LINE ( 'NONE', #645, #611 ) ;
#1134 = CIRCLE ( 'NONE', #636, 10.00000000000000888 ) ;
#1135 = CARTESIAN_POINT ( 'NONE',  ( 649.9346423607654515, 825.2588751329409433, -1.100000000000000089 ) ) ;
#1136 = AXIS2_PLACEMENT_3D ( 'NONE', #837, #114, #1334 ) ;
#1137 = CIRCLE ( 'NONE', #874, 2.000000000000001776 ) ;
#1138 = CARTESIAN_POINT ( 'NONE',  ( 613.6596423607655879, 839.2218673235711321, 2.000000000000000000 ) ) ;
#1139 = VERTEX_POINT ( 'NONE', #364 ) ;
#1140 = ORIENTED_EDGE ( 'NONE', *, *, #471, .F. ) ;
#1141 = DIRECTION ( 'NONE',  ( -1.000000000000000000, 0.000000000000000000, 0.000000000000000000 ) ) ;
#1142 = DIRECTION ( 'NONE',  ( -1.000000000000000000, 0.000000000000000000, 0.000000000000000000 ) ) ;
#1143 = DIRECTION ( 'NONE',  ( -0.000000000000000000, -1.000000000000000000, -0.000000000000000000 ) ) ;
#1144 = CIRCLE ( 'NONE', #1149, 1.499999999999945821 ) ;
#1145 = PLANE ( 'NONE',  #242 ) ;
#1146 = ORIENTED_EDGE ( 'NONE', *, *, #1217, .T. ) ;
#1147 = ORIENTED_EDGE ( 'NONE', *, *, #1221, .T. ) ;
#1148 = PRODUCT_DEFINITION_SHAPE ( 'NONE', 'NONE',  #732 ) ;
#1149 = AXIS2_PLACEMENT_3D ( 'NONE', #586, #1188, #695 ) ;
#1150 = LINE ( 'NONE', #1132, #1549 ) ;
#1151 = CARTESIAN_POINT ( 'NONE',  ( 626.3846423607654970, 801.4088751329409206, -1.100000000000000089 ) ) ;
#1152 = DIRECTION ( 'NONE',  ( -1.000000000000000000, 0.000000000000000000, 0.000000000000000000 ) ) ;
#1153 = DIRECTION ( 'NONE',  ( 1.000000000000000000, 0.000000000000000000, 0.000000000000000000 ) ) ;
#1154 = ORIENTED_EDGE ( 'NONE', *, *, #414, .F. ) ;
#1155 = EDGE_LOOP ( 'NONE', ( #367, #672, #746, #1275 ) ) ;
#1156 = DIRECTION ( 'NONE',  ( -1.000000000000000000, -0.000000000000000000, -0.000000000000000000 ) ) ;
#1157 = LINE ( 'NONE', #1009, #1572 ) ;
#1158 = ADVANCED_FACE ( 'NONE', ( #473 ), #1610, .T. ) ;
#1159 = CARTESIAN_POINT ( 'NONE',  ( 648.1596423607655879, 784.7218673235711321, -1.100999999999999979 ) ) ;
#1160 = CARTESIAN_POINT ( 'NONE',  ( 648.1596423607654742, 839.2218673235711321, 2.000000000000000000 ) ) ;
#1161 = AXIS2_PLACEMENT_3D ( 'NONE', #740, #374, #1094 ) ;
#1162 = CIRCLE ( 'NONE', #1004, 0.9000000000000119016 ) ;
#1163 = VERTEX_POINT ( 'NONE', #1216 ) ;
#1164 = ORIENTED_EDGE ( 'NONE', *, *, #77, .T. ) ;
#1165 = EDGE_CURVE ( 'NONE', #542, #1536, #355, .T. ) ;
#1166 = DIRECTION ( 'NONE',  ( 1.000000000000000000, 0.000000000000000000, 0.000000000000000000 ) ) ;
#1167 = DIRECTION ( 'NONE',  ( -1.000000000000000000, 0.000000000000000000, -0.000000000000000000 ) ) ;
#1168 = CARTESIAN_POINT ( 'NONE',  ( 649.9346423607654515, 801.4088751329409206, -1.100000000000000089 ) ) ;
#1169 = DIRECTION ( 'NONE',  ( 0.000000000000000000, -1.000000000000000000, 0.000000000000000000 ) ) ;
#1170 = EDGE_CURVE ( 'NONE', #1107, #52, #1226, .T. ) ;
#1171 = ORIENTED_EDGE ( 'NONE', *, *, #941, .F. ) ;
#1172 = ORIENTED_EDGE ( 'NONE', *, *, #1050, .T. ) ;
#1173 = ORIENTED_EDGE ( 'NONE', *, *, #64, .T. ) ;
#1174 = DIRECTION ( 'NONE',  ( 1.000000000000000000, 0.000000000000000000, 0.000000000000000000 ) ) ;
#1175 = DIRECTION ( 'NONE',  ( 0.000000000000000000, 0.000000000000000000, 1.000000000000000000 ) ) ;
#1176 = ADVANCED_FACE ( 'NONE', ( #855 ), #1234, .F. ) ;
#1177 = CARTESIAN_POINT ( 'NONE',  ( 650.5096423607654970, 822.9588751329409888, 2.000000000000000000 ) ) ;
#1178 = ORIENTED_EDGE ( 'NONE', *, *, #1277, .F. ) ;
#1179 = CIRCLE ( 'NONE', #1307, 2.000000000000001776 ) ;
#1180 = EDGE_LOOP ( 'NONE', ( #10, #499, #234, #100 ) ) ;
#1181 = VECTOR ( 'NONE', #1585, 1000.000000000000000 ) ;
#1182 = LINE ( 'NONE', #564, #1209 ) ;
#1183 = LINE ( 'NONE', #692, #270 ) ;
#1184 = CARTESIAN_POINT ( 'NONE',  ( 625.8096423607656789, 809.4588751329409888, 2.000000000000000000 ) ) ;
#1185 = ADVANCED_FACE ( 'NONE', ( #1363 ), #123, .T. ) ;
#1186 = CIRCLE ( 'NONE', #484, 1.499999999999945821 ) ;
#1187 = ORIENTED_EDGE ( 'NONE', *, *, #758, .F. ) ;
#1188 = DIRECTION ( 'NONE',  ( 0.000000000000000000, 0.000000000000000000, 1.000000000000000000 ) ) ;
#1189 = EDGE_LOOP ( 'NONE', ( #1080, #1247, #1434, #595 ) ) ;
#1190 = VECTOR ( 'NONE', #211, 1000.000000000000000 ) ;
#1191 = PLANE ( 'NONE',  #1493 ) ;
#1192 = DIRECTION ( 'NONE',  ( 1.000000000000000000, 0.000000000000000000, 0.000000000000000000 ) ) ;
#1193 = DIRECTION ( 'NONE',  ( 1.000000000000000000, 0.000000000000000000, 0.000000000000000000 ) ) ;
#1194 = ORIENTED_EDGE ( 'NONE', *, *, #807, .F. ) ;
#1195 = CARTESIAN_POINT ( 'NONE',  ( 649.9346423607654515, 825.2588751329409433, 1.800000000000000044 ) ) ;
#1196 = ORIENTED_EDGE ( 'NONE', *, *, #1557, .T. ) ;
#1197 = CARTESIAN_POINT ( 'NONE',  ( 626.3846423607654970, 801.4088751329409206, 0.000000000000000000 ) ) ;
#1198 = CARTESIAN_POINT ( 'NONE',  ( 615.1596423607654742, 839.2218673235711321, 0.000000000000000000 ) ) ;
#1199 = DIRECTION ( 'NONE',  ( -0.000000000000000000, -0.000000000000000000, -1.000000000000000000 ) ) ;
#1200 = AXIS2_PLACEMENT_3D ( 'NONE', #863, #985, #251 ) ;
#1201 = CARTESIAN_POINT ( 'NONE',  ( 624.3846423607654970, 825.2588751329409433, -1.100000000000000089 ) ) ;
#1202 = ORIENTED_EDGE ( 'NONE', *, *, #1469, .F. ) ;
#1203 = CARTESIAN_POINT ( 'NONE',  ( 649.9346423607654515, 825.2588751329409433, -1.100000000000000089 ) ) ;
#1204 = CARTESIAN_POINT ( 'NONE',  ( 613.6596423607655879, 839.2218673235711321, 0.000000000000000000 ) ) ;
#1205 = LINE ( 'NONE', #582, #1600 ) ;
#1206 = EDGE_CURVE ( 'NONE', #576, #614, #329, .T. ) ;
#1207 = FACE_BOUND ( 'NONE', #1366, .T. ) ;
#1208 = EDGE_LOOP ( 'NONE', ( #92, #1267 ) ) ;
#1209 = VECTOR ( 'NONE', #544, 1000.000000000000000 ) ;
#1210 = VECTOR ( 'NONE', #1077, 1000.000000000000000 ) ;
#1211 = CARTESIAN_POINT ( 'NONE',  ( 657.6596423607655879, 770.2218673235712458, 2.000000000000000000 ) ) ;
#1212 = ADVANCED_FACE ( 'NONE', ( #782 ), #886, .F. ) ;
#1213 = LINE ( 'NONE', #237, #110 ) ;
#1214 = AXIS2_PLACEMENT_3D ( 'NONE', #805, #315, #1034 ) ;
#1215 = CARTESIAN_POINT ( 'NONE',  ( 649.9346423607654515, 825.2588751329409433, -1.100000000000000089 ) ) ;
#1216 = CARTESIAN_POINT ( 'NONE',  ( 661.1596423607655879, 839.2218673235711321, 2.000000000000000000 ) ) ;
#1217 = EDGE_CURVE ( 'NONE', #451, #312, #1133, .T. ) ;
#1218 = EDGE_CURVE ( 'NONE', #670, #1430, #1157, .T. ) ;
#1219 = FACE_BOUND ( 'NONE', #784, .T. ) ;
#1220 = VERTEX_POINT ( 'NONE', #1515 ) ;
#1221 = EDGE_CURVE ( 'NONE', #1405, #770, #454, .T. ) ;
#1222 = VERTEX_POINT ( 'NONE', #1271 ) ;
#1223 = FACE_BOUND ( 'NONE', #620, .T. ) ;
#1224 = CLOSED_SHELL ( 'NONE', ( #1176, #313, #1115, #509, #1101, #925, #1185, #876, #1522, #1333, #1116, #249, #868, #1045, #347, #9, #467, #1269, #883, #1301, #520, #233, #1212, #320, #642, #339, #1086, #808, #1332, #1011, #1042, #1065, #653, #931, #1374, #1564, #289, #632, #913, #13, #1097, #488, #476, #700, #810, #352, #371, #1446, #1158, #991, #4, #149 ) ) ;
#1225 = CARTESIAN_POINT ( 'NONE',  ( 628.3846423607654970, 801.4088751329409206, -1.100000000000000089 ) ) ;
#1226 = LINE ( 'NONE', #847, #141 ) ;
#1227 = VERTEX_POINT ( 'NONE', #385 ) ;
#1228 = ORIENTED_EDGE ( 'NONE', *, *, #752, .F. ) ;
#1229 = EDGE_LOOP ( 'NONE', ( #118, #166 ) ) ;
#1230 = DIRECTION ( 'NONE',  ( -1.000000000000000000, 0.000000000000000000, 0.000000000000000000 ) ) ;
#1231 = FACE_BOUND ( 'NONE', #785, .T. ) ;
#1232 = CYLINDRICAL_SURFACE ( 'NONE', #331, 1.499999999999945821 ) ;
#1233 = AXIS2_PLACEMENT_3D ( 'NONE', #197, #1304, #434 ) ;
#1234 = CYLINDRICAL_SURFACE ( 'NONE', #402, 1.800000000000023803 ) ;
#1235 = EDGE_CURVE ( 'NONE', #202, #688, #1131, .T. ) ;
#1236 = EDGE_CURVE ( 'NONE', #1139, #468, #1033, .T. ) ;
#1237 =( NAMED_UNIT ( * ) PLANE_ANGLE_UNIT ( ) SI_UNIT ( $, .RADIAN. ) );
#1238 = EDGE_LOOP ( 'NONE', ( #589, #679, #1399, #640 ) ) ;
#1239 = ORIENTED_EDGE ( 'NONE', *, *, #578, .F. ) ;
#1240 = AXIS2_PLACEMENT_3D ( 'NONE', #169, #1142, #659 ) ;
#1241 = DIRECTION ( 'NONE',  ( 1.000000000000000000, 0.000000000000000000, 0.000000000000000000 ) ) ;
#1242 = CARTESIAN_POINT ( 'NONE',  ( 664.1596423607654742, 839.2218673235711321, 2.000000000000000000 ) ) ;
#1243 = DIRECTION ( 'NONE',  ( 1.000000000000000000, 0.000000000000000000, 0.000000000000000000 ) ) ;
#1244 = DIRECTION ( 'NONE',  ( 1.000000000000000000, 0.000000000000000000, 0.000000000000000000 ) ) ;
#1245 = CIRCLE ( 'NONE', #71, 10.00000000000000888 ) ;
#1246 = ORIENTED_EDGE ( 'NONE', *, *, #584, .F. ) ;
#1247 = ORIENTED_EDGE ( 'NONE', *, *, #575, .F. ) ;
#1248 = CARTESIAN_POINT ( 'NONE',  ( 626.3846423607654970, 825.2588751329409433, 1.800000000000000044 ) ) ;
#1249 = DIRECTION ( 'NONE',  ( -1.000000000000000000, 0.000000000000000000, 0.000000000000000000 ) ) ;
#1250 = CARTESIAN_POINT ( 'NONE',  ( 664.1596423607654742, 839.2218673235711321, 2.000000000000000000 ) ) ;
#1251 = ORIENTED_EDGE ( 'NONE', *, *, #1343, .F. ) ;
#1252 = ORIENTED_EDGE ( 'NONE', *, *, #126, .T. ) ;
#1253 = DIRECTION ( 'NONE',  ( -0.000000000000000000, -0.000000000000000000, -1.000000000000000000 ) ) ;
#1254 = DIRECTION ( 'NONE',  ( -0.000000000000000000, -0.000000000000000000, -1.000000000000000000 ) ) ;
#1255 = DIRECTION ( 'NONE',  ( 1.000000000000000000, 0.000000000000000000, 0.000000000000000000 ) ) ;
#1256 = AXIS2_PLACEMENT_3D ( 'NONE', #1511, #517, #1273 ) ;
#1257 = AXIS2_PLACEMENT_3D ( 'NONE', #188, #195, #682 ) ;
#1258 = EDGE_LOOP ( 'NONE', ( #394, #689, #117, #1140 ) ) ;
#1259 = ORIENTED_EDGE ( 'NONE', *, *, #301, .T. ) ;
#1260 = AXIS2_PLACEMENT_3D ( 'NONE', #229, #1482, #130 ) ;
#1261 = DIRECTION ( 'NONE',  ( 0.000000000000000000, 0.000000000000000000, 1.000000000000000000 ) ) ;
#1262 = DIRECTION ( 'NONE',  ( -0.000000000000000000, -0.000000000000000000, 1.000000000000000000 ) ) ;
#1263 = LINE ( 'NONE', #646, #742 ) ;
#1264 = VECTOR ( 'NONE', #1524, 1000.000000000000000 ) ;
#1265 = EDGE_CURVE ( 'NONE', #556, #587, #532, .T. ) ;
#1266 = CYLINDRICAL_SURFACE ( 'NONE', #397, 0.9000000000000119016 ) ;
#1267 = ORIENTED_EDGE ( 'NONE', *, *, #426, .T. ) ;
#1268 = VERTEX_POINT ( 'NONE', #16 ) ;
#1269 = ADVANCED_FACE ( 'NONE', ( #1016 ), #909, .T. ) ;
#1270 = LINE ( 'NONE', #528, #1264 ) ;
#1271 = CARTESIAN_POINT ( 'NONE',  ( 612.1596423607655879, 839.2218673235711321, 2.000000000000000000 ) ) ;
#1272 = LINE ( 'NONE', #272, #41 ) ;
#1273 = DIRECTION ( 'NONE',  ( -1.000000000000000000, 0.000000000000000000, 0.000000000000000000 ) ) ;
#1274 = VERTEX_POINT ( 'NONE', #280 ) ;
#1275 = ORIENTED_EDGE ( 'NONE', *, *, #8, .F. ) ;
#1276 = CARTESIAN_POINT ( 'NONE',  ( 657.6596423607655879, 839.2218673235711321, 2.000000000000000000 ) ) ;
#1277 = EDGE_CURVE ( 'NONE', #266, #1574, #1127, .T. ) ;
#1278 = DIRECTION ( 'NONE',  ( -1.000000000000000000, 0.000000000000000000, 0.000000000000000000 ) ) ;
#1279 = DIRECTION ( 'NONE',  ( -0.000000000000000000, -0.000000000000000000, -1.000000000000000000 ) ) ;
#1280 = EDGE_CURVE ( 'NONE', #818, #882, #274, .T. ) ;
#1281 = EDGE_CURVE ( 'NONE', #318, #1430, #1186, .T. ) ;
#1282 = VECTOR ( 'NONE', #1330, 1000.000000000000000 ) ;
#1283 = EDGE_LOOP ( 'NONE', ( #604, #1550, #1365, #221 ) ) ;
#1284 = ORIENTED_EDGE ( 'NONE', *, *, #489, .F. ) ;
#1285 = DIRECTION ( 'NONE',  ( -1.000000000000000000, 0.000000000000000000, 0.000000000000000000 ) ) ;
#1286 = DIRECTION ( 'NONE',  ( -0.000000000000000000, -0.000000000000000000, -1.000000000000000000 ) ) ;
#1287 = DIRECTION ( 'NONE',  ( 0.000000000000000000, 0.000000000000000000, -1.000000000000000000 ) ) ;
#1288 = DIRECTION ( 'NONE',  ( -0.000000000000000000, -0.000000000000000000, 1.000000000000000000 ) ) ;
#1289 = CIRCLE ( 'NONE', #849, 5.000000000000004441 ) ;
#1290 = AXIS2_PLACEMENT_3D ( 'NONE', #239, #714, #1244 ) ;
#1291 = VECTOR ( 'NONE', #1279, 1000.000000000000000 ) ;
#1292 = ORIENTED_EDGE ( 'NONE', *, *, #50, .F. ) ;
#1293 = CIRCLE ( 'NONE', #1419, 0.9000000000000119016 ) ;
#1294 = ORIENTED_EDGE ( 'NONE', *, *, #1441, .F. ) ;
#1295 = CARTESIAN_POINT ( 'NONE',  ( 625.4846423607655197, 801.4088751329409206, 1.800000000000000044 ) ) ;
#1296 = DIRECTION ( 'NONE',  ( -0.000000000000000000, -0.000000000000000000, -1.000000000000000000 ) ) ;
#1297 = CARTESIAN_POINT ( 'NONE',  ( 646.3596423607656334, 784.7218673235711321, 0.000000000000000000 ) ) ;
#1298 = CARTESIAN_POINT ( 'NONE',  ( 661.1596423607655879, 839.2218673235711321, 0.000000000000000000 ) ) ;
#1299 = VERTEX_POINT ( 'NONE', #894 ) ;
#1300 = ORIENTED_EDGE ( 'NONE', *, *, #1265, .T. ) ;
#1301 = ADVANCED_FACE ( 'NONE', ( #774 ), #1393, .T. ) ;
#1302 = CARTESIAN_POINT ( 'NONE',  ( 650.5096423607654970, 822.9588751329409888, 0.000000000000000000 ) ) ;
#1303 = CYLINDRICAL_SURFACE ( 'NONE', #1257, 2.000000000000001776 ) ;
#1304 = DIRECTION ( 'NONE',  ( -0.000000000000000000, -0.000000000000000000, 1.000000000000000000 ) ) ;
#1305 = EDGE_LOOP ( 'NONE', ( #36, #1014 ) ) ;
#1306 = ORIENTED_EDGE ( 'NONE', *, *, #1022, .T. ) ;
#1307 = AXIS2_PLACEMENT_3D ( 'NONE', #424, #669, #448 ) ;
#1308 = ORIENTED_EDGE ( 'NONE', *, *, #1403, .T. ) ;
#1309 = AXIS2_PLACEMENT_3D ( 'NONE', #676, #821, #937 ) ;
#1310 = DIRECTION ( 'NONE',  ( 0.000000000000000000, 0.000000000000000000, -1.000000000000000000 ) ) ;
#1311 = CYLINDRICAL_SURFACE ( 'NONE', #138, 0.9000000000000119016 ) ;
#1312 = EDGE_CURVE ( 'NONE', #678, #762, #1376, .T. ) ;
#1313 = CARTESIAN_POINT ( 'NONE',  ( 648.1596423607655879, 784.7218673235711321, 0.000000000000000000 ) ) ;
#1314 = VECTOR ( 'NONE', #38, 1000.000000000000000 ) ;
#1315 = FACE_OUTER_BOUND ( 'NONE', #987, .T. ) ;
#1316 = EDGE_LOOP ( 'NONE', ( #900, #988 ) ) ;
#1317 = CARTESIAN_POINT ( 'NONE',  ( 613.6596423607655879, 839.2218673235711321, 2.000000000000000000 ) ) ;
#1318 = DIRECTION ( 'NONE',  ( -0.000000000000000000, -0.000000000000000000, 1.000000000000000000 ) ) ;
#1319 = LINE ( 'NONE', #707, #536 ) ;
#1320 = LINE ( 'NONE', #207, #881 ) ;
#1321 = ORIENTED_EDGE ( 'NONE', *, *, #1206, .T. ) ;
#1322 = EDGE_CURVE ( 'NONE', #1106, #318, #757, .T. ) ;
#1323 = DIRECTION ( 'NONE',  ( -1.000000000000000000, 0.000000000000000000, 0.000000000000000000 ) ) ;
#1324 = DIRECTION ( 'NONE',  ( 1.000000000000000000, 0.000000000000000000, 0.000000000000000000 ) ) ;
#1325 = DIRECTION ( 'NONE',  ( -0.000000000000000000, -0.000000000000000000, 1.000000000000000000 ) ) ;
#1326 = EDGE_CURVE ( 'NONE', #708, #1520, #1525, .T. ) ;
#1327 = EDGE_LOOP ( 'NONE', ( #534, #410, #504, #1544 ) ) ;
#1328 = VERTEX_POINT ( 'NONE', #515 ) ;
#1329 = DIRECTION ( 'NONE',  ( 0.000000000000000000, 0.000000000000000000, -1.000000000000000000 ) ) ;
#1330 = DIRECTION ( 'NONE',  ( -1.000000000000000000, -0.000000000000000000, -0.000000000000000000 ) ) ;
#1331 = VECTOR ( 'NONE', #565, 1000.000000000000000 ) ;
#1332 = ADVANCED_FACE ( 'NONE', ( #1401 ), #407, .F. ) ;
#1333 = ADVANCED_FACE ( 'NONE', ( #161 ), #1569, .F. ) ;
#1334 = DIRECTION ( 'NONE',  ( 1.000000000000000000, 0.000000000000000000, 0.000000000000000000 ) ) ;
#1335 = DIRECTION ( 'NONE',  ( 0.000000000000000000, 0.000000000000000000, -1.000000000000000000 ) ) ;
#1336 = EDGE_CURVE ( 'NONE', #1268, #1299, #430, .T. ) ;
#1337 = AXIS2_PLACEMENT_3D ( 'NONE', #24, #391, #147 ) ;
#1338 = DIRECTION ( 'NONE',  ( -0.000000000000000000, -0.000000000000000000, -1.000000000000000000 ) ) ;
#1339 = UNCERTAINTY_MEASURE_WITH_UNIT (LENGTH_MEASURE( 1.000000000000000082E-05 ), #116, 'distance_accuracy_value', 'NONE');
#1340 = EDGE_LOOP ( 'NONE', ( #597, #51, #1067, #175 ) ) ;
#1341 = ORIENTED_EDGE ( 'NONE', *, *, #584, .T. ) ;
#1342 = AXIS2_PLACEMENT_3D ( 'NONE', #830, #154, #650 ) ;
#1343 = EDGE_CURVE ( 'NONE', #266, #1398, #581, .T. ) ;
#1344 = DIRECTION ( 'NONE',  ( 0.000000000000000000, 0.000000000000000000, -1.000000000000000000 ) ) ;
#1345 = CARTESIAN_POINT ( 'NONE',  ( 626.3846423607654970, 825.2588751329409433, -1.100000000000000089 ) ) ;
#1346 = CIRCLE ( 'NONE', #1551, 1.499999999999945821 ) ;
#1347 = LINE ( 'NONE', #1093, #84 ) ;
#1348 = CARTESIAN_POINT ( 'NONE',  ( 626.3846423607654970, 825.2588751329409433, -1.100000000000000089 ) ) ;
#1349 = SURFACE_STYLE_USAGE ( .BOTH. , #743 ) ;
#1350 = VERTEX_POINT ( 'NONE', #431 ) ;
#1351 = EDGE_LOOP ( 'NONE', ( #525, #970 ) ) ;
#1352 =( NAMED_UNIT ( * ) SI_UNIT ( $, .STERADIAN. ) SOLID_ANGLE_UNIT ( ) );
#1353 = DIRECTION ( 'NONE',  ( 0.000000000000000000, 0.000000000000000000, -1.000000000000000000 ) ) ;
#1354 = EDGE_CURVE ( 'NONE', #901, #111, #143, .T. ) ;
#1355 = CARTESIAN_POINT ( 'NONE',  ( 613.6596423607655879, 775.2218673235712458, 0.000000000000000000 ) ) ;
#1356 = DIRECTION ( 'NONE',  ( 0.000000000000000000, -0.000000000000000000, -1.000000000000000000 ) ) ;
#1357 = CARTESIAN_POINT ( 'NONE',  ( 613.6596423607655879, 770.2218673235712458, 2.000000000000000000 ) ) ;
#1358 = ORIENTED_EDGE ( 'NONE', *, *, #308, .F. ) ;
#1359 = VERTEX_POINT ( 'NONE', #691 ) ;
#1360 = DIRECTION ( 'NONE',  ( 8.223874256482668095E-15, -1.000000000000000000, 0.000000000000000000 ) ) ;
#1361 = FACE_OUTER_BOUND ( 'NONE', #1413, .T. ) ;
#1362 = AXIS2_PLACEMENT_3D ( 'NONE', #1427, #1288, #316 ) ;
#1363 = FACE_OUTER_BOUND ( 'NONE', #223, .T. ) ;
#1364 = FILL_AREA_STYLE ('',( #850 ) ) ;
#1365 = ORIENTED_EDGE ( 'NONE', *, *, #824, .T. ) ;
#1366 = EDGE_LOOP ( 'NONE', ( #719, #1294 ) ) ;
#1367 = DIRECTION ( 'NONE',  ( 1.000000000000000000, 0.000000000000000000, 0.000000000000000000 ) ) ;
#1368 = FACE_OUTER_BOUND ( 'NONE', #764, .T. ) ;
#1369 = AXIS2_PLACEMENT_3D ( 'NONE', #1371, #400, #1010 ) ;
#1370 = DIRECTION ( 'NONE',  ( 0.000000000000000000, 0.000000000000000000, -1.000000000000000000 ) ) ;
#1371 = CARTESIAN_POINT ( 'NONE',  ( 626.3846423607654970, 825.2588751329409433, 0.000000000000000000 ) ) ;
#1372 = EDGE_LOOP ( 'NONE', ( #567, #62, #1358, #1117 ) ) ;
#1373 = ORIENTED_EDGE ( 'NONE', *, *, #19, .F. ) ;
#1374 = ADVANCED_FACE ( 'NONE', ( #65 ), #558, .F. ) ;
#1375 = DIRECTION ( 'NONE',  ( 1.000000000000000000, 0.000000000000000000, 0.000000000000000000 ) ) ;
#1376 = LINE ( 'NONE', #788, #196 ) ;
#1377 = CARTESIAN_POINT ( 'NONE',  ( 649.9346423607654515, 801.4088751329409206, 0.000000000000000000 ) ) ;
#1378 = VECTOR ( 'NONE', #856, 1000.000000000000000 ) ;
#1379 = EDGE_LOOP ( 'NONE', ( #225, #1341, #510, #947 ) ) ;
#1380 = VERTEX_POINT ( 'NONE', #570 ) ;
#1381 = PLANE ( 'NONE',  #405 ) ;
#1382 = CARTESIAN_POINT ( 'NONE',  ( 613.6596423607655879, 770.2218673235712458, 2.000000000000000000 ) ) ;
#1383 = CARTESIAN_POINT ( 'NONE',  ( 624.3846423607654970, 825.2588751329409433, 0.000000000000000000 ) ) ;
#1384 = EDGE_CURVE ( 'NONE', #1222, #940, #1060, .T. ) ;
#1385 = AXIS2_PLACEMENT_3D ( 'NONE', #76, #68, #554 ) ;
#1386 = AXIS2_PLACEMENT_3D ( 'NONE', #453, #1602, #571 ) ;
#1387 = EDGE_CURVE ( 'NONE', #607, #619, #1040, .T. ) ;
#1388 = PLANE ( 'NONE',  #1541 ) ;
#1389 = ORIENTED_EDGE ( 'NONE', *, *, #807, .T. ) ;
#1390 = ORIENTED_EDGE ( 'NONE', *, *, #573, .F. ) ;
#1391 = CIRCLE ( 'NONE', #1161, 0.9000000000000119016 ) ;
#1392 = CARTESIAN_POINT ( 'NONE',  ( 662.6596423607655879, 770.2218673235712458, 2.000000000000000000 ) ) ;
#1393 = CYLINDRICAL_SURFACE ( 'NONE', #1108, 5.000000000000004441 ) ;
#1394 = LINE ( 'NONE', #1128, #795 ) ;
#1395 = VECTOR ( 'NONE', #765, 1000.000000000000000 ) ;
#1396 = PRESENTATION_LAYER_ASSIGNMENT (  '', '', ( #487 ) ) ;
#1397 = DIRECTION ( 'NONE',  ( -0.000000000000000000, -0.000000000000000000, 1.000000000000000000 ) ) ;
#1398 = VERTEX_POINT ( 'NONE', #1447 ) ;
#1399 = ORIENTED_EDGE ( 'NONE', *, *, #1217, .F. ) ;
#1400 = DIRECTION ( 'NONE',  ( -0.000000000000000000, -0.000000000000000000, -1.000000000000000000 ) ) ;
#1401 = FACE_OUTER_BOUND ( 'NONE', #1505, .T. ) ;
#1402 = CYLINDRICAL_SURFACE ( 'NONE', #1083, 1.800000000000023803 ) ;
#1403 = EDGE_CURVE ( 'NONE', #1163, #577, #1346, .T. ) ;
#1404 = EDGE_CURVE ( 'NONE', #1350, #877, #360, .T. ) ;
#1405 = VERTEX_POINT ( 'NONE', #798 ) ;
#1406 = ORIENTED_EDGE ( 'NONE', *, *, #292, .F. ) ;
#1407 = CIRCLE ( 'NONE', #1123, 1.499999999999945821 ) ;
#1408 = DIRECTION ( 'NONE',  ( -1.000000000000000000, 0.000000000000000000, 0.000000000000000000 ) ) ;
#1409 = DIRECTION ( 'NONE',  ( 0.000000000000000000, 0.000000000000000000, -1.000000000000000000 ) ) ;
#1410 = CARTESIAN_POINT ( 'NONE',  ( 650.5096423607656106, 809.4588751329409888, 2.000000000000000000 ) ) ;
#1411 = CARTESIAN_POINT ( 'NONE',  ( 648.1596423607654742, 839.2218673235711321, 0.000000000000000000 ) ) ;
#1412 = EDGE_CURVE ( 'NONE', #858, #606, #1289, .T. ) ;
#1413 = EDGE_LOOP ( 'NONE', ( #1089, #349 ) ) ;
#1414 = EDGE_LOOP ( 'NONE', ( #875, #83, #656, #533 ) ) ;
#1415 = LINE ( 'NONE', #908, #971 ) ;
#1416 = DIRECTION ( 'NONE',  ( 0.000000000000000000, 0.000000000000000000, 1.000000000000000000 ) ) ;
#1417 = CARTESIAN_POINT ( 'NONE',  ( 613.6596423607655879, 839.2218673235711321, 2.000000000000000000 ) ) ;
#1418 = DIRECTION ( 'NONE',  ( -0.000000000000000000, -0.000000000000000000, -1.000000000000000000 ) ) ;
#1419 = AXIS2_PLACEMENT_3D ( 'NONE', #590, #1344, #962 ) ;
#1420 = VECTOR ( 'NONE', #1253, 1000.000000000000000 ) ;
#1421 = VECTOR ( 'NONE', #759, 1000.000000000000000 ) ;
#1422 = ORIENTED_EDGE ( 'NONE', *, *, #1235, .F. ) ;
#1423 = AXIS2_PLACEMENT_3D ( 'NONE', #321, #820, #1323 ) ;
#1424 = ORIENTED_EDGE ( 'NONE', *, *, #292, .T. ) ;
#1425 = DIRECTION ( 'NONE',  ( 1.000000000000000000, 0.000000000000000000, 0.000000000000000000 ) ) ;
#1426 = FACE_OUTER_BOUND ( 'NONE', #852, .T. ) ;
#1427 = CARTESIAN_POINT ( 'NONE',  ( 626.3846423607654970, 801.4088751329409206, -1.100000000000000089 ) ) ;
#1428 = CARTESIAN_POINT ( 'NONE',  ( 626.3846423607654970, 825.2588751329409433, -1.100000000000000089 ) ) ;
#1429 = AXIS2_PLACEMENT_3D ( 'NONE', #1195, #1565, #953 ) ;
#1430 = VERTEX_POINT ( 'NONE', #1074 ) ;
#1431 = FACE_OUTER_BOUND ( 'NONE', #1351, .T. ) ;
#1432 = CARTESIAN_POINT ( 'NONE',  ( 649.9346423607654515, 825.2588751329409433, 1.800000000000000044 ) ) ;
#1433 = LINE ( 'NONE', #685, #1019 ) ;
#1434 = ORIENTED_EDGE ( 'NONE', *, *, #464, .F. ) ;
#1435 = AXIS2_PLACEMENT_3D ( 'NONE', #1160, #1169, #295 ) ;
#1436 = ORIENTED_EDGE ( 'NONE', *, *, #356, .F. ) ;
#1437 = DIRECTION ( 'NONE',  ( 0.000000000000000000, 0.000000000000000000, 1.000000000000000000 ) ) ;
#1438 = CARTESIAN_POINT ( 'NONE',  ( 662.6596423607655879, 834.2218673235711321, 2.000000000000000000 ) ) ;
#1439 = LINE ( 'NONE', #806, #786 ) ;
#1440 = AXIS2_PLACEMENT_3D ( 'NONE', #651, #879, #399 ) ;
#1441 = EDGE_CURVE ( 'NONE', #577, #1163, #791, .T. ) ;
#1442 = CYLINDRICAL_SURFACE ( 'NONE', #445, 2.000000000000001776 ) ;
#1443 = ORIENTED_EDGE ( 'NONE', *, *, #1, .F. ) ;
#1444 = CIRCLE ( 'NONE', #1369, 2.000000000000001776 ) ;
#1445 = CIRCLE ( 'NONE', #976, 2.000000000000001776 ) ;
#1446 = ADVANCED_FACE ( 'NONE', ( #1431 ), #1191, .T. ) ;
#1447 = CARTESIAN_POINT ( 'NONE',  ( 613.6596423607655879, 834.2218673235711321, 2.000000000000000000 ) ) ;
#1448 = FACE_OUTER_BOUND ( 'NONE', #512, .T. ) ;
#1449 = FACE_OUTER_BOUND ( 'NONE', #1049, .T. ) ;
#1450 = EDGE_CURVE ( 'NONE', #1430, #318, #1576, .T. ) ;
#1451 = EDGE_CURVE ( 'NONE', #1405, #1299, #1182, .T. ) ;
#1452 = ORIENTED_EDGE ( 'NONE', *, *, #613, .F. ) ;
#1453 = ORIENTED_EDGE ( 'NONE', *, *, #60, .T. ) ;
#1454 = EDGE_CURVE ( 'NONE', #556, #858, #1538, .T. ) ;
#1455 = DIRECTION ( 'NONE',  ( 8.223874256482668095E-15, -1.000000000000000000, 0.000000000000000000 ) ) ;
#1456 = LINE ( 'NONE', #1464, #1282 ) ;
#1457 = CARTESIAN_POINT ( 'NONE',  ( 650.5096423607654970, 822.9588751329409888, 2.000000000000000000 ) ) ;
#1458 = CYLINDRICAL_SURFACE ( 'NONE', #1260, 2.000000000000001776 ) ;
#1459 = CARTESIAN_POINT ( 'NONE',  ( 628.3846423607654970, 801.4088751329409206, -1.100000000000000089 ) ) ;
#1460 = EDGE_CURVE ( 'NONE', #312, #1462, #1134, .T. ) ;
#1461 = ORIENTED_EDGE ( 'NONE', *, *, #990, .F. ) ;
#1462 = VERTEX_POINT ( 'NONE', #1554 ) ;
#1463 = DIRECTION ( 'NONE',  ( -1.000000000000000000, 0.000000000000000000, -0.000000000000000000 ) ) ;
#1464 = CARTESIAN_POINT ( 'NONE',  ( 618.6596423607655879, 839.2218673235711321, 0.000000000000000000 ) ) ;
#1465 = CARTESIAN_POINT ( 'NONE',  ( 662.6596423607655879, 770.2218673235712458, 2.000000000000000000 ) ) ;
#1466 = CARTESIAN_POINT ( 'NONE',  ( 612.1596423607655879, 770.2218673235712458, 2.000000000000000000 ) ) ;
#1467 = DIRECTION ( 'NONE',  ( 1.000000000000000000, 0.000000000000000000, 0.000000000000000000 ) ) ;
#1468 = ORIENTED_EDGE ( 'NONE', *, *, #136, .F. ) ;
#1469 = EDGE_CURVE ( 'NONE', #1398, #159, #1561, .T. ) ;
#1470 = ORIENTED_EDGE ( 'NONE', *, *, #760, .F. ) ;
#1471 = AXIS2_PLACEMENT_3D ( 'NONE', #1475, #228, #1102 ) ;
#1472 =( NAMED_UNIT ( * ) PLANE_ANGLE_UNIT ( ) SI_UNIT ( $, .RADIAN. ) );
#1473 = AXIS2_PLACEMENT_3D ( 'NONE', #1114, #485, #357 ) ;
#1474 = CARTESIAN_POINT ( 'NONE',  ( 625.8096423607655652, 822.9588751329409888, 0.000000000000000000 ) ) ;
#1475 = CARTESIAN_POINT ( 'NONE',  ( 613.6596423607655879, 770.2218673235712458, 2.000000000000000000 ) ) ;
#1476 = FACE_OUTER_BOUND ( 'NONE', #1189, .T. ) ;
#1477 = ORIENTED_EDGE ( 'NONE', *, *, #124, .T. ) ;
#1478 = VERTEX_POINT ( 'NONE', #942 ) ;
#1479 = CARTESIAN_POINT ( 'NONE',  ( 649.0346423607654742, 825.2588751329409433, -1.100000000000000089 ) ) ;
#1480 = DIRECTION ( 'NONE',  ( 0.000000000000000000, 0.000000000000000000, 1.000000000000000000 ) ) ;
#1481 = DIRECTION ( 'NONE',  ( -1.000000000000000000, 0.000000000000000000, 0.000000000000000000 ) ) ;
#1482 = DIRECTION ( 'NONE',  ( -0.000000000000000000, -0.000000000000000000, 1.000000000000000000 ) ) ;
#1483 = CARTESIAN_POINT ( 'NONE',  ( 628.3846423607654970, 825.2588751329409433, 0.000000000000000000 ) ) ;
#1484 = VERTEX_POINT ( 'NONE', #103 ) ;
#1485 = ORIENTED_EDGE ( 'NONE', *, *, #1502, .F. ) ;
#1486 = DIRECTION ( 'NONE',  ( 1.000000000000000000, 0.000000000000000000, 0.000000000000000000 ) ) ;
#1487 = CARTESIAN_POINT ( 'NONE',  ( 650.5096423607654970, 822.9588751329409888, 0.000000000000000000 ) ) ;
#1488 = CIRCLE ( 'NONE', #814, 1.800000000000023803 ) ;
#1489 = DIRECTION ( 'NONE',  ( -0.000000000000000000, -0.000000000000000000, 1.000000000000000000 ) ) ;
#1490 = CARTESIAN_POINT ( 'NONE',  ( 650.8346423607655424, 825.2588751329409433, -1.100000000000000089 ) ) ;
#1491 = EDGE_CURVE ( 'NONE', #1299, #1268, #1137, .T. ) ;
#1492 = EDGE_LOOP ( 'NONE', ( #1118, #802 ) ) ;
#1493 = AXIS2_PLACEMENT_3D ( 'NONE', #813, #1310, #1167 ) ;
#1494 = ORIENTED_EDGE ( 'NONE', *, *, #198, .F. ) ;
#1495 = CIRCLE ( 'NONE', #199, 1.499999999999945821 ) ;
#1496 = LINE ( 'NONE', #137, #145 ) ;
#1497 = VECTOR ( 'NONE', #131, 1000.000000000000000 ) ;
#1498 = CARTESIAN_POINT ( 'NONE',  ( 649.9346423607654515, 825.2588751329409433, -1.100000000000000089 ) ) ;
#1499 = CARTESIAN_POINT ( 'NONE',  ( 626.3846423607654970, 801.4088751329409206, -1.100000000000000089 ) ) ;
#1500 = PRODUCT_DEFINITION_FORMATION_WITH_SPECIFIED_SOURCE ( 'ANY', '', #897, .NOT_KNOWN. ) ;
#1501 = AXIS2_PLACEMENT_3D ( 'NONE', #904, #286, #1278 ) ;
#1502 = EDGE_CURVE ( 'NONE', #762, #127, #1548, .T. ) ;
#1503 = ORIENTED_EDGE ( 'NONE', *, *, #1003, .F. ) ;
#1505 = EDGE_LOOP ( 'NONE', ( #436, #284, #252, #241 ) ) ;
#1504 = EDGE_CURVE ( 'NONE', #22, #142, #96, .T. ) ;
#1506 = EDGE_CURVE ( 'NONE', #1064, #1574, #1000, .T. ) ;
#1507 = CYLINDRICAL_SURFACE ( 'NONE', #433, 0.9000000000000119016 ) ;
#1508 = DIRECTION ( 'NONE',  ( -1.000000000000000000, 0.000000000000000000, 0.000000000000000000 ) ) ;
#1509 = CARTESIAN_POINT ( 'NONE',  ( 628.1596423607654742, 839.2218673235711321, 2.000000000000000000 ) ) ;
#1510 = EDGE_CURVE ( 'NONE', #688, #1478, #377, .T. ) ;
#1511 = CARTESIAN_POINT ( 'NONE',  ( 649.9346423607654515, 801.4088751329409206, 1.800000000000000044 ) ) ;
#1512 = ORIENTED_EDGE ( 'NONE', *, *, #415, .F. ) ;
#1513 = EDGE_LOOP ( 'NONE', ( #165, #1164, #851, #95 ) ) ;
#1514 = CARTESIAN_POINT ( 'NONE',  ( 613.6596423607655879, 775.2218673235712458, 2.000000000000000000 ) ) ;
#1515 = CARTESIAN_POINT ( 'NONE',  ( 625.8096423607655652, 822.9588751329409888, 0.000000000000000000 ) ) ;
#1516 = LINE ( 'NONE', #1250, #1497 ) ;
#1517 = VECTOR ( 'NONE', #1547, 1000.000000000000000 ) ;
#1518 = FACE_OUTER_BOUND ( 'NONE', #53, .T. ) ;
#1519 = ORIENTED_EDGE ( 'NONE', *, *, #1281, .T. ) ;
#1520 = VERTEX_POINT ( 'NONE', #1211 ) ;
#1521 = EDGE_CURVE ( 'NONE', #389, #288, #299, .T. ) ;
#1522 = ADVANCED_FACE ( 'NONE', ( #616 ), #469, .T. ) ;
#1523 = VECTOR ( 'NONE', #1262, 1000.000000000000000 ) ;
#1524 = DIRECTION ( 'NONE',  ( -8.223874256482668095E-15, 1.000000000000000000, -0.000000000000000000 ) ) ;
#1525 = LINE ( 'NONE', #506, #18 ) ;
#1526 = CARTESIAN_POINT ( 'NONE',  ( 613.6596423607655879, 834.2218673235711321, 0.000000000000000000 ) ) ;
#1527 = CIRCLE ( 'NONE', #822, 1.800000000000023803 ) ;
#1528 = CARTESIAN_POINT ( 'NONE',  ( 647.9346423607654515, 825.2588751329409433, 0.000000000000000000 ) ) ;
#1529 = ORIENTED_EDGE ( 'NONE', *, *, #170, .T. ) ;
#1530 = ORIENTED_EDGE ( 'NONE', *, *, #182, .F. ) ;
#1531 = CARTESIAN_POINT ( 'NONE',  ( 613.6596423607655879, 770.2218673235712458, 2.000000000000000000 ) ) ;
#1532 = DIRECTION ( 'NONE',  ( -0.000000000000000000, -0.000000000000000000, -1.000000000000000000 ) ) ;
#1533 = CYLINDRICAL_SURFACE ( 'NONE', #1542, 5.000000000000004441 ) ;
#1534 = CARTESIAN_POINT ( 'NONE',  ( 649.0346423607654742, 825.2588751329409433, -1.100000000000000089 ) ) ;
#1535 = ORIENTED_EDGE ( 'NONE', *, *, #1510, .F. ) ;
#1536 = VERTEX_POINT ( 'NONE', #492 ) ;
#1537 = DIRECTION ( 'NONE',  ( 0.000000000000000000, 0.000000000000000000, 1.000000000000000000 ) ) ;
#1538 = LINE ( 'NONE', #1068, #797 ) ;
#1539 = CARTESIAN_POINT ( 'NONE',  ( 664.1596423607654742, 770.2218673235712458, 0.000000000000000000 ) ) ;
#1540 = LINE ( 'NONE', #918, #574 ) ;
#1541 = AXIS2_PLACEMENT_3D ( 'NONE', #1012, #647, #769 ) ;
#1542 = AXIS2_PLACEMENT_3D ( 'NONE', #1417, #917, #413 ) ;
#1543 = EDGE_LOOP ( 'NONE', ( #555, #1560, #1044, #458 ) ) ;
#1544 = ORIENTED_EDGE ( 'NONE', *, *, #627, .T. ) ;
#1545 = DIRECTION ( 'NONE',  ( -1.000000000000000000, 0.000000000000000000, 0.000000000000000000 ) ) ;
#1546 = LINE ( 'NONE', #1555, #1331 ) ;
#1547 = DIRECTION ( 'NONE',  ( -0.000000000000000000, -0.000000000000000000, -1.000000000000000000 ) ) ;
#1548 = CIRCLE ( 'NONE', #435, 5.000000000000004441 ) ;
#1549 = VECTOR ( 'NONE', #860, 1000.000000000000000 ) ;
#1550 = ORIENTED_EDGE ( 'NONE', *, *, #973, .T. ) ;
#1551 = AXIS2_PLACEMENT_3D ( 'NONE', #334, #1051, #187 ) ;
#1552 = ORIENTED_EDGE ( 'NONE', *, *, #683, .F. ) ;
#1553 = EDGE_CURVE ( 'NONE', #549, #468, #500, .T. ) ;
#1554 = CARTESIAN_POINT ( 'NONE',  ( 628.1596423607654742, 839.2218673235711321, 2.000000000000000000 ) ) ;
#1555 = CARTESIAN_POINT ( 'NONE',  ( 646.3596423607656334, 784.7218673235711321, -1.100999999999999979 ) ) ;
#1556 = CYLINDRICAL_SURFACE ( 'NONE', #1233, 0.9000000000000119016 ) ;
#1557 = EDGE_CURVE ( 'NONE', #153, #628, #1293, .T. ) ;
#1558 = EDGE_LOOP ( 'NONE', ( #1246, #1047, #960, #310 ) ) ;
#1559 = EDGE_LOOP ( 'NONE', ( #1477, #1147 ) ) ;
#1560 = ORIENTED_EDGE ( 'NONE', *, *, #1454, .F. ) ;
#1561 = LINE ( 'NONE', #54, #150 ) ;
#1562 = CARTESIAN_POINT ( 'NONE',  ( 662.6596423607655879, 839.2218673235711321, 2.000000000000000000 ) ) ;
#1563 = CARTESIAN_POINT ( 'NONE',  ( 608.6596423607654742, 770.2218673235712458, 0.000000000000000000 ) ) ;
#1564 = ADVANCED_FACE ( 'NONE', ( #209, #340 ), #1593, .T. ) ;
#1565 = DIRECTION ( 'NONE',  ( 0.000000000000000000, 0.000000000000000000, -1.000000000000000000 ) ) ;
#1566 = VECTOR ( 'NONE', #49, 1000.000000000000000 ) ;
#1567 = VERTEX_POINT ( 'NONE', #1081 ) ;
#1568 = EDGE_CURVE ( 'NONE', #1398, #556, #350, .T. ) ;
#1569 = CYLINDRICAL_SURFACE ( 'NONE', #920, 1.499999999999945821 ) ;
#1570 = PLANE ( 'NONE',  #1075 ) ;
#1571 = DIRECTION ( 'NONE',  ( -0.000000000000000000, -0.000000000000000000, 1.000000000000000000 ) ) ;
#1572 = VECTOR ( 'NONE', #1286, 1000.000000000000000 ) ;
#1573 = PLANE ( 'NONE',  #1429 ) ;
#1574 = VERTEX_POINT ( 'NONE', #981 ) ;
#1575 = AXIS2_PLACEMENT_3D ( 'NONE', #1017, #140, #1152 ) ;
#1576 = CIRCLE ( 'NONE', #224, 1.499999999999945821 ) ;
#1577 = DIRECTION ( 'NONE',  ( -0.000000000000000000, -1.000000000000000000, -0.000000000000000000 ) ) ;
#1578 = LINE ( 'NONE', #599, #1048 ) ;
#1579 = LINE ( 'NONE', #1457, #1190 ) ;
#1580 = PLANE ( 'NONE',  #768 ) ;
#1581 = EDGE_LOOP ( 'NONE', ( #498, #133, #444, #1259 ) ) ;
#1582 = ORIENTED_EDGE ( 'NONE', *, *, #1611, .F. ) ;
#1583 = ORIENTED_EDGE ( 'NONE', *, *, #833, .T. ) ;
#1584 = DIRECTION ( 'NONE',  ( 1.000000000000000000, 0.000000000000000000, 0.000000000000000000 ) ) ;
#1585 = DIRECTION ( 'NONE',  ( -0.000000000000000000, -0.000000000000000000, -1.000000000000000000 ) ) ;
#1586 = CARTESIAN_POINT ( 'NONE',  ( 626.3846423607654970, 825.2588751329409433, 0.000000000000000000 ) ) ;
#1587 = FACE_OUTER_BOUND ( 'NONE', #186, .T. ) ;
#1588 = EDGE_CURVE ( 'NONE', #877, #939, #460, .T. ) ;
#1589 = FACE_BOUND ( 'NONE', #232, .T. ) ;
#1590 = ORIENTED_EDGE ( 'NONE', *, *, #231, .F. ) ;
#1591 = CIRCLE ( 'NONE', #603, 0.9000000000000119016 ) ;
#1592 = ORIENTED_EDGE ( 'NONE', *, *, #372, .T. ) ;
#1593 = PLANE ( 'NONE',  #712 ) ;
#1594 = FACE_OUTER_BOUND ( 'NONE', #28, .T. ) ;
#1595 = CARTESIAN_POINT ( 'NONE',  ( 649.9346423607654515, 801.4088751329409206, -1.100000000000000089 ) ) ;
#1596 = DIRECTION ( 'NONE',  ( 1.000000000000000000, 0.000000000000000000, 0.000000000000000000 ) ) ;
#1597 = SURFACE_STYLE_FILL_AREA ( #1364 ) ;
#1598 = EDGE_LOOP ( 'NONE', ( #884, #696, #709, #439 ) ) ;
#1599 = ORIENTED_EDGE ( 'NONE', *, *, #1557, .F. ) ;
#1600 = VECTOR ( 'NONE', #1325, 1000.000000000000000 ) ;
#1601 =( GEOMETRIC_REPRESENTATION_CONTEXT ( 3 ) GLOBAL_UNCERTAINTY_ASSIGNED_CONTEXT ( ( #1339 ) ) GLOBAL_UNIT_ASSIGNED_CONTEXT ( ( #116, #1237, #497 ) ) REPRESENTATION_CONTEXT ( 'NONE', 'WORKASPACE' ) );
#1602 = DIRECTION ( 'NONE',  ( -0.000000000000000000, -0.000000000000000000, 1.000000000000000000 ) ) ;
#1603 = DIRECTION ( 'NONE',  ( -1.000000000000000000, 0.000000000000000000, 0.000000000000000000 ) ) ;
#1604 = CARTESIAN_POINT ( 'NONE',  ( 618.6596423607655879, 839.2218673235711321, 2.000000000000000000 ) ) ;
#1605 = PRESENTATION_STYLE_ASSIGNMENT (( #1349 ) ) ;
#1606 = ORIENTED_EDGE ( 'NONE', *, *, #1022, .F. ) ;
#1607 = EDGE_LOOP ( 'NONE', ( #1422, #1072 ) ) ;
#1608 = DIRECTION ( 'NONE',  ( -0.000000000000000000, -0.000000000000000000, 1.000000000000000000 ) ) ;
#1609 = CARTESIAN_POINT ( 'NONE',  ( 613.6596423607655879, 839.2218673235711321, 0.000000000000000000 ) ) ;
#1610 = PLANE ( 'NONE',  #67 ) ;
#1611 = EDGE_CURVE ( 'NONE', #939, #338, #173, .T. ) ;
ENDSEC;
END-ISO-10303-21;
