ISO-10303-21;
HEADER;
FILE_DESCRIPTION (( 'STEP AP214' ),
    '1' );
FILE_NAME ('Enclosure.STEP',
    '2026-08-13T08:53:52',
    ( '' ),
    ( '' ),
    'SwSTEP 2.0',
    'SolidWorks 2026',
    '' );
FILE_SCHEMA (( 'AUTOMOTIVE_DESIGN' ));
ENDSEC;

DATA;
#1 = EDGE_CURVE ( 'NONE', #2275, #2067, #1122, .T. ) ;
#2 = VERTEX_POINT ( 'NONE', #1117 ) ;
#3 = VECTOR ( 'NONE', #162, 1000.000000000000227 ) ;
#4 = VECTOR ( 'NONE', #1842, 1000.000000000000000 ) ;
#5 = LINE ( 'NONE', #2717, #1853 ) ;
#6 = ORIENTED_EDGE ( 'NONE', *, *, #1986, .T. ) ;
#7 = CARTESIAN_POINT ( 'NONE',  ( -657.6527849185240484, 816.4814667561942088, -17.72880324093026871 ) ) ;
#8 = CARTESIAN_POINT ( 'NONE',  ( -663.2168213242692900, 820.4822226882109817, -16.69999999999999574 ) ) ;
#9 =( LENGTH_UNIT ( ) NAMED_UNIT ( * ) SI_UNIT ( .MILLI., .METRE. ) );
#10 = ORIENTED_EDGE ( 'NONE', *, *, #2404, .T. ) ;
#11 = ORIENTED_EDGE ( 'NONE', *, *, #882, .F. ) ;
#12 = DIRECTION ( 'NONE',  ( -1.000000000000000000, 0.000000000000000000, 0.000000000000000000 ) ) ;
#13 = LINE ( 'NONE', #699, #47 ) ;
#14 = VERTEX_POINT ( 'NONE', #926 ) ;
#15 = CARTESIAN_POINT ( 'NONE',  ( -662.1189485024730175, 789.8507532264776501, -18.69999999999999929 ) ) ;
#16 = CARTESIAN_POINT ( 'NONE',  ( -657.4168213242693355, 839.4822226882110954, -22.00000000000000711 ) ) ;
#17 = ORIENTED_EDGE ( 'NONE', *, *, #2528, .T. ) ;
#18 = EDGE_CURVE ( 'NONE', #669, #1113, #1774, .T. ) ;
#19 = FACE_OUTER_BOUND ( 'NONE', #1633, .T. ) ;
#20 = VERTEX_POINT ( 'NONE', #1102 ) ;
#21 = FACE_OUTER_BOUND ( 'NONE', #1047, .T. ) ;
#22 = CARTESIAN_POINT ( 'NONE',  ( -660.4168213242693355, 793.4572226882108907, -16.88490196008639188 ) ) ;
#23 = ORIENTED_EDGE ( 'NONE', *, *, #1551, .F. ) ;
#24 = CARTESIAN_POINT ( 'NONE',  ( -636.8675408737778980, 841.5162875344128679, -17.00000000000000711 ) ) ;
#25 = DIRECTION ( 'NONE',  ( 0.000000000000000000, -1.000000000000000000, 0.000000000000000000 ) ) ;
#26 = AXIS2_PLACEMENT_3D ( 'NONE', #1632, #1202, #1436 ) ;
#27 = VECTOR ( 'NONE', #1659, 1000.000000000000000 ) ;
#28 = ORIENTED_EDGE ( 'NONE', *, *, #1100, .F. ) ;
#29 = ORIENTED_EDGE ( 'NONE', *, *, #1615, .F. ) ;
#30 = CARTESIAN_POINT ( 'NONE',  ( -658.2819510043443643, 792.2693382303737053, -1.744902356967039658 ) ) ;
#31 = EDGE_CURVE ( 'NONE', #240, #1812, #951, .T. ) ;
#32 = CARTESIAN_POINT ( 'NONE',  ( -616.6112780459449141, 781.8170033656813303, -5.083984878006998720 ) ) ;
#33 = ORIENTED_EDGE ( 'NONE', *, *, #58, .T. ) ;
#34 = AXIS2_PLACEMENT_3D ( 'NONE', #66, #962, #2086 ) ;
#35 = CARTESIAN_POINT ( 'NONE',  ( -658.5155108203373402, 818.8255688874487532, -18.55286838155151230 ) ) ;
#36 = DIRECTION ( 'NONE',  ( 0.000000000000000000, 0.000000000000000000, 1.000000000000000000 ) ) ;
#37 =( NAMED_UNIT ( * ) PLANE_ANGLE_UNIT ( ) SI_UNIT ( $, .RADIAN. ) );
#38 = ORIENTED_EDGE ( 'NONE', *, *, #1918, .F. ) ;
#39 = DIRECTION ( 'NONE',  ( -0.000000000000000000, -0.000000000000000000, -1.000000000000000000 ) ) ;
#40 = LINE ( 'NONE', #2695, #2285 ) ;
#41 = VECTOR ( 'NONE', #2843, 1000.000000000000000 ) ;
#42 = CARTESIAN_POINT ( 'NONE',  ( -662.2902780030093481, 791.9975386881556005, -18.33639941712067412 ) ) ;
#43 = CARTESIAN_POINT ( 'NONE',  ( -657.4168213242693355, 770.4822226882110954, -22.00000000000000711 ) ) ;
#44 = CARTESIAN_POINT ( 'NONE',  ( -662.4168213242693355, 793.3564512712449641, -2.201502958697464152 ) ) ;
#45 = EDGE_CURVE ( 'NONE', #2409, #1857, #2487, .T. ) ;
#46 = ORIENTED_EDGE ( 'NONE', *, *, #2123, .F. ) ;
#47 = VECTOR ( 'NONE', #446, 1000.000000000000000 ) ;
#48 = AXIS2_PLACEMENT_3D ( 'NONE', #529, #1179, #545 ) ;
#49 = CARTESIAN_POINT ( 'NONE',  ( -634.7451177861813676, 837.4822226882110954, -19.00000000000000711 ) ) ;
#50 = DIRECTION ( 'NONE',  ( -0.000000000000000000, -0.000000000000000000, -1.000000000000000000 ) ) ;
#51 = LINE ( 'NONE', #459, #2140 ) ;
#52 = ORIENTED_EDGE ( 'NONE', *, *, #2591, .F. ) ;
#53 = DIRECTION ( 'NONE',  ( 0.000000000000000000, 0.000000000000000000, 1.000000000000000000 ) ) ;
#54 = CARTESIAN_POINT ( 'NONE',  ( -609.8168213242693128, 770.4822226882110954, -22.00000000000000711 ) ) ;
#55 = UNCERTAINTY_MEASURE_WITH_UNIT (LENGTH_MEASURE( 1.000000000000000082E-05 ), #331, 'distance_accuracy_value', 'NONE');
#56 = CARTESIAN_POINT ( 'NONE',  ( -657.8501765636561913, 793.2240678541946863, -2.136076275145341707 ) ) ;
#57 = ADVANCED_FACE ( 'NONE', ( #449, #1803 ), #716, .F. ) ;
#58 = EDGE_CURVE ( 'NONE', #690, #557, #505, .T. ) ;
#59 = EDGE_CURVE ( 'NONE', #1931, #2902, #2699, .T. ) ;
#60 = CARTESIAN_POINT ( 'NONE',  ( -662.1189485024729038, 789.8513092808937017, -1.300000000000007372 ) ) ;
#61 = EDGE_LOOP ( 'NONE', ( #2035, #339 ) ) ;
#62 = CARTESIAN_POINT ( 'NONE',  ( -603.4158213242692455, 820.4822226882109817, -10.00000000000000178 ) ) ;
#63 = ADVANCED_FACE ( 'NONE', ( #1420 ), #2780, .F. ) ;
#64 = DIRECTION ( 'NONE',  ( 1.000000000000000000, -0.000000000000000000, -0.000000000000000000 ) ) ;
#65 = EDGE_LOOP ( 'NONE', ( #28, #1123 ) ) ;
#66 = CARTESIAN_POINT ( 'NONE',  ( -652.4168213242693355, 839.4822226882110954, -22.00000000000000711 ) ) ;
#67 = DIRECTION ( 'NONE',  ( 0.000000000000000000, 0.000000000000000000, 1.000000000000000000 ) ) ;
#68 = CARTESIAN_POINT ( 'NONE',  ( -657.4168213242685397, 787.1848520246187491, -22.00000000000269651 ) ) ;
#69 = DIRECTION ( 'NONE',  ( 0.000000000000000000, 0.8660254037844358210, 0.5000000000000048850 ) ) ;
#70 = DIRECTION ( 'NONE',  ( -0.000000000000000000, -0.000000000000000000, -1.000000000000000000 ) ) ;
#71 = AXIS2_PLACEMENT_3D ( 'NONE', #1797, #903, #1356 ) ;
#72 = AXIS2_PLACEMENT_3D ( 'NONE', #821, #156, #2119 ) ;
#73 = CARTESIAN_POINT ( 'NONE',  ( -662.2154760766762820, 787.6717142056360217, -1.482698264363905283 ) ) ;
#74 = ORIENTED_EDGE ( 'NONE', *, *, #317, .F. ) ;
#75 = DIRECTION ( 'NONE',  ( -0.000000000000000000, -0.000000000000000000, -1.000000000000000000 ) ) ;
#76 = LINE ( 'NONE', #90, #1105 ) ;
#77 = EDGE_CURVE ( 'NONE', #240, #845, #1332, .T. ) ;
#78 = VERTEX_POINT ( 'NONE', #1225 ) ;
#79 = CARTESIAN_POINT ( 'NONE',  ( -608.4168213242693355, 770.4822226882110954, -22.00000000000000711 ) ) ;
#80 = CARTESIAN_POINT ( 'NONE',  ( -658.8168213242693128, 770.4822226882110954, 2.000999999999999446 ) ) ;
#81 = CARTESIAN_POINT ( 'NONE',  ( -610.4168213242693355, 837.4822226882110954, 0.000000000000000000 ) ) ;
#82 = CARTESIAN_POINT ( 'NONE',  ( -630.7451177861813676, 841.4822226882110954, -15.00000000000000711 ) ) ;
#83 = CIRCLE ( 'NONE', #2515, 1.399999999999956835 ) ;
#84 = VECTOR ( 'NONE', #2049, 1000.000000000000114 ) ;
#85 = ADVANCED_FACE ( 'NONE', ( #1007 ), #1648, .F. ) ;
#86 = CARTESIAN_POINT ( 'NONE',  ( -662.4168213242693355, 785.2847323242389166, -2.379562043795626192 ) ) ;
#87 = ORIENTED_EDGE ( 'NONE', *, *, #2438, .T. ) ;
#88 = ADVANCED_FACE ( 'NONE', ( #1185 ), #538, .T. ) ;
#89 = CARTESIAN_POINT ( 'NONE',  ( -655.4168213242693355, 772.4822226882110954, -22.00000000000000711 ) ) ;
#90 = CARTESIAN_POINT ( 'NONE',  ( -660.4168213242693355, 824.4572226882111181, -16.88490196008607569 ) ) ;
#91 = AXIS2_PLACEMENT_3D ( 'NONE', #995, #569, #1889 ) ;
#92 = ORIENTED_EDGE ( 'NONE', *, *, #1104, .T. ) ;
#93 = FACE_OUTER_BOUND ( 'NONE', #1330, .T. ) ;
#94 = AXIS2_PLACEMENT_3D ( 'NONE', #710, #36, #1996 ) ;
#95 = CYLINDRICAL_SURFACE ( 'NONE', #1875, 5.000000000000004441 ) ;
#96 = CARTESIAN_POINT ( 'NONE',  ( -657.4168213242693355, 796.0920638360754538, -22.00000000000000711 ) ) ;
#97 = DIRECTION ( 'NONE',  ( 0.000000000000000000, -0.5000000000000048850, 0.8660254037844358210 ) ) ;
#98 = CARTESIAN_POINT ( 'NONE',  ( -657.4168213242693355, 834.4822226882110954, -22.00000000000000711 ) ) ;
#99 = CARTESIAN_POINT ( 'NONE',  ( -662.2899913374996004, 791.9949461449648425, -1.662845463795171064 ) ) ;
#100 = EDGE_LOOP ( 'NONE', ( #1281, #432, #1081, #92, #1526, #2886 ) ) ;
#101 = CARTESIAN_POINT ( 'NONE',  ( -616.6112780459449141, 772.4822226882110954, -5.083984878006998720 ) ) ;
#102 = CARTESIAN_POINT ( 'NONE',  ( -603.4158213242692455, 820.4822226882109817, -10.00000000000000178 ) ) ;
#103 =( BOUNDED_SURFACE ( )  B_SPLINE_SURFACE ( 3, 2, ( 
 ( #524, #981, #96 ),
 ( #1184, #1876, #785 ),
 ( #2075, #506, #2333 ),
 ( #2088, #1022, #2804 ),
 ( #1683, #338, #552 ),
 ( #313, #993, #1419 ),
 ( #1405, #2554, #757 ),
 ( #1211, #2768, #537 ),
 ( #1628, #2512, #1432 ),
 ( #1909, #567, #1887 ),
 ( #2292, #2346, #2103 ),
 ( #2779, #1862, #68 ),
 ( #287, #2304, #1224 ),
 ( #770, #327, #1670 ),
 ( #2115, #107, #1006 ),
 ( #1898, #2791, #2571 ),
 ( #1455, #122, #2753 ),
 ( #2529, #2817, #1710 ) ),
 .UNSPECIFIED., .F., .F., .T. ) 
 B_SPLINE_SURFACE_WITH_KNOTS ( ( 4, 2, 2, 2, 2, 2, 2, 2, 4 ),
 ( 3, 3 ),
 ( 0.009859177158171065006, 0.01159219582143962077, 0.01332521448470817479, 0.01505823314797672882, 0.01679125181124528285, 0.01852427047451384035, 0.02025728913778239437, 0.02199030780105094840, 0.02372332646431950243 ),
 ( 0.000000000000000000, 1.000000000000000000 ),
 .UNSPECIFIED. ) 
 GEOMETRIC_REPRESENTATION_ITEM ( )  RATIONAL_B_SPLINE_SURFACE ( (
 ( 1.000000000000000000, 0.7071067811865460184, 1.000000000000000000),
 ( 1.000000000000000000, 0.7242930886681907543, 1.000000000000000000),
 ( 1.000000000000000000, 0.7399895422158807579, 1.000000000000000000),
 ( 1.000000000000000000, 0.7676454107707862962, 1.000000000000000000),
 ( 1.000000000000000000, 0.7796490692553057489, 1.000000000000000000),
 ( 1.000000000000000000, 0.7988957083652343805, 1.000000000000000000),
 ( 1.000000000000000000, 0.8062117826287559241, 1.000000000000000000),
 ( 1.000000000000000000, 0.8160416752053895051, 1.000000000000000000),
 ( 1.000000000000000000, 0.8185569641796821561, 1.000000000000000000),
 ( 1.000000000000000000, 0.8185133080614874768, 1.000000000000000000),
 ( 1.000000000000000000, 0.8159633601625209121, 1.000000000000000000),
 ( 1.000000000000000000, 0.8060912513552307423, 1.000000000000000000),
 ( 1.000000000000000000, 0.7987673721964431151, 1.000000000000000000),
 ( 1.000000000000000000, 0.7795396334186107667, 1.000000000000000000),
 ( 1.000000000000000000, 0.7675216010416401335, 1.000000000000000000),
 ( 1.000000000000000000, 0.7398409530848217841, 1.000000000000000000),
 ( 1.000000000000000000, 0.7241765865400292546, 1.000000000000000000),
 ( 1.000000000000000000, 0.7071067811865455743, 1.000000000000000000) ) ) 
 REPRESENTATION_ITEM ( '' )  SURFACE ( )  );
#104 = ORIENTED_EDGE ( 'NONE', *, *, #1390, .F. ) ;
#105 = DIRECTION ( 'NONE',  ( -1.000000000000000000, 0.000000000000000000, 0.000000000000000000 ) ) ;
#106 = LINE ( 'NONE', #769, #2905 ) ;
#107 = CARTESIAN_POINT ( 'NONE',  ( -658.1625546965398144, 786.3465922605023479, -18.12625006210529222 ) ) ;
#108 = CARTESIAN_POINT ( 'NONE',  ( -662.4168213242693355, 793.6797130521832742, -17.62043795620438047 ) ) ;
#109 = CARTESIAN_POINT ( 'NONE',  ( -662.4168213242693355, 782.8723815403468507, -22.00000000000000355 ) ) ;
#110 = FACE_OUTER_BOUND ( 'NONE', #2178, .T. ) ;
#111 = VERTEX_POINT ( 'NONE', #1173 ) ;
#112 = AXIS2_PLACEMENT_3D ( 'NONE', #694, #2273, #426 ) ;
#113 = EDGE_CURVE ( 'NONE', #669, #2561, #2089, .T. ) ;
#114 = CARTESIAN_POINT ( 'NONE',  ( -662.4168213242693355, 820.4822226882109817, -10.00000000000000178 ) ) ;
#115 = CARTESIAN_POINT ( 'NONE',  ( -658.2819510043443643, 823.2693382303737053, -1.744902356967175105 ) ) ;
#116 = AXIS2_PLACEMENT_3D ( 'NONE', #635, #179, #2599 ) ;
#117 = ORIENTED_EDGE ( 'NONE', *, *, #1977, .T. ) ;
#118 = PLANE ( 'NONE',  #1723 ) ;
#119 = B_SPLINE_CURVE_WITH_KNOTS ( 'NONE', 3,
 ( #1388, #2221, #1346, #227, #684, #2712, #726, #893, #1578, #490 ),
 .UNSPECIFIED., .F., .F.,
 ( 4, 2, 2, 2, 4 ),
 ( 0.004394011237468661672, 0.005494171514196110988, 0.006594331790923561171, 0.007694492067651010486, 0.008794652344378459802 ),
 .UNSPECIFIED. ) ;
#120 = CARTESIAN_POINT ( 'NONE',  ( -657.4168213242693355, 789.4822226882110954, -10.00000000000000178 ) ) ;
#121 = EDGE_CURVE ( 'NONE', #1715, #762, #953, .T. ) ;
#122 = CARTESIAN_POINT ( 'NONE',  ( -657.6527849185698642, 785.4814667561290662, -17.72880324094863269 ) ) ;
#123 = EDGE_LOOP ( 'NONE', ( #809, #624 ) ) ;
#124 = PLANE ( 'NONE',  #1495 ) ;
#125 = ORIENTED_EDGE ( 'NONE', *, *, #2788, .F. ) ;
#126 = CARTESIAN_POINT ( 'NONE',  ( -662.2153337236759398, 787.6731646358171020, -18.51758380608899657 ) ) ;
#127 = VECTOR ( 'NONE', #365, 1000.000000000000000 ) ;
#128 = DIRECTION ( 'NONE',  ( 0.000000000000000000, 0.000000000000000000, 1.000000000000000000 ) ) ;
#129 = CARTESIAN_POINT ( 'NONE',  ( -662.2905708509579199, 817.9642090073307372, -1.664344179295299320 ) ) ;
#130 = VERTEX_POINT ( 'NONE', #1888 ) ;
#131 = LINE ( 'NONE', #2184, #2189 ) ;
#132 = CARTESIAN_POINT ( 'NONE',  ( -660.4168213242693355, 789.4822226882110954, -10.00000000000000178 ) ) ;
#133 = VECTOR ( 'NONE', #1327, 1000.000000000000227 ) ;
#134 = CARTESIAN_POINT ( 'NONE',  ( -663.2168213242692900, 789.4822226882110954, -3.300000000000006928 ) ) ;
#135 = VECTOR ( 'NONE', #2830, 1000.000000000000000 ) ;
#136 = CARTESIAN_POINT ( 'NONE',  ( -663.2168213242692900, 789.4822226882110954, -10.00000000000000178 ) ) ;
#137 = ORIENTED_EDGE ( 'NONE', *, *, #2532, .F. ) ;
#138 = CIRCLE ( 'NONE', #2527, 1.399999999999956835 ) ;
#139 = FACE_OUTER_BOUND ( 'NONE', #1802, .T. ) ;
#140 = EDGE_LOOP ( 'NONE', ( #2176, #1786, #476, #2451 ) ) ;
#141 = ORIENTED_EDGE ( 'NONE', *, *, #270, .F. ) ;
#142 = LINE ( 'NONE', #2811, #2312 ) ;
#143 = EDGE_CURVE ( 'NONE', #702, #2615, #314, .T. ) ;
#144 = CARTESIAN_POINT ( 'NONE',  ( -657.6543672425168552, 816.4827860177210823, -2.270470083256947103 ) ) ;
#145 = ORIENTED_EDGE ( 'NONE', *, *, #2070, .T. ) ;
#146 = EDGE_CURVE ( 'NONE', #1845, #2222, #677, .T. ) ;
#147 = CARTESIAN_POINT ( 'NONE',  ( -608.4168213242693355, 839.4822226882110954, 2.000999999999999446 ) ) ;
#148 = CARTESIAN_POINT ( 'NONE',  ( -663.2168213242692900, 789.4822226882110954, -15.89999999999998970 ) ) ;
#149 = DIRECTION ( 'NONE',  ( 0.000000000000000000, -1.000000000000000000, 0.000000000000000000 ) ) ;
#150 = LINE ( 'NONE', #1696, #1624 ) ;
#151 = ORIENTED_EDGE ( 'NONE', *, *, #1682, .F. ) ;
#152 = FACE_BOUND ( 'NONE', #2881, .T. ) ;
#153 = EDGE_LOOP ( 'NONE', ( #433, #2039 ) ) ;
#154 = ORIENTED_EDGE ( 'NONE', *, *, #2776, .T. ) ;
#155 = ORIENTED_EDGE ( 'NONE', *, *, #45, .T. ) ;
#156 = DIRECTION ( 'NONE',  ( -0.000000000000000000, -0.000000000000000000, -1.000000000000000000 ) ) ;
#157 = CARTESIAN_POINT ( 'NONE',  ( -662.2909453866363947, 823.0035303961009276, -1.665386376222889098 ) ) ;
#158 = VECTOR ( 'NONE', #1090, 1000.000000000000000 ) ;
#159 = VECTOR ( 'NONE', #606, 1000.000000000000000 ) ;
#160 = TOROIDAL_SURFACE ( 'NONE', #2501, 13.69999999999999396, 5.000000000000000000 ) ;
#161 = DIRECTION ( 'NONE',  ( -0.000000000000000000, -0.000000000000000000, 1.000000000000000000 ) ) ;
#162 = DIRECTION ( 'NONE',  ( 0.000000000000000000, 0.5000000000000053291, 0.8660254037844355990 ) ) ;
#163 = DIRECTION ( 'NONE',  ( -1.000000000000000000, 0.000000000000000000, 0.000000000000000000 ) ) ;
#164 = DIRECTION ( 'NONE',  ( 1.000000000000000000, -0.000000000000000000, -0.000000000000000000 ) ) ;
#165 = DIRECTION ( 'NONE',  ( 1.000000000000000000, 0.000000000000000000, 0.000000000000000000 ) ) ;
#166 = ORIENTED_EDGE ( 'NONE', *, *, #1848, .F. ) ;
#167 = ORIENTED_EDGE ( 'NONE', *, *, #18, .F. ) ;
#168 = AXIS2_PLACEMENT_3D ( 'NONE', #683, #2471, #667 ) ;
#169 = ORIENTED_EDGE ( 'NONE', *, *, #1382, .F. ) ;
#170 = CARTESIAN_POINT ( 'NONE',  ( -630.7451177861813676, 838.0366952384683827, -17.00000000000000711 ) ) ;
#171 = CARTESIAN_POINT ( 'NONE',  ( -662.4168213242693355, 816.2847323242386892, -2.379562043795681703 ) ) ;
#172 = EDGE_CURVE ( 'NONE', #1296, #2234, #1445, .T. ) ;
#173 = AXIS2_PLACEMENT_3D ( 'NONE', #1196, #105, #2113 ) ;
#174 = DIRECTION ( 'NONE',  ( 1.000000000000000000, 0.000000000000000000, 0.000000000000000000 ) ) ;
#175 = FACE_OUTER_BOUND ( 'NONE', #1998, .T. ) ;
#176 = LINE ( 'NONE', #2637, #159 ) ;
#177 = ORIENTED_EDGE ( 'NONE', *, *, #1882, .F. ) ;
#178 = ORIENTED_EDGE ( 'NONE', *, *, #1019, .T. ) ;
#179 = DIRECTION ( 'NONE',  ( -0.000000000000000000, -0.000000000000000000, -1.000000000000000000 ) ) ;
#180 = PLANE ( 'NONE',  #1962 ) ;
#181 = ORIENTED_EDGE ( 'NONE', *, *, #1615, .T. ) ;
#182 = ORIENTED_EDGE ( 'NONE', *, *, #1682, .T. ) ;
#183 = VECTOR ( 'NONE', #803, 1000.000000000000000 ) ;
#184 = VECTOR ( 'NONE', #261, 1000.000000000000000 ) ;
#185 = ORIENTED_EDGE ( 'NONE', *, *, #1573, .T. ) ;
#186 = EDGE_CURVE ( 'NONE', #595, #1999, #2530, .T. ) ;
#187 = DIRECTION ( 'NONE',  ( 0.000000000000000000, 0.000000000000000000, 1.000000000000000000 ) ) ;
#188 = DIRECTION ( 'NONE',  ( -1.000000000000000000, -0.000000000000000000, -0.000000000000000000 ) ) ;
#189 = CARTESIAN_POINT ( 'NONE',  ( -658.6097393524115660, 820.0543772100843398, -18.69973755800845083 ) ) ;
#190 = CARTESIAN_POINT ( 'NONE',  ( -657.4168213242693355, 839.4822226882110954, -22.00000000000000711 ) ) ;
#191 = CARTESIAN_POINT ( 'NONE',  ( -616.6112780459449141, 770.4822226882110954, -2.019892580075744792 ) ) ;
#192 = ORIENTED_EDGE ( 'NONE', *, *, #2142, .F. ) ;
#193 = EDGE_LOOP ( 'NONE', ( #2794, #1972, #2616, #611 ) ) ;
#194 = DIRECTION ( 'NONE',  ( 1.000000000000000000, 0.000000000000000000, 0.000000000000000000 ) ) ;
#195 = DIRECTION ( 'NONE',  ( -1.000000000000000000, -0.000000000000000000, -0.000000000000000000 ) ) ;
#196 = ORIENTED_EDGE ( 'NONE', *, *, #2419, .F. ) ;
#197 = VERTEX_POINT ( 'NONE', #994 ) ;
#198 = EDGE_LOOP ( 'NONE', ( #682, #219, #613, #2566 ) ) ;
#199 = DIRECTION ( 'NONE',  ( 1.000000000000000000, -0.000000000000000000, -0.000000000000000000 ) ) ;
#200 = VERTEX_POINT ( 'NONE', #1212 ) ;
#201 = CARTESIAN_POINT ( 'NONE',  ( -660.4168213242693355, 816.5072226882110726, -16.88490196008607569 ) ) ;
#202 = EDGE_CURVE ( 'NONE', #632, #1740, #2104, .T. ) ;
#203 = CARTESIAN_POINT ( 'NONE',  ( -657.4168213242684260, 823.3325998537533223, -22.00000000000374456 ) ) ;
#204 = DIRECTION ( 'NONE',  ( 0.000000000000000000, 1.000000000000000000, 0.000000000000000000 ) ) ;
#205 = CARTESIAN_POINT ( 'NONE',  ( -662.3304130951174784, 823.3446881937595663, -1.776245046607714206 ) ) ;
#206 = ORIENTED_EDGE ( 'NONE', *, *, #2106, .T. ) ;
#207 = PRODUCT_DEFINITION_FORMATION_WITH_SPECIFIED_SOURCE ( 'ANY', '', #2808, .NOT_KNOWN. ) ;
#208 = ORIENTED_EDGE ( 'NONE', *, *, #1008, .F. ) ;
#209 = DIRECTION ( 'NONE',  ( 1.000000000000000000, 0.000000000000000000, 0.000000000000000000 ) ) ;
#210 = EDGE_CURVE ( 'NONE', #707, #2187, #1156, .T. ) ;
#211 = DIRECTION ( 'NONE',  ( 0.000000000000000000, 0.8759124087591203534, -0.4824701567784228096 ) ) ;
#212 = ORIENTED_EDGE ( 'NONE', *, *, #1402, .F. ) ;
#213 = ADVANCED_FACE ( 'NONE', ( #1849 ), #2739, .F. ) ;
#214 = ORIENTED_EDGE ( 'NONE', *, *, #330, .T. ) ;
#215 = ORIENTED_EDGE ( 'NONE', *, *, #1177, .T. ) ;
#216 = FACE_BOUND ( 'NONE', #1502, .T. ) ;
#217 = EDGE_LOOP ( 'NONE', ( #11, #2287, #2422, #319 ) ) ;
#218 = DIRECTION ( 'NONE',  ( -1.000000000000000000, 0.000000000000000000, 0.000000000000000000 ) ) ;
#219 = ORIENTED_EDGE ( 'NONE', *, *, #2444, .T. ) ;
#220 = DIRECTION ( 'NONE',  ( 0.000000000000000000, 1.000000000000000000, 0.000000000000000000 ) ) ;
#221 = CARTESIAN_POINT ( 'NONE',  ( -632.4586247044031779, 837.4822226882110954, -17.00000000000000711 ) ) ;
#222 = VECTOR ( 'NONE', #2482, 1000.000000000000000 ) ;
#223 = FACE_BOUND ( 'NONE', #468, .T. ) ;
#224 = ORIENTED_EDGE ( 'NONE', *, *, #2745, .T. ) ;
#225 = ORIENTED_EDGE ( 'NONE', *, *, #1768, .F. ) ;
#226 = CARTESIAN_POINT ( 'NONE',  ( -657.4168213242693355, 839.4822226882110954, 2.000000000000000000 ) ) ;
#227 = CARTESIAN_POINT ( 'NONE',  ( -662.1809247009181263, 819.0288274410047507, -18.58541298362159111 ) ) ;
#228 = ORIENTED_EDGE ( 'NONE', *, *, #229, .T. ) ;
#229 = EDGE_CURVE ( 'NONE', #1606, #2583, #328, .T. ) ;
#230 = ORIENTED_EDGE ( 'NONE', *, *, #359, .T. ) ;
#231 = CARTESIAN_POINT ( 'NONE',  ( -657.4168213242681986, 787.1949569648410261, 2.000000000003677947 ) ) ;
#232 = AXIS2_PLACEMENT_3D ( 'NONE', #1375, #2496, #952 ) ;
#233 = EDGE_LOOP ( 'NONE', ( #185, #1785, #1116, #653, #52, #2235 ) ) ;
#234 = DIRECTION ( 'NONE',  ( 1.000000000000000000, -0.000000000000000000, -0.000000000000000000 ) ) ;
#235 = ORIENTED_EDGE ( 'NONE', *, *, #2528, .F. ) ;
#236 = CARTESIAN_POINT ( 'NONE',  ( -658.5164723246274434, 822.1317918705231023, -18.55427061974198466 ) ) ;
#237 = CARTESIAN_POINT ( 'NONE',  ( -610.4168213242693355, 837.4822226882110954, 0.000000000000000000 ) ) ;
#238 = DIRECTION ( 'NONE',  ( 0.000000000000000000, -0.4824701567784044354, 0.8759124087591302343 ) ) ;
#239 = EDGE_CURVE ( 'NONE', #2902, #2638, #2555, .T. ) ;
#240 = VERTEX_POINT ( 'NONE', #108 ) ;
#241 = DIRECTION ( 'NONE',  ( -1.000000000000000000, -0.000000000000000000, -0.000000000000000000 ) ) ;
#242 = CARTESIAN_POINT ( 'NONE',  ( -608.4168213242693355, 770.4822226882110954, 2.000000000000000000 ) ) ;
#243 = EDGE_CURVE ( 'NONE', #2187, #1944, #1899, .T. ) ;
#244 = EDGE_LOOP ( 'NONE', ( #1988, #1613, #2408, #2809 ) ) ;
#245 = CARTESIAN_POINT ( 'NONE',  ( -657.4168213242717229, 790.0701986978932609, 1.999999999993539168 ) ) ;
#246 = CARTESIAN_POINT ( 'NONE',  ( -608.4168213242693355, 775.4822226882110954, 2.000000000000000000 ) ) ;
#247 = ORIENTED_EDGE ( 'NONE', *, *, #1, .F. ) ;
#248 = CARTESIAN_POINT ( 'NONE',  ( -662.2905708509579199, 823.0002363690909988, -18.33565582070479039 ) ) ;
#249 = DIRECTION ( 'NONE',  ( 0.000000000000000000, 0.000000000000000000, 1.000000000000000000 ) ) ;
#250 = DIRECTION ( 'NONE',  ( -1.000000000000000000, 0.000000000000000000, 0.000000000000000000 ) ) ;
#251 = ORIENTED_EDGE ( 'NONE', *, *, #1036, .F. ) ;
#252 = DIRECTION ( 'NONE',  ( -1.000000000000000000, 0.000000000000000000, 0.000000000000000000 ) ) ;
#253 = FACE_OUTER_BOUND ( 'NONE', #2151, .T. ) ;
#254 = AXIS2_PLACEMENT_3D ( 'NONE', #934, #50, #1828 ) ;
#255 = EDGE_LOOP ( 'NONE', ( #1728, #1959, #1348, #1841, #1358 ) ) ;
#256 = EDGE_CURVE ( 'NONE', #2486, #1166, #2145, .T. ) ;
#257 = DIRECTION ( 'NONE',  ( -1.000000000000000000, 0.000000000000000000, 0.000000000000000000 ) ) ;
#258 = CARTESIAN_POINT ( 'NONE',  ( -632.8175408737779435, 841.5162875344128679, -17.00000000000000711 ) ) ;
#259 = ORIENTED_EDGE ( 'NONE', *, *, #1227, .T. ) ;
#260 = EDGE_CURVE ( 'NONE', #2234, #2852, #813, .T. ) ;
#261 = DIRECTION ( 'NONE',  ( -1.000000000000000000, 0.000000000000000000, 0.000000000000000000 ) ) ;
#262 = CARTESIAN_POINT ( 'NONE',  ( -662.2902780030093481, 817.9669066882665902, -1.663600582879331657 ) ) ;
#263 = PRESENTATION_STYLE_ASSIGNMENT (( #887 ) ) ;
#264 = ORIENTED_EDGE ( 'NONE', *, *, #1187, .T. ) ;
#265 = PLANE ( 'NONE',  #1681 ) ;
#266 = DIRECTION ( 'NONE',  ( 0.000000000000000000, 0.4824701567784244749, 0.8759124087591192431 ) ) ;
#267 = EDGE_CURVE ( 'NONE', #2067, #1586, #1749, .T. ) ;
#268 = EDGE_CURVE ( 'NONE', #335, #2328, #1926, .T. ) ;
#269 = ADVANCED_FACE ( 'NONE', ( #1037 ), #2612, .F. ) ;
#270 = EDGE_CURVE ( 'NONE', #1931, #2125, #2402, .T. ) ;
#271 = B_SPLINE_CURVE_WITH_KNOTS ( 'NONE', 3,
 ( #2516, #60, #2079, #512, #2771, #99, #2758, #1411, #44, #527 ),
 .UNSPECIFIED., .F., .F.,
 ( 4, 2, 2, 2, 4 ),
 ( 0.004394011237468660805, 0.005494171514196110120, 0.006594331790923558569, 0.007694492067651007017, 0.008794652344378456332 ),
 .UNSPECIFIED. ) ;
#272 = DIRECTION ( 'NONE',  ( 0.000000000000000000, 0.000000000000000000, 1.000000000000000000 ) ) ;
#273 = CARTESIAN_POINT ( 'NONE',  ( -657.4168213242697902, 792.3411703648548610, 1.999999999998130829 ) ) ;
#274 = EDGE_CURVE ( 'NONE', #632, #381, #1938, .T. ) ;
#275 = VECTOR ( 'NONE', #25, 1000.000000000000000 ) ;
#276 = CYLINDRICAL_SURFACE ( 'NONE', #26, 6.699999999999994849 ) ;
#277 = VERTEX_POINT ( 'NONE', #1093 ) ;
#278 = AXIS2_PLACEMENT_3D ( 'NONE', #1400, #800, #2751 ) ;
#279 = CIRCLE ( 'NONE', #562, 5.899999999999989697 ) ;
#280 = FACE_OUTER_BOUND ( 'NONE', #198, .T. ) ;
#281 = ADVANCED_FACE ( 'NONE', ( #1765 ), #1306, .F. ) ;
#282 = FACE_BOUND ( 'NONE', #806, .T. ) ;
#283 = DIRECTION ( 'NONE',  ( 0.000000000000000000, 0.000000000000000000, 1.000000000000000000 ) ) ;
#284 = ORIENTED_EDGE ( 'NONE', *, *, #425, .F. ) ;
#285 = DIRECTION ( 'NONE',  ( 1.000000000000000000, -0.000000000000000000, -0.000000000000000000 ) ) ;
#286 = CARTESIAN_POINT ( 'NONE',  ( -662.1810031516289428, 821.9366063982164405, -18.58526049881894338 ) ) ;
#287 = CARTESIAN_POINT ( 'NONE',  ( -662.2159786756980111, 787.6666865724188256, -18.51625536417091311 ) ) ;
#288 = CARTESIAN_POINT ( 'NONE',  ( -616.6112780459449141, 781.8170033656813303, -2.019892580075744792 ) ) ;
#289 = CARTESIAN_POINT ( 'NONE',  ( -662.4168213242693355, 793.6797130521832742, -2.379562043795626192 ) ) ;
#290 = DIRECTION ( 'NONE',  ( 0.000000000000000000, 0.000000000000000000, 1.000000000000000000 ) ) ;
#291 = EDGE_CURVE ( 'NONE', #2085, #130, #829, .T. ) ;
#292 = ORIENTED_EDGE ( 'NONE', *, *, #1265, .T. ) ;
#293 = CARTESIAN_POINT ( 'NONE',  ( -660.4168213242693355, 828.4322226882110272, -10.00000000000001243 ) ) ;
#294 = EDGE_CURVE ( 'NONE', #1085, #1296, #176, .T. ) ;
#295 = ORIENTED_EDGE ( 'NONE', *, *, #1551, .T. ) ;
#296 = CARTESIAN_POINT ( 'NONE',  ( -662.1189485024729038, 789.4822226882110954, -1.300000000000008260 ) ) ;
#297 = LINE ( 'NONE', #1482, #135 ) ;
#298 = CARTESIAN_POINT ( 'NONE',  ( -608.4168213242693355, 770.4822226882110954, 2.000999999999999446 ) ) ;
#299 = CARTESIAN_POINT ( 'NONE',  ( -608.4168213242693355, 839.4822226882110954, 2.000000000000000000 ) ) ;
#300 = ADVANCED_FACE ( 'NONE', ( #1483 ), #2373, .F. ) ;
#301 = AXIS2_PLACEMENT_3D ( 'NONE', #618, #2202, #2433 ) ;
#302 = VECTOR ( 'NONE', #1013, 1000.000000000000000 ) ;
#303 = LINE ( 'NONE', #2295, #2879 ) ;
#304 = EDGE_LOOP ( 'NONE', ( #2249, #1930, #1082, #2252 ) ) ;
#305 = AXIS2_PLACEMENT_3D ( 'NONE', #1957, #814, #620 ) ;
#306 = CARTESIAN_POINT ( 'NONE',  ( -657.4168213242693355, 834.4822226882110954, -22.00000000000000711 ) ) ;
#307 = FACE_OUTER_BOUND ( 'NONE', #1777, .T. ) ;
#308 = DIRECTION ( 'NONE',  ( 0.000000000000000000, 0.000000000000000000, -1.000000000000000000 ) ) ;
#309 = AXIS2_PLACEMENT_3D ( 'NONE', #2584, #1685, #581 ) ;
#310 = ORIENTED_EDGE ( 'NONE', *, *, #1347, .T. ) ;
#311 = DIRECTION ( 'NONE',  ( 1.000000000000000000, -0.000000000000000000, -0.000000000000000000 ) ) ;
#312 = CARTESIAN_POINT ( 'NONE',  ( -660.4168213242693355, 824.4572226882111181, -16.88490196008607569 ) ) ;
#313 = CARTESIAN_POINT ( 'NONE',  ( -662.2154255178780886, 791.2923162166739530, -18.51745926180841906 ) ) ;
#314 = LINE ( 'NONE', #288, #27 ) ;
#315 = PLANE ( 'NONE',  #1447 ) ;
#316 = CIRCLE ( 'NONE', #1444, 1.399999999999956835 ) ;
#317 = EDGE_CURVE ( 'NONE', #2226, #14, #647, .T. ) ;
#318 = CARTESIAN_POINT ( 'NONE',  ( -662.2902780030093481, 786.9669066882667039, -1.663600582879331657 ) ) ;
#319 = ORIENTED_EDGE ( 'NONE', *, *, #384, .F. ) ;
#320 = CYLINDRICAL_SURFACE ( 'NONE', #1541, 5.899999999999989697 ) ;
#321 = CYLINDRICAL_SURFACE ( 'NONE', #585, 5.899999999999989697 ) ;
#322 = CIRCLE ( 'NONE', #91, 4.000000000000001776 ) ;
#323 = AXIS2_PLACEMENT_3D ( 'NONE', #2055, #2096, #946 ) ;
#324 = ORIENTED_EDGE ( 'NONE', *, *, #2133, .F. ) ;
#325 = DIRECTION ( 'NONE',  ( 0.000000000000000000, -1.000000000000000000, 0.000000000000000000 ) ) ;
#326 = CARTESIAN_POINT ( 'NONE',  ( -663.9168213242693355, 820.4822226882109817, -16.69999999999999929 ) ) ;
#327 = CARTESIAN_POINT ( 'NONE',  ( -658.2819510043444780, 786.6951071460487128, -18.25509764303239990 ) ) ;
#328 = LINE ( 'NONE', #1863, #2173 ) ;
#329 = DIRECTION ( 'NONE',  ( -1.000000000000000000, 0.000000000000000000, 0.000000000000000000 ) ) ;
#330 = EDGE_CURVE ( 'NONE', #2108, #1845, #854, .T. ) ;
#331 =( LENGTH_UNIT ( ) NAMED_UNIT ( * ) SI_UNIT ( .MILLI., .METRE. ) );
#332 = ORIENTED_EDGE ( 'NONE', *, *, #268, .F. ) ;
#333 = PLANE ( 'NONE',  #1216 ) ;
#334 = FACE_BOUND ( 'NONE', #2693, .T. ) ;
#335 = VERTEX_POINT ( 'NONE', #842 ) ;
#336 = FACE_OUTER_BOUND ( 'NONE', #1393, .T. ) ;
#337 = CARTESIAN_POINT ( 'NONE',  ( -662.3306612396067976, 823.3470858734523290, -18.22288225662552463 ) ) ;
#338 = CARTESIAN_POINT ( 'NONE',  ( -658.2830136760625237, 792.2660768539207083, -18.25625769378320840 ) ) ;
#339 = ORIENTED_EDGE ( 'NONE', *, *, #521, .F. ) ;
#340 = DIRECTION ( 'NONE',  ( 0.000000000000000000, 0.000000000000000000, -1.000000000000000000 ) ) ;
#341 = EDGE_CURVE ( 'NONE', #1510, #1808, #83, .T. ) ;
#342 = AXIS2_PLACEMENT_3D ( 'NONE', #2069, #959, #2747 ) ;
#343 =( NAMED_UNIT ( * ) PLANE_ANGLE_UNIT ( ) SI_UNIT ( $, .RADIAN. ) );
#344 = DIRECTION ( 'NONE',  ( 1.000000000000000000, 0.000000000000000000, -0.000000000000000000 ) ) ;
#345 = CARTESIAN_POINT ( 'NONE',  ( -658.4564279104793059, 822.5322566886544564, -1.533257769856898767 ) ) ;
#346 = VECTOR ( 'NONE', #2405, 1000.000000000000000 ) ;
#347 = ORIENTED_EDGE ( 'NONE', *, *, #700, .T. ) ;
#348 = CARTESIAN_POINT ( 'NONE',  ( -660.4168213242693355, 0.000000000000000000, 0.000000000000000000 ) ) ;
#349 = CYLINDRICAL_SURFACE ( 'NONE', #1646, 8.699999999999992184 ) ;
#350 = FACE_OUTER_BOUND ( 'NONE', #1945, .T. ) ;
#351 = ORIENTED_EDGE ( 'NONE', *, *, #354, .T. ) ;
#352 = PLANE ( 'NONE',  #2802 ) ;
#353 = EDGE_CURVE ( 'NONE', #411, #1509, #1250, .T. ) ;
#354 = EDGE_CURVE ( 'NONE', #2072, #2316, #2399, .T. ) ;
#355 = VERTEX_POINT ( 'NONE', #2186 ) ;
#356 = EDGE_LOOP ( 'NONE', ( #548, #826 ) ) ;
#357 = CARTESIAN_POINT ( 'NONE',  ( -662.1189485024729038, 789.1131360955282616, -18.69999999999999929 ) ) ;
#358 = AXIS2_PLACEMENT_3D ( 'NONE', #1372, #1342, #2691 ) ;
#359 = EDGE_CURVE ( 'NONE', #111, #2478, #1080, .T. ) ;
#360 = CARTESIAN_POINT ( 'NONE',  ( -658.5164723246596168, 818.8326535059633215, -1.445729380256859820 ) ) ;
#361 = EDGE_LOOP ( 'NONE', ( #1099, #383 ) ) ;
#362 = FACE_OUTER_BOUND ( 'NONE', #2177, .T. ) ;
#363 = CARTESIAN_POINT ( 'NONE',  ( -613.4168213242693355, 839.4822226882110954, 2.000000000000000000 ) ) ;
#364 = VECTOR ( 'NONE', #1594, 1000.000000000000000 ) ;
#365 = DIRECTION ( 'NONE',  ( -1.000000000000000000, -0.000000000000000000, -0.000000000000000000 ) ) ;
#366 = VECTOR ( 'NONE', #2302, 1000.000000000000227 ) ;
#367 = DIRECTION ( 'NONE',  ( -1.000000000000000000, -0.000000000000000000, -0.000000000000000000 ) ) ;
#368 = VERTEX_POINT ( 'NONE', #631 ) ;
#369 = VECTOR ( 'NONE', #848, 1000.000000000000000 ) ;
#370 = CYLINDRICAL_SURFACE ( 'NONE', #1214, 1.399999999999956835 ) ;
#371 = ORIENTED_EDGE ( 'NONE', *, *, #573, .T. ) ;
#372 = VECTOR ( 'NONE', #1433, 1000.000000000000000 ) ;
#373 = ORIENTED_EDGE ( 'NONE', *, *, #2303, .T. ) ;
#374 = LINE ( 'NONE', #1688, #681 ) ;
#375 = CARTESIAN_POINT ( 'NONE',  ( -657.4168213242693355, 813.8723815403468507, -22.00000000000000711 ) ) ;
#376 = DIRECTION ( 'NONE',  ( 0.000000000000000000, 0.000000000000000000, -1.000000000000000000 ) ) ;
#377 = CYLINDRICAL_SURFACE ( 'NONE', #1364, 1.399999999999956835 ) ;
#378 = CARTESIAN_POINT ( 'NONE',  ( -656.0168213242694719, 839.4822226882110954, 2.000999999999999446 ) ) ;
#379 = DIRECTION ( 'NONE',  ( 0.000000000000000000, 0.000000000000000000, -1.000000000000000000 ) ) ;
#380 = CARTESIAN_POINT ( 'NONE',  ( -656.0168213242694719, 770.4822226882110954, 2.000000000000000000 ) ) ;
#381 = VERTEX_POINT ( 'NONE', #1523 ) ;
#382 = ORIENTED_EDGE ( 'NONE', *, *, #1308, .T. ) ;
#383 = ORIENTED_EDGE ( 'NONE', *, *, #1605, .T. ) ;
#384 = EDGE_CURVE ( 'NONE', #2615, #2207, #409, .T. ) ;
#385 = LINE ( 'NONE', #2180, #1619 ) ;
#386 = CARTESIAN_POINT ( 'NONE',  ( -662.3315179229870182, 823.3549647648502514, -1.779862079005930964 ) ) ;
#387 = VECTOR ( 'NONE', #2463, 1000.000000000000000 ) ;
#388 = VECTOR ( 'NONE', #2769, 1000.000000000000000 ) ;
#389 = CARTESIAN_POINT ( 'NONE',  ( -657.4168213242693355, 834.4822226882110954, -22.00000000000000711 ) ) ;
#390 = CARTESIAN_POINT ( 'NONE',  ( -663.9168213242693355, 820.4822226882109817, -10.00000000000000178 ) ) ;
#391 = CARTESIAN_POINT ( 'NONE',  ( -622.9168213242693355, 839.4822226882110954, -44.36067977499792647 ) ) ;
#392 = ORIENTED_EDGE ( 'NONE', *, *, #763, .T. ) ;
#393 = VERTEX_POINT ( 'NONE', #1145 ) ;
#394 = MANIFOLD_SOLID_BREP ( 'Fillet1', #2369 ) ;
#395 = CARTESIAN_POINT ( 'NONE',  ( -660.4168213242693355, 824.4572226882111181, -16.88490196008607569 ) ) ;
#396 = CARTESIAN_POINT ( 'NONE',  ( -609.8168213242693128, 839.4822226882110954, -22.00000000000000711 ) ) ;
#397 = ORIENTED_EDGE ( 'NONE', *, *, #916, .T. ) ;
#398 =( BOUNDED_SURFACE ( )  B_SPLINE_SURFACE ( 3, 2, ( 
 ( #1733, #799, #2595 ),
 ( #2635, #628, #576 ),
 ( #1521, #2397, #2412 ),
 ( #1233, #1763, #1538 ),
 ( #248, #693, #932 ),
 ( #424, #407, #203 ),
 ( #1110, #236, #2258 ),
 ( #1995, #2200, #1154 ),
 ( #2040, #675, #867 ),
 ( #1827, #189, #2891 ),
 ( #1813, #1143, #2654 ),
 ( #1301, #35, #1781 ),
 ( #2721, #644, #469 ),
 ( #2029, #2448, #661 ),
 ( #2431, #708, #2466 ),
 ( #2688, #884, #456 ),
 ( #2706, #7, #439 ),
 ( #1125, #1091, #1355 ) ),
 .UNSPECIFIED., .F., .F., .F. ) 
 B_SPLINE_SURFACE_WITH_KNOTS ( ( 4, 2, 2, 2, 2, 2, 2, 2, 4 ),
 ( 3, 3 ),
 ( 0.009859177158171065006, 0.01159219582143962077, 0.01332521448470817479, 0.01505823314797672882, 0.01679125181124528285, 0.01852427047451384035, 0.02025728913778239437, 0.02199030780105094840, 0.02372332646431950243 ),
 ( 0.000000000000000000, 1.000000000000000000 ),
 .UNSPECIFIED. ) 
 GEOMETRIC_REPRESENTATION_ITEM ( )  RATIONAL_B_SPLINE_SURFACE ( (
 ( 1.000000000000000000, 0.7071067811865460184, 1.000000000000000000),
 ( 1.000000000000000000, 0.7242930886676540725, 1.000000000000000000),
 ( 1.000000000000000000, 0.7399895422165863046, 1.000000000000000000),
 ( 1.000000000000000000, 0.7676454107700854124, 1.000000000000000000),
 ( 1.000000000000000000, 0.7796490692556898860, 1.000000000000000000),
 ( 1.000000000000000000, 0.7988957083648502433, 1.000000000000000000),
 ( 1.000000000000000000, 0.8062117826284047606, 1.000000000000000000),
 ( 1.000000000000000000, 0.8160416752057395584, 1.000000000000000000),
 ( 1.000000000000000000, 0.8185569641796821561, 1.000000000000000000),
 ( 1.000000000000000000, 0.8185133080614874768, 1.000000000000000000),
 ( 1.000000000000000000, 0.8159633601623306198, 1.000000000000000000),
 ( 1.000000000000000000, 0.8060912513554221448, 1.000000000000000000),
 ( 1.000000000000000000, 0.7987673721964431151, 1.000000000000000000),
 ( 1.000000000000000000, 0.7795396334186107667, 1.000000000000000000),
 ( 1.000000000000000000, 0.7675216010416424650, 1.000000000000000000),
 ( 1.000000000000000000, 0.7398409530848241156, 1.000000000000000000),
 ( 1.000000000000000000, 0.7241765865400295876, 1.000000000000000000),
 ( 1.000000000000000000, 0.7071067811865455743, 1.000000000000000000) ) ) 
 REPRESENTATION_ITEM ( '' )  SURFACE ( )  );
#399 = ORIENTED_EDGE ( 'NONE', *, *, #2419, .T. ) ;
#400 = VECTOR ( 'NONE', #1077, 1000.000000000000000 ) ;
#401 = EDGE_LOOP ( 'NONE', ( #1678, #208 ) ) ;
#402 = ADVANCED_FACE ( 'NONE', ( #223, #920 ), #1815, .F. ) ;
#403 = LINE ( 'NONE', #862, #2671 ) ;
#404 = CARTESIAN_POINT ( 'NONE',  ( -657.8501765636561913, 824.2240678541944590, -2.136076275145316394 ) ) ;
#405 = B_SPLINE_CURVE_WITH_KNOTS ( 'NONE', 3,
 ( #2493, #2724, #722, #1323, #1603, #2016, #205, #904, #2894, #1784 ),
 .UNSPECIFIED., .F., .F.,
 ( 4, 2, 2, 2, 4 ),
 ( 0.004394011237468660805, 0.005494171514196110120, 0.006594331790923558569, 0.007694492067651007017, 0.008794652344378456332 ),
 .UNSPECIFIED. ) ;
#406 = VECTOR ( 'NONE', #1208, 1000.000000000000000 ) ;
#407 = CARTESIAN_POINT ( 'NONE',  ( -658.4575195136998218, 822.5264319806839239, -18.46819382273243448 ) ) ;
#408 = CARTESIAN_POINT ( 'NONE',  ( -608.4168213242693355, 834.4822226882110954, -22.00000000000000711 ) ) ;
#409 = LINE ( 'NONE', #191, #222 ) ;
#410 = ORIENTED_EDGE ( 'NONE', *, *, #2880, .T. ) ;
#411 = VERTEX_POINT ( 'NONE', #427 ) ;
#412 = LINE ( 'NONE', #1096, #2179 ) ;
#413 = AXIS2_PLACEMENT_3D ( 'NONE', #668, #1562, #2237 ) ;
#414 = CARTESIAN_POINT ( 'NONE',  ( -657.4168213242693355, 834.4822226882110954, 2.000000000000000000 ) ) ;
#415 = ORIENTED_EDGE ( 'NONE', *, *, #482, .F. ) ;
#416 = ORIENTED_EDGE ( 'NONE', *, *, #2868, .T. ) ;
#417 = CIRCLE ( 'NONE', #2244, 4.049999999999998046 ) ;
#418 = VECTOR ( 'NONE', #972, 1000.000000000000000 ) ;
#419 = ORIENTED_EDGE ( 'NONE', *, *, #1977, .F. ) ;
#420 = CARTESIAN_POINT ( 'NONE',  ( -663.9168213242693355, 789.4822226882110954, -10.00000000000000178 ) ) ;
#421 = EDGE_CURVE ( 'NONE', #1232, #1699, #1829, .T. ) ;
#422 = VERTEX_POINT ( 'NONE', #2709 ) ;
#423 = DIRECTION ( 'NONE',  ( -1.000000000000000000, -0.000000000000000000, -0.000000000000000000 ) ) ;
#424 = CARTESIAN_POINT ( 'NONE',  ( -662.2154255178780886, 822.2923162166738393, -18.51745926180841906 ) ) ;
#425 = EDGE_CURVE ( 'NONE', #2838, #2713, #2606, .T. ) ;
#426 = DIRECTION ( 'NONE',  ( 0.000000000000000000, 0.000000000000000000, -1.000000000000000000 ) ) ;
#427 = CARTESIAN_POINT ( 'NONE',  ( -628.7675408737779890, 841.5162875344128679, -17.00000000000000711 ) ) ;
#428 = ORIENTED_EDGE ( 'NONE', *, *, #1825, .F. ) ;
#429 = EDGE_LOOP ( 'NONE', ( #1343, #2031, #1852, #597 ) ) ;
#430 = DIRECTION ( 'NONE',  ( 0.000000000000000000, 0.5000000000000005551, -0.8660254037844382635 ) ) ;
#431 = FACE_OUTER_BOUND ( 'NONE', #2835, .T. ) ;
#432 = ORIENTED_EDGE ( 'NONE', *, *, #2801, .T. ) ;
#433 = ORIENTED_EDGE ( 'NONE', *, *, #804, .F. ) ;
#434 = DIRECTION ( 'NONE',  ( 1.000000000000000000, 0.000000000000000000, 0.000000000000000000 ) ) ;
#435 = FACE_OUTER_BOUND ( 'NONE', #2420, .T. ) ;
#436 = ORIENTED_EDGE ( 'NONE', *, *, #1377, .F. ) ;
#437 = DIRECTION ( 'NONE',  ( -0.000000000000000000, 1.000000000000000000, -0.000000000000000000 ) ) ;
#438 = AXIS2_PLACEMENT_3D ( 'NONE', #2064, #2305, #1199 ) ;
#439 = CARTESIAN_POINT ( 'NONE',  ( -657.4168213242693355, 814.3726514025715915, -22.00000000000000711 ) ) ;
#440 = CIRCLE ( 'NONE', #2696, 5.899999999999989697 ) ;
#441 = CARTESIAN_POINT ( 'NONE',  ( -622.9168213242693355, 839.4822226882110954, 2.000000000000001776 ) ) ;
#442 = EDGE_CURVE ( 'NONE', #1229, #200, #2450, .T. ) ;
#443 = ORIENTED_EDGE ( 'NONE', *, *, #2840, .F. ) ;
#444 = ORIENTED_EDGE ( 'NONE', *, *, #735, .F. ) ;
#445 = FACE_BOUND ( 'NONE', #217, .T. ) ;
#446 = DIRECTION ( 'NONE',  ( 0.000000000000000000, -1.000000000000000000, 3.273063162220431248E-16 ) ) ;
#447 = VECTOR ( 'NONE', #430, 1000.000000000000227 ) ;
#448 = ORIENTED_EDGE ( 'NONE', *, *, #1462, .F. ) ;
#449 = FACE_BOUND ( 'NONE', #2863, .T. ) ;
#450 = CARTESIAN_POINT ( 'NONE',  ( -658.5921824432333551, 788.6436595025560337, -1.330402707542194474 ) ) ;
#451 = VERTEX_POINT ( 'NONE', #679 ) ;
#452 = CARTESIAN_POINT ( 'NONE',  ( -657.4168213242693355, 775.4822226882110954, 2.000000000000000000 ) ) ;
#453 = EDGE_CURVE ( 'NONE', #925, #1719, #1622, .T. ) ;
#454 = VERTEX_POINT ( 'NONE', #2734 ) ;
#455 = CIRCLE ( 'NONE', #168, 5.899999999999989697 ) ;
#456 = CARTESIAN_POINT ( 'NONE',  ( -657.4168213242692218, 814.8897970227998258, -22.00000000000098055 ) ) ;
#457 = LINE ( 'NONE', #22, #2428 ) ;
#458 = CIRCLE ( 'NONE', #2705, 1.532046148965626742 ) ;
#459 = CARTESIAN_POINT ( 'NONE',  ( -630.7451177861813676, 841.5162875344128679, -17.00000000000000711 ) ) ;
#460 = ORIENTED_EDGE ( 'NONE', *, *, #1272, .T. ) ;
#461 = ORIENTED_EDGE ( 'NONE', *, *, #2351, .F. ) ;
#462 = CARTESIAN_POINT ( 'NONE',  ( -657.4168213242693355, 827.0920638360752264, -22.00000000000000355 ) ) ;
#463 = CARTESIAN_POINT ( 'NONE',  ( -630.7451177861813676, 841.4822226882110954, -15.00000000000000711 ) ) ;
#464 = ORIENTED_EDGE ( 'NONE', *, *, #2644, .F. ) ;
#465 = DIRECTION ( 'NONE',  ( -1.000000000000000000, 0.000000000000000000, 0.000000000000000000 ) ) ;
#466 = CARTESIAN_POINT ( 'NONE',  ( -657.4168213242676302, 790.6441085495563357, 2.000000000005371259 ) ) ;
#467 = VECTOR ( 'NONE', #1847, 1000.000000000000000 ) ;
#468 = EDGE_LOOP ( 'NONE', ( #649, #1568 ) ) ;
#469 = CARTESIAN_POINT ( 'NONE',  ( -657.4168213242697902, 817.6232750115673298, -21.99999999999813483 ) ) ;
#470 = CARTESIAN_POINT ( 'NONE',  ( -655.4168213242693355, 785.5072226882111863, -3.115098039913708927 ) ) ;
#471 = EDGE_CURVE ( 'NONE', #2884, #2478, #51, .T. ) ;
#472 = VERTEX_POINT ( 'NONE', #1158 ) ;
#473 = DIRECTION ( 'NONE',  ( 1.000000000000000000, -0.000000000000000000, -0.000000000000000000 ) ) ;
#474 = DIRECTION ( 'NONE',  ( 0.000000000000000000, 0.000000000000000000, 1.000000000000000000 ) ) ;
#475 = ORIENTED_EDGE ( 'NONE', *, *, #2575, .T. ) ;
#476 = ORIENTED_EDGE ( 'NONE', *, *, #2078, .F. ) ;
#477 = FACE_OUTER_BOUND ( 'NONE', #2446, .T. ) ;
#478 = EDGE_CURVE ( 'NONE', #1968, #2226, #2421, .T. ) ;
#479 = EDGE_CURVE ( 'NONE', #197, #2, #405, .T. ) ;
#480 = CARTESIAN_POINT ( 'NONE',  ( -603.4168213242693355, 770.4822226882110954, -22.00000000000000711 ) ) ;
#481 = ORIENTED_EDGE ( 'NONE', *, *, #2351, .T. ) ;
#482 = EDGE_CURVE ( 'NONE', #819, #1490, #646, .T. ) ;
#483 = EDGE_CURVE ( 'NONE', #335, #832, #1171, .T. ) ;
#484 = CARTESIAN_POINT ( 'NONE',  ( -628.7675408737779890, 841.5162875344128679, 2.000000000000000000 ) ) ;
#485 = CARTESIAN_POINT ( 'NONE',  ( -652.4168213242693355, 839.4822226882110954, -22.00000000000000711 ) ) ;
#486 = SURFACE_STYLE_FILL_AREA ( #663 ) ;
#487 = ORIENTED_EDGE ( 'NONE', *, *, #2788, .T. ) ;
#488 = CIRCLE ( 'NONE', #1194, 4.049999999999998046 ) ;
#489 = CARTESIAN_POINT ( 'NONE',  ( -634.7451177861813676, 837.4822226882110954, -19.00000000000000711 ) ) ;
#490 = CARTESIAN_POINT ( 'NONE',  ( -662.4168213242693355, 816.2847323242388029, -17.62043795620438047 ) ) ;
#491 = AXIS2_PLACEMENT_3D ( 'NONE', #258, #746, #2742 ) ;
#492 = ADVANCED_FACE ( 'NONE', ( #1396 ), #2124, .F. ) ;
#493 = DIRECTION ( 'NONE',  ( 0.000000000000000000, -1.000000000000000000, 0.000000000000000000 ) ) ;
#494 = CARTESIAN_POINT ( 'NONE',  ( -662.2159786756980111, 791.2977588040035926, -1.483744635829118419 ) ) ;
#495 = VECTOR ( 'NONE', #39, 1000.000000000000000 ) ;
#496 = ADVANCED_FACE ( 'NONE', ( #2748 ), #2537, .T. ) ;
#497 = CARTESIAN_POINT ( 'NONE',  ( -662.4168213242694492, 785.6077605643607740, -2.201631597672349283 ) ) ;
#498 = EDGE_LOOP ( 'NONE', ( #1072, #2764, #719, #1750 ) ) ;
#499 = CYLINDRICAL_SURFACE ( 'NONE', #323, 5.899999999999989697 ) ;
#500 = DIRECTION ( 'NONE',  ( 0.000000000000000000, 0.000000000000000000, -1.000000000000000000 ) ) ;
#501 = LINE ( 'NONE', #2315, #1778 ) ;
#502 = ORIENTED_EDGE ( 'NONE', *, *, #2181, .T. ) ;
#503 = CARTESIAN_POINT ( 'NONE',  ( -662.4168213242693355, 785.2847323242389166, -2.379562043795626192 ) ) ;
#504 = PLANE ( 'NONE',  #791 ) ;
#505 = CIRCLE ( 'NONE', #2608, 4.049999999999998046 ) ;
#506 = CARTESIAN_POINT ( 'NONE',  ( -657.8519773220161824, 793.2213571923508653, -17.86523949431456515 ) ) ;
#507 = CARTESIAN_POINT ( 'NONE',  ( -660.4168213242693355, 785.5072226882111863, -3.115098039913708927 ) ) ;
#508 = CARTESIAN_POINT ( 'NONE',  ( -662.1329061463196695, 790.2200626147711091, -1.323728639908071436 ) ) ;
#509 = AXIS2_PLACEMENT_3D ( 'NONE', #2286, #308, #1637 ) ;
#510 = ADVANCED_FACE ( 'NONE', ( #1871 ), #531, .T. ) ;
#511 = VECTOR ( 'NONE', #1278, 1000.000000000000000 ) ;
#512 = CARTESIAN_POINT ( 'NONE',  ( -662.1809247009181263, 790.9356179354172127, -1.414587016378415996 ) ) ;
#513 = ORIENTED_EDGE ( 'NONE', *, *, #2264, .F. ) ;
#514 = AXIS2_PLACEMENT_3D ( 'NONE', #132, #2624, #617 ) ;
#515 = VECTOR ( 'NONE', #75, 1000.000000000000000 ) ;
#516 = PLANE ( 'NONE',  #48 ) ;
#517 = CARTESIAN_POINT ( 'NONE',  ( -610.4168213242693355, 819.4822226882109817, -10.00000000000000178 ) ) ;
#518 = EDGE_CURVE ( 'NONE', #2600, #1229, #1640, .T. ) ;
#519 = CARTESIAN_POINT ( 'NONE',  ( -630.7451177861813676, 838.0366952384683827, -17.00000000000000711 ) ) ;
#520 = EDGE_LOOP ( 'NONE', ( #1217, #638, #2194, #875, #1662, #2464 ) ) ;
#521 = EDGE_CURVE ( 'NONE', #14, #2150, #2146, .T. ) ;
#522 = DIRECTION ( 'NONE',  ( -1.000000000000000000, 0.000000000000000000, 0.000000000000000000 ) ) ;
#523 = DIRECTION ( 'NONE',  ( 1.000000000000000000, -0.000000000000000000, -0.000000000000000000 ) ) ;
#524 = CARTESIAN_POINT ( 'NONE',  ( -662.4168213242693355, 793.6797130521832742, -17.62043795620438402 ) ) ;
#525 = CARTESIAN_POINT ( 'NONE',  ( -622.3647516641965467, 781.8170033656813303, -5.083984878006998720 ) ) ;
#526 = PLANE ( 'NONE',  #2570 ) ;
#527 = CARTESIAN_POINT ( 'NONE',  ( -662.4168213242693355, 793.6797130521832742, -2.379562043795626192 ) ) ;
#528 = EDGE_LOOP ( 'NONE', ( #215, #986, #659, #1729 ) ) ;
#529 = CARTESIAN_POINT ( 'NONE',  ( -616.6112780459449141, 781.8170033656813303, -2.019892580075744792 ) ) ;
#530 = PLANE ( 'NONE',  #1709 ) ;
#531 = CYLINDRICAL_SURFACE ( 'NONE', #1399, 5.000000000000004441 ) ;
#532 = VERTEX_POINT ( 'NONE', #2111 ) ;
#533 = CARTESIAN_POINT ( 'NONE',  ( -657.4168213242693355, 770.4822226882110954, 2.000999999999999446 ) ) ;
#534 = DIRECTION ( 'NONE',  ( 0.000000000000000000, 0.000000000000000000, 1.000000000000000000 ) ) ;
#535 = EDGE_CURVE ( 'NONE', #472, #595, #501, .T. ) ;
#536 = B_SPLINE_CURVE_WITH_KNOTS ( 'NONE', 3,
 ( #1557, #678, #1144, #2722, #262, #1111, #662, #1322, #1602, #2217 ),
 .UNSPECIFIED., .F., .F.,
 ( 4, 2, 2, 2, 4 ),
 ( 0.000000000000000000, 0.001098502809367165201, 0.002197005618734330402, 0.003295508428101495604, 0.004394011237468660805 ),
 .UNSPECIFIED. ) ;
#537 = CARTESIAN_POINT ( 'NONE',  ( -657.4168213242709271, 790.6312657418845902, -21.99999999999551648 ) ) ;
#538 = CYLINDRICAL_SURFACE ( 'NONE', #2384, 8.699999999999992184 ) ;
#539 = DIRECTION ( 'NONE',  ( 0.000000000000000000, 0.000000000000000000, 1.000000000000000000 ) ) ;
#540 = VECTOR ( 'NONE', #864, 1000.000000000000000 ) ;
#541 = VECTOR ( 'NONE', #1262, 1000.000000000000000 ) ;
#542 = CARTESIAN_POINT ( 'NONE',  ( -655.4168213242693355, 793.4572226882108907, -16.88490196008639188 ) ) ;
#543 = VERTEX_POINT ( 'NONE', #561 ) ;
#544 = AXIS2_PLACEMENT_3D ( 'NONE', #1248, #2375, #2417 ) ;
#545 = DIRECTION ( 'NONE',  ( 1.000000000000000000, 0.000000000000000000, -0.000000000000000000 ) ) ;
#546 = CARTESIAN_POINT ( 'NONE',  ( -655.4168213242693355, 816.5072226882110726, -16.88490196008607569 ) ) ;
#547 = FACE_OUTER_BOUND ( 'NONE', #2593, .T. ) ;
#548 = ORIENTED_EDGE ( 'NONE', *, *, #2133, .T. ) ;
#549 = CARTESIAN_POINT ( 'NONE',  ( -622.3647516641965467, 770.4822226882110954, -3.551938729041371534 ) ) ;
#550 = FACE_OUTER_BOUND ( 'NONE', #2365, .T. ) ;
#551 = EDGE_CURVE ( 'NONE', #2884, #690, #2565, .T. ) ;
#552 = CARTESIAN_POINT ( 'NONE',  ( -657.4168213242703587, 793.4473706684157150, -21.99999999999625899 ) ) ;
#553 = DIRECTION ( 'NONE',  ( -1.000000000000000000, -0.000000000000000000, -0.000000000000000000 ) ) ;
#554 = CARTESIAN_POINT ( 'NONE',  ( -632.8175408737779435, 841.5162875344128679, -17.00000000000000711 ) ) ;
#555 = CIRCLE ( 'NONE', #935, 4.049999999999998046 ) ;
#556 = CARTESIAN_POINT ( 'NONE',  ( -622.3647516641965467, 770.4822226882110954, -5.083984878006998720 ) ) ;
#557 = VERTEX_POINT ( 'NONE', #2522 ) ;
#558 = CARTESIAN_POINT ( 'NONE',  ( -657.4168213242693355, 782.8723815403466233, 2.000000000000000000 ) ) ;
#559 = DIRECTION ( 'NONE',  ( 0.000000000000000000, 0.5000000000000076605, 0.8660254037844341557 ) ) ;
#560 = VECTOR ( 'NONE', #1738, 1000.000000000000114 ) ;
#561 = CARTESIAN_POINT ( 'NONE',  ( -657.4168213242693355, 796.0920638360754538, 2.000000000000000000 ) ) ;
#562 = AXIS2_PLACEMENT_3D ( 'NONE', #2785, #777, #2491 ) ;
#563 = ORIENTED_EDGE ( 'NONE', *, *, #2342, .F. ) ;
#564 = DIRECTION ( 'NONE',  ( 1.000000000000000000, 0.000000000000000000, 0.000000000000000000 ) ) ;
#565 = DIRECTION ( 'NONE',  ( 0.000000000000000000, 0.000000000000000000, 1.000000000000000000 ) ) ;
#566 = ADVANCED_FACE ( 'NONE', ( #547 ), #103, .F. ) ;
#567 = CARTESIAN_POINT ( 'NONE',  ( -658.6097393524115660, 789.0543772100521664, -18.69973755800845083 ) ) ;
#568 = EDGE_LOOP ( 'NONE', ( #583, #909, #1042, #2475 ) ) ;
#569 = DIRECTION ( 'NONE',  ( -1.000000000000000000, -0.000000000000000000, 0.000000000000000000 ) ) ;
#570 = CARTESIAN_POINT ( 'NONE',  ( -660.4168213242693355, 812.5322226882111636, -9.999999999999982236 ) ) ;
#571 = DIRECTION ( 'NONE',  ( 0.000000000000000000, -0.000000000000000000, 1.000000000000000000 ) ) ;
#572 = DIRECTION ( 'NONE',  ( 0.000000000000000000, 0.000000000000000000, 1.000000000000000000 ) ) ;
#573 = EDGE_CURVE ( 'NONE', #2098, #1085, #1737, .T. ) ;
#574 = ADVANCED_FACE ( 'NONE', ( #1970 ), #2641, .F. ) ;
#575 = ORIENTED_EDGE ( 'NONE', *, *, #1918, .T. ) ;
#576 = CARTESIAN_POINT ( 'NONE',  ( -657.4168213242693355, 826.5883861513383408, -22.00000000000000711 ) ) ;
#577 = ADVANCED_FACE ( 'NONE', ( #1468 ), #1527, .F. ) ;
#578 = DIRECTION ( 'NONE',  ( 1.000000000000000000, 0.000000000000000000, 0.000000000000000000 ) ) ;
#579 = DIRECTION ( 'NONE',  ( 0.000000000000000000, 0.000000000000000000, 1.000000000000000000 ) ) ;
#580 = ORIENTED_EDGE ( 'NONE', *, *, #479, .F. ) ;
#581 = DIRECTION ( 'NONE',  ( 0.000000000000000000, 0.000000000000000000, 1.000000000000000000 ) ) ;
#582 = EDGE_CURVE ( 'NONE', #2275, #1039, #412, .T. ) ;
#583 = ORIENTED_EDGE ( 'NONE', *, *, #665, .F. ) ;
#584 = ORIENTED_EDGE ( 'NONE', *, *, #1410, .T. ) ;
#585 = AXIS2_PLACEMENT_3D ( 'NONE', #102, #2110, #1192 ) ;
#586 = CARTESIAN_POINT ( 'NONE',  ( -662.4168213242693355, 796.0920638360754538, 1.999999999999982681 ) ) ;
#587 = CARTESIAN_POINT ( 'NONE',  ( -657.4168213242705860, 819.3331796345376006, 1.999999999996296074 ) ) ;
#588 = ORIENTED_EDGE ( 'NONE', *, *, #2649, .F. ) ;
#589 = CARTESIAN_POINT ( 'NONE',  ( -607.0168213242693582, 839.4822226882110954, 2.000999999999999446 ) ) ;
#590 = CARTESIAN_POINT ( 'NONE',  ( -660.4168213242693355, 793.4572226882108907, -16.88490196008639188 ) ) ;
#591 = CARTESIAN_POINT ( 'NONE',  ( -655.4168213242693355, 837.4822226882110954, 0.000000000000000000 ) ) ;
#592 = DIRECTION ( 'NONE',  ( 0.000000000000000000, 0.000000000000000000, 1.000000000000000000 ) ) ;
#593 = ORIENTED_EDGE ( 'NONE', *, *, #2288, .F. ) ;
#594 = LINE ( 'NONE', #858, #892 ) ;
#595 = VERTEX_POINT ( 'NONE', #1311 ) ;
#596 = ADVANCED_FACE ( 'NONE', ( #350 ), #2389, .F. ) ;
#597 = ORIENTED_EDGE ( 'NONE', *, *, #700, .F. ) ;
#598 = DIRECTION ( 'NONE',  ( 0.000000000000000000, 0.5000000000000059952, -0.8660254037844351549 ) ) ;
#599 = MECHANICAL_DESIGN_GEOMETRIC_PRESENTATION_REPRESENTATION (  '', ( #1868 ), #1120 ) ;
#600 = AXIS2_PLACEMENT_3D ( 'NONE', #1150, #465, #2903 ) ;
#601 = CARTESIAN_POINT ( 'NONE',  ( -657.4168213242711545, 822.7795933517716094, 1.999999999994765076 ) ) ;
#602 = FACE_BOUND ( 'NONE', #356, .T. ) ;
#603 = DIRECTION ( 'NONE',  ( 0.000000000000000000, 0.000000000000000000, 1.000000000000000000 ) ) ;
#604 = EDGE_CURVE ( 'NONE', #2409, #2827, #1201, .T. ) ;
#605 = AXIS2_PLACEMENT_3D ( 'NONE', #109, #1434, #2322 ) ;
#606 = DIRECTION ( 'NONE',  ( 1.000000000000000000, 0.000000000000000000, 0.000000000000000000 ) ) ;
#607 = ADVANCED_FACE ( 'NONE', ( #1484, #2864 ), #1263, .T. ) ;
#608 = VECTOR ( 'NONE', #1049, 1000.000000000000000 ) ;
#609 = LINE ( 'NONE', #1499, #346 ) ;
#610 = DIRECTION ( 'NONE',  ( 0.000000000000000000, 0.4824701567784244194, -0.8759124087591192431 ) ) ;
#611 = ORIENTED_EDGE ( 'NONE', *, *, #1776, .F. ) ;
#612 = VERTEX_POINT ( 'NONE', #1983 ) ;
#613 = ORIENTED_EDGE ( 'NONE', *, *, #1003, .T. ) ;
#614 = LINE ( 'NONE', #1901, #2700 ) ;
#615 = CARTESIAN_POINT ( 'NONE',  ( -657.4168213242693355, 827.0920638360753401, 2.000000000000000000 ) ) ;
#616 = DIRECTION ( 'NONE',  ( 1.000000000000000000, 0.000000000000000000, 0.000000000000000000 ) ) ;
#617 = DIRECTION ( 'NONE',  ( 0.000000000000000000, 0.000000000000000000, -1.000000000000000000 ) ) ;
#618 = CARTESIAN_POINT ( 'NONE',  ( -660.4168213242693355, 797.4322226882110272, -9.999999999999904077 ) ) ;
#619 = ORIENTED_EDGE ( 'NONE', *, *, #317, .T. ) ;
#620 = DIRECTION ( 'NONE',  ( 0.000000000000000000, 0.000000000000000000, 1.000000000000000000 ) ) ;
#621 = CARTESIAN_POINT ( 'NONE',  ( -655.4168213242693355, 816.5072226882110726, -3.115098039913706263 ) ) ;
#622 = EDGE_LOOP ( 'NONE', ( #1543, #1354, #623, #1891, #674, #1452 ) ) ;
#623 = ORIENTED_EDGE ( 'NONE', *, *, #260, .F. ) ;
#624 = ORIENTED_EDGE ( 'NONE', *, *, #1, .T. ) ;
#625 = DIRECTION ( 'NONE',  ( 0.000000000000000000, 0.5000000000000076605, 0.8660254037844341557 ) ) ;
#626 = CARTESIAN_POINT ( 'NONE',  ( -657.4168213242693355, 814.3760592250836226, 2.000000000000000000 ) ) ;
#627 = VECTOR ( 'NONE', #559, 1000.000000000000227 ) ;
#628 = CARTESIAN_POINT ( 'NONE',  ( -657.6543672424637634, 824.4816593586516547, -17.72952991676373813 ) ) ;
#629 = FACE_OUTER_BOUND ( 'NONE', #520, .T. ) ;
#630 = AXIS2_PLACEMENT_3D ( 'NONE', #1277, #2613, #579 ) ;
#631 = CARTESIAN_POINT ( 'NONE',  ( -608.4168213242693355, 775.4822226882110954, -22.00000000000000711 ) ) ;
#632 = VERTEX_POINT ( 'NONE', #801 ) ;
#633 = ORIENTED_EDGE ( 'NONE', *, *, #2212, .T. ) ;
#634 = EDGE_CURVE ( 'NONE', #2561, #834, #150, .T. ) ;
#635 = CARTESIAN_POINT ( 'NONE',  ( -608.4168213242693355, 770.4822226882110954, 2.000999999999999446 ) ) ;
#636 = DIRECTION ( 'NONE',  ( -0.000000000000000000, 0.000000000000000000, -1.000000000000000000 ) ) ;
#637 = ORIENTED_EDGE ( 'NONE', *, *, #45, .F. ) ;
#638 = ORIENTED_EDGE ( 'NONE', *, *, #2776, .F. ) ;
#639 = ORIENTED_EDGE ( 'NONE', *, *, #1075, .F. ) ;
#640 = DIRECTION ( 'NONE',  ( 1.000000000000000000, -0.000000000000000000, -0.000000000000000000 ) ) ;
#641 = SHAPE_DEFINITION_REPRESENTATION ( #1473, #2364 ) ;
#642 = ORIENTED_EDGE ( 'NONE', *, *, #2070, .F. ) ;
#643 = CARTESIAN_POINT ( 'NONE',  ( -633.1764570431527090, 837.4822226882110954, 0.000000000000000000 ) ) ;
#644 = CARTESIAN_POINT ( 'NONE',  ( -658.4564279104794196, 818.4321886877677343, -18.46674223014354865 ) ) ;
#645 = DIRECTION ( 'NONE',  ( 0.000000000000000000, 0.000000000000000000, 1.000000000000000000 ) ) ;
#646 = CIRCLE ( 'NONE', #2518, 4.999999999999984013 ) ;
#647 = LINE ( 'NONE', #378, #2756 ) ;
#648 = ORIENTED_EDGE ( 'NONE', *, *, #1520, .T. ) ;
#649 = ORIENTED_EDGE ( 'NONE', *, *, #2473, .F. ) ;
#650 = CARTESIAN_POINT ( 'NONE',  ( -657.4168213242693355, 796.0920638360753401, -22.00000000000000711 ) ) ;
#651 = AXIS2_PLACEMENT_3D ( 'NONE', #2046, #211, #266 ) ;
#652 = LINE ( 'NONE', #1712, #511 ) ;
#653 = ORIENTED_EDGE ( 'NONE', *, *, #735, .T. ) ;
#654 = ORIENTED_EDGE ( 'NONE', *, *, #59, .T. ) ;
#655 = AXIS2_PLACEMENT_3D ( 'NONE', #963, #2569, #565 ) ;
#656 = AXIS2_PLACEMENT_3D ( 'NONE', #1103, #2195, #625 ) ;
#657 = CARTESIAN_POINT ( 'NONE',  ( -662.3306612396067976, 792.3470858734521016, -18.22288225662552463 ) ) ;
#658 = CARTESIAN_POINT ( 'NONE',  ( -656.0168213242694719, 770.4822226882110954, 2.000999999999999446 ) ) ;
#659 = ORIENTED_EDGE ( 'NONE', *, *, #2167, .F. ) ;
#660 = DIRECTION ( 'NONE',  ( -1.000000000000000000, 0.000000000000000000, -0.000000000000000000 ) ) ;
#661 = CARTESIAN_POINT ( 'NONE',  ( -657.4168213242688807, 816.5118875620445351, -22.00000000000186873 ) ) ;
#662 = CARTESIAN_POINT ( 'NONE',  ( -662.1810031516289428, 819.0278389782057502, -1.414739501181059733 ) ) ;
#663 = FILL_AREA_STYLE ('',( #1127 ) ) ;
#664 = EDGE_LOOP ( 'NONE', ( #2208, #2347, #2759, #949, #1816, #2677, #1253, #502, #975, #2517, #1376, #2626, #2494, #1464, #1789, #2271 ) ) ;
#665 = EDGE_CURVE ( 'NONE', #277, #2108, #924, .T. ) ;
#666 = ORIENTED_EDGE ( 'NONE', *, *, #2567, .F. ) ;
#667 = DIRECTION ( 'NONE',  ( 0.000000000000000000, 0.000000000000000000, 1.000000000000000000 ) ) ;
#668 = CARTESIAN_POINT ( 'NONE',  ( -608.4168213242693355, 839.4822226882110954, -22.00000000000000711 ) ) ;
#669 = VERTEX_POINT ( 'NONE', #1724 ) ;
#670 = ADVANCED_FACE ( 'NONE', ( #1038 ), #857, .F. ) ;
#671 = CARTESIAN_POINT ( 'NONE',  ( -655.4168213242693355, 824.4572226882110044, -3.115098039913708927 ) ) ;
#672 = EDGE_LOOP ( 'NONE', ( #2203, #2523, #1043, #443, #235, #177, #2687, #1755, #1650, #2509, #2423, #2028, #46, #2749, #513, #997 ) ) ;
#673 = CARTESIAN_POINT ( 'NONE',  ( -663.9168213242693355, 820.4822226882109817, -10.00000000000000178 ) ) ;
#674 = ORIENTED_EDGE ( 'NONE', *, *, #294, .F. ) ;
#675 = CARTESIAN_POINT ( 'NONE',  ( -658.6100553360483900, 820.8991270355223833, -18.70025905782401310 ) ) ;
#676 = AXIS2_PLACEMENT_3D ( 'NONE', #2242, #234, #1141 ) ;
#677 = CIRCLE ( 'NONE', #1283, 5.899999999999989697 ) ;
#678 = CARTESIAN_POINT ( 'NONE',  ( -662.4168213242694492, 816.6077605643605466, -2.201631597672349283 ) ) ;
#679 = CARTESIAN_POINT ( 'NONE',  ( -609.8168213242693128, 839.4822226882110954, 2.000000000000000000 ) ) ;
#680 = ORIENTED_EDGE ( 'NONE', *, *, #883, .T. ) ;
#681 = VECTOR ( 'NONE', #1284, 1000.000000000000000 ) ;
#682 = ORIENTED_EDGE ( 'NONE', *, *, #270, .T. ) ;
#683 = CARTESIAN_POINT ( 'NONE',  ( -663.2168213242692900, 820.4822226882109817, -10.00000000000000178 ) ) ;
#684 = CARTESIAN_POINT ( 'NONE',  ( -662.2153337236759398, 818.6731646358171020, -18.51758380608899657 ) ) ;
#685 = CIRCLE ( 'NONE', #825, 6.699999999999994849 ) ;
#686 = ORIENTED_EDGE ( 'NONE', *, *, #274, .F. ) ;
#687 = ORIENTED_EDGE ( 'NONE', *, *, #2652, .F. ) ;
#688 = CARTESIAN_POINT ( 'NONE',  ( -658.1638413901539479, 786.3498524774480529, -1.872478155430920888 ) ) ;
#689 = AXIS2_PLACEMENT_3D ( 'NONE', #389, #1260, #2799 ) ;
#690 = VERTEX_POINT ( 'NONE', #1941 ) ;
#691 = CARTESIAN_POINT ( 'NONE',  ( -634.7451177861813676, 841.4822226882110954, -19.00000000000000711 ) ) ;
#692 = ORIENTED_EDGE ( 'NONE', *, *, #2009, .F. ) ;
#693 = CARTESIAN_POINT ( 'NONE',  ( -658.2830136760625237, 823.2660768538881939, -18.25625769378629926 ) ) ;
#694 = CARTESIAN_POINT ( 'NONE',  ( -663.9168213242693355, 789.4822226882110954, -10.00000000000000178 ) ) ;
#695 = AXIS2_PLACEMENT_3D ( 'NONE', #147, #1064, #827 ) ;
#696 = DIRECTION ( 'NONE',  ( 1.000000000000000000, 0.000000000000000000, 0.000000000000000000 ) ) ;
#697 = ORIENTED_EDGE ( 'NONE', *, *, #955, .T. ) ;
#698 = CARTESIAN_POINT ( 'NONE',  ( -655.4168213242693355, 793.4572226882110044, -3.115098039913708927 ) ) ;
#699 = CARTESIAN_POINT ( 'NONE',  ( -655.4168213242693355, 824.4572226882110044, -3.115098039913708927 ) ) ;
#700 = EDGE_CURVE ( 'NONE', #819, #2486, #2462, .T. ) ;
#701 = ORIENTED_EDGE ( 'NONE', *, *, #1109, .T. ) ;
#702 = VERTEX_POINT ( 'NONE', #843 ) ;
#703 = CARTESIAN_POINT ( 'NONE',  ( -657.6527849185044943, 793.4829786202238893, -2.271196759032691137 ) ) ;
#704 = AXIS2_PLACEMENT_3D ( 'NONE', #242, #2033, #2263 ) ;
#705 = VECTOR ( 'NONE', #1413, 1000.000000000000000 ) ;
#706 = DIRECTION ( 'NONE',  ( 0.000000000000000000, 0.000000000000000000, -1.000000000000000000 ) ) ;
#707 = VERTEX_POINT ( 'NONE', #1511 ) ;
#708 = CARTESIAN_POINT ( 'NONE',  ( -658.1625546965398144, 817.3465922605023479, -18.12625006210531353 ) ) ;
#709 = EDGE_CURVE ( 'NONE', #1359, #762, #609, .T. ) ;
#710 = CARTESIAN_POINT ( 'NONE',  ( -657.4168213242693355, 770.4822226882110954, -22.00000000000000711 ) ) ;
#711 = CARTESIAN_POINT ( 'NONE',  ( -652.4168213242693355, 770.4822226882110954, 2.000000000000000000 ) ) ;
#712 = ORIENTED_EDGE ( 'NONE', *, *, #2735, .F. ) ;
#713 = FACE_BOUND ( 'NONE', #2415, .T. ) ;
#714 = CARTESIAN_POINT ( 'NONE',  ( -632.9168213242693355, 839.4822226882110954, 2.000000000000000000 ) ) ;
#715 = EDGE_CURVE ( 'NONE', #2002, #899, #2174, .T. ) ;
#716 = PLANE ( 'NONE',  #979 ) ;
#717 = CARTESIAN_POINT ( 'NONE',  ( -662.3311489655095556, 786.6128825885966762, -1.778673706705260704 ) ) ;
#718 = DIRECTION ( 'NONE',  ( 0.000000000000000000, 0.000000000000000000, 1.000000000000000000 ) ) ;
#719 = ORIENTED_EDGE ( 'NONE', *, *, #1187, .F. ) ;
#720 = DIRECTION ( 'NONE',  ( -1.000000000000000000, -0.000000000000000000, -0.000000000000000000 ) ) ;
#721 = FACE_OUTER_BOUND ( 'NONE', #304, .T. ) ;
#722 = CARTESIAN_POINT ( 'NONE',  ( -662.1327036629867280, 821.2156344851667882, -1.323377328705257483 ) ) ;
#723 = VERTEX_POINT ( 'NONE', #1068 ) ;
#724 = AXIS2_PLACEMENT_3D ( 'NONE', #1588, #645, #1168 ) ;
#725 = LINE ( 'NONE', #2344, #780 ) ;
#726 = CARTESIAN_POINT ( 'NONE',  ( -662.3304130951174784, 817.6197571826625108, -18.22375495339229445 ) ) ;
#727 = PRODUCT_DEFINITION_CONTEXT ( 'detailed design', #1702, 'design' ) ;
#728 = VECTOR ( 'NONE', #290, 1000.000000000000000 ) ;
#729 = EDGE_CURVE ( 'NONE', #2204, #368, #967, .T. ) ;
#730 = DIRECTION ( 'NONE',  ( 1.000000000000000000, -0.000000000000000000, -0.000000000000000000 ) ) ;
#731 = CARTESIAN_POINT ( 'NONE',  ( -657.4168213242705860, 788.3331796345374869, 1.999999999996294298 ) ) ;
#732 = CIRCLE ( 'NONE', #1716, 5.000000000000004441 ) ;
#733 = CARTESIAN_POINT ( 'NONE',  ( -663.9168213242693355, 789.4822226882110954, -18.69999999999999574 ) ) ;
#734 = EDGE_LOOP ( 'NONE', ( #448, #2867, #1056, #399 ) ) ;
#735 = EDGE_CURVE ( 'NONE', #1719, #1204, #2236, .T. ) ;
#736 = FACE_OUTER_BOUND ( 'NONE', #1596, .T. ) ;
#737 = DIRECTION ( 'NONE',  ( 0.000000000000000000, 1.000000000000000000, 0.000000000000000000 ) ) ;
#738 = DIRECTION ( 'NONE',  ( 1.000000000000000000, 0.000000000000000000, 0.000000000000000000 ) ) ;
#739 = ORIENTED_EDGE ( 'NONE', *, *, #2665, .F. ) ;
#740 = DIRECTION ( 'NONE',  ( 0.000000000000000000, 0.000000000000000000, -1.000000000000000000 ) ) ;
#741 = CARTESIAN_POINT ( 'NONE',  ( -663.2168213242692900, 789.4822226882110954, -3.300000000000006928 ) ) ;
#742 = AXIS2_PLACEMENT_3D ( 'NONE', #1498, #2388, #1508 ) ;
#743 = CARTESIAN_POINT ( 'NONE',  ( -655.4168213242693355, 812.5322226882111636, -9.999999999999982236 ) ) ;
#744 = DIRECTION ( 'NONE',  ( 0.000000000000000000, -1.000000000000000000, 0.000000000000000000 ) ) ;
#745 = AXIS2_PLACEMENT_3D ( 'NONE', #1672, #1097, #844 ) ;
#746 = DIRECTION ( 'NONE',  ( 0.000000000000000000, 0.000000000000000000, 1.000000000000000000 ) ) ;
#747 = ORIENTED_EDGE ( 'NONE', *, *, #2101, .T. ) ;
#748 = VECTOR ( 'NONE', #1734, 1000.000000000000000 ) ;
#749 = ADVANCED_FACE ( 'NONE', ( #2262, #713, #2250 ), #1769, .F. ) ;
#750 = CIRCLE ( 'NONE', #1647, 5.000000000000004441 ) ;
#751 = DIRECTION ( 'NONE',  ( 0.000000000000000000, 0.000000000000000000, -1.000000000000000000 ) ) ;
#752 = DIRECTION ( 'NONE',  ( 0.000000000000000000, 0.000000000000000000, 1.000000000000000000 ) ) ;
#753 = DIRECTION ( 'NONE',  ( 0.000000000000000000, -1.000000000000000000, 0.000000000000000000 ) ) ;
#754 = VERTEX_POINT ( 'NONE', #938 ) ;
#755 = CARTESIAN_POINT ( 'NONE',  ( -663.9168213242693355, 789.4822226882110954, -1.300000000000007816 ) ) ;
#756 = CARTESIAN_POINT ( 'NONE',  ( -658.8168213242693128, 839.4822226882110954, 2.000000000000000000 ) ) ;
#757 = CARTESIAN_POINT ( 'NONE',  ( -657.4168213242678576, 791.7694884115811647, -22.00000000000446576 ) ) ;
#758 = DIRECTION ( 'NONE',  ( -0.000000000000000000, -0.000000000000000000, -1.000000000000000000 ) ) ;
#759 = CARTESIAN_POINT ( 'NONE',  ( -663.9168213242693355, 789.4822226882110954, -3.300000000000006928 ) ) ;
#760 = EDGE_CURVE ( 'NONE', #723, #940, #732, .T. ) ;
#761 = FACE_OUTER_BOUND ( 'NONE', #945, .T. ) ;
#762 = VERTEX_POINT ( 'NONE', #2439 ) ;
#763 = EDGE_CURVE ( 'NONE', #2226, #1968, #2129, .T. ) ;
#764 = CARTESIAN_POINT ( 'NONE',  ( -622.3647516641965467, 781.8170033656813303, -3.551938729041371534 ) ) ;
#765 = DIRECTION ( 'NONE',  ( -1.000000000000000000, 0.000000000000000000, 0.000000000000000000 ) ) ;
#766 = DIRECTION ( 'NONE',  ( -1.000000000000000000, 0.000000000000000000, 0.000000000000000000 ) ) ;
#767 = ORIENTED_EDGE ( 'NONE', *, *, #2264, .T. ) ;
#768 = DIRECTION ( 'NONE',  ( 0.000000000000000000, 0.000000000000000000, -1.000000000000000000 ) ) ;
#769 = CARTESIAN_POINT ( 'NONE',  ( -657.4168213242693355, 834.4822226882110954, -22.00000000000000711 ) ) ;
#770 = CARTESIAN_POINT ( 'NONE',  ( -662.2909453866363947, 786.9609149803210357, -18.33461362377708070 ) ) ;
#771 = DIRECTION ( 'NONE',  ( -0.000000000000000000, -0.000000000000000000, -1.000000000000000000 ) ) ;
#772 = PLANE ( 'NONE',  #745 ) ;
#773 = AXIS2_PLACEMENT_3D ( 'NONE', #201, #1612, #1380 ) ;
#774 = AXIS2_PLACEMENT_3D ( 'NONE', #2625, #1980, #2877 ) ;
#775 = LINE ( 'NONE', #1880, #2401 ) ;
#776 = ORIENTED_EDGE ( 'NONE', *, *, #2135, .T. ) ;
#777 = DIRECTION ( 'NONE',  ( 1.000000000000000000, -0.000000000000000000, -0.000000000000000000 ) ) ;
#778 = EDGE_CURVE ( 'NONE', #20, #2498, #2744, .T. ) ;
#779 = DIRECTION ( 'NONE',  ( 0.000000000000000000, 1.000000000000000000, 0.000000000000000000 ) ) ;
#780 = VECTOR ( 'NONE', #768, 1000.000000000000000 ) ;
#781 = ORIENTED_EDGE ( 'NONE', *, *, #2689, .F. ) ;
#782 = DIRECTION ( 'NONE',  ( 1.000000000000000000, 0.000000000000000000, 0.000000000000000000 ) ) ;
#783 = DIRECTION ( 'NONE',  ( -1.000000000000000000, 0.000000000000000000, 0.000000000000000000 ) ) ;
#784 = EDGE_CURVE ( 'NONE', #876, #130, #1476, .T. ) ;
#785 = CARTESIAN_POINT ( 'NONE',  ( -657.4168213242693355, 795.5883861513384545, -22.00000000000000711 ) ) ;
#786 = DIRECTION ( 'NONE',  ( 0.000000000000000000, 0.000000000000000000, -1.000000000000000000 ) ) ;
#787 = DIRECTION ( 'NONE',  ( 0.000000000000000000, 0.000000000000000000, 1.000000000000000000 ) ) ;
#788 = EDGE_CURVE ( 'NONE', #1934, #1480, #2726, .T. ) ;
#789 = EDGE_CURVE ( 'NONE', #1740, #1934, #1545, .T. ) ;
#790 = EDGE_CURVE ( 'NONE', #2067, #2275, #685, .T. ) ;
#791 = AXIS2_PLACEMENT_3D ( 'NONE', #992, #1680, #67 ) ;
#792 = FACE_BOUND ( 'NONE', #1560, .T. ) ;
#793 = CARTESIAN_POINT ( 'NONE',  ( -657.4168213242693355, 827.0920638360753401, 2.000000000000000000 ) ) ;
#794 = AXIS2_PLACEMENT_3D ( 'NONE', #2232, #249, #2690 ) ;
#795 = DIRECTION ( 'NONE',  ( 0.000000000000000000, -0.5000000000000051070, -0.8660254037844355990 ) ) ;
#796 = VECTOR ( 'NONE', #1383, 1000.000000000000000 ) ;
#797 = ORIENTED_EDGE ( 'NONE', *, *, #172, .T. ) ;
#798 = ADVANCED_FACE ( 'NONE', ( #2220 ), #2453, .F. ) ;
#799 = CARTESIAN_POINT ( 'NONE',  ( -657.4168213242694492, 824.6797130521832742, -17.62043795620438402 ) ) ;
#800 = DIRECTION ( 'NONE',  ( -1.000000000000000000, 0.000000000000000000, 0.000000000000000000 ) ) ;
#801 = CARTESIAN_POINT ( 'NONE',  ( -660.4168213242693355, 785.5072226882111863, -3.115098039913708927 ) ) ;
#802 = ORIENTED_EDGE ( 'NONE', *, *, #817, .T. ) ;
#803 = DIRECTION ( 'NONE',  ( 0.000000000000000000, -1.000000000000000000, 0.000000000000000000 ) ) ;
#804 = EDGE_CURVE ( 'NONE', #1808, #1510, #2216, .T. ) ;
#805 = VERTEX_POINT ( 'NONE', #2898 ) ;
#806 = EDGE_LOOP ( 'NONE', ( #633, #2193 ) ) ;
#807 = CARTESIAN_POINT ( 'NONE',  ( -660.4168213242693355, 785.5072226882111863, -16.88490196008639188 ) ) ;
#808 = CARTESIAN_POINT ( 'NONE',  ( -658.2830136760625237, 817.6983685225661702, -1.743742306211898407 ) ) ;
#809 = ORIENTED_EDGE ( 'NONE', *, *, #790, .T. ) ;
#810 = CARTESIAN_POINT ( 'NONE',  ( -636.8675408737778980, 841.5162875344128679, 2.000000000000000000 ) ) ;
#811 = DIRECTION ( 'NONE',  ( 0.000000000000000000, 0.000000000000000000, -1.000000000000000000 ) ) ;
#812 = EDGE_CURVE ( 'NONE', #1509, #1071, #2032, .T. ) ;
#813 = LINE ( 'NONE', #591, #1195 ) ;
#814 = DIRECTION ( 'NONE',  ( -1.000000000000000000, 0.000000000000000000, 0.000000000000000000 ) ) ;
#815 = ORIENTED_EDGE ( 'NONE', *, *, #1848, .T. ) ;
#816 = PLANE ( 'NONE',  #1303 ) ;
#817 = EDGE_CURVE ( 'NONE', #1895, #422, #1063, .T. ) ;
#818 = ORIENTED_EDGE ( 'NONE', *, *, #2106, .F. ) ;
#819 = VERTEX_POINT ( 'NONE', #462 ) ;
#820 = VECTOR ( 'NONE', #2674, 1000.000000000000000 ) ;
#821 = CARTESIAN_POINT ( 'NONE',  ( -608.4168213242693355, 839.4822226882110954, 2.000000000000000000 ) ) ;
#822 = EDGE_CURVE ( 'NONE', #1999, #1296, #1387, .T. ) ;
#823 = CARTESIAN_POINT ( 'NONE',  ( -657.4168213242687671, 824.4525578143775419, 2.000000000002097877 ) ) ;
#824 = EDGE_CURVE ( 'NONE', #1944, #1872, #455, .T. ) ;
#825 = AXIS2_PLACEMENT_3D ( 'NONE', #2711, #2694, #1130 ) ;
#826 = ORIENTED_EDGE ( 'NONE', *, *, #665, .T. ) ;
#827 = DIRECTION ( 'NONE',  ( -1.000000000000000000, 0.000000000000000000, 0.000000000000000000 ) ) ;
#828 = CARTESIAN_POINT ( 'NONE',  ( -608.4168213242693355, 839.4822226882110954, 2.000999999999999446 ) ) ;
#829 = LINE ( 'NONE', #2656, #1940 ) ;
#830 = CARTESIAN_POINT ( 'NONE',  ( -660.4168213242693355, 0.000000000000000000, 0.000000000000000000 ) ) ;
#831 = CARTESIAN_POINT ( 'NONE',  ( -655.4168213242693355, 812.5322226882111636, -9.999999999999984013 ) ) ;
#832 = VERTEX_POINT ( 'NONE', #1607 ) ;
#833 = ORIENTED_EDGE ( 'NONE', *, *, #267, .T. ) ;
#834 = VERTEX_POINT ( 'NONE', #698 ) ;
#835 = CARTESIAN_POINT ( 'NONE',  ( -662.1327036629867280, 788.7488108912554026, -18.67662267129474785 ) ) ;
#836 = AXIS2_PLACEMENT_3D ( 'NONE', #1668, #2510, #1442 ) ;
#837 = CARTESIAN_POINT ( 'NONE',  ( -657.4168213242693355, 824.6797130521832742, -2.379562043795619086 ) ) ;
#838 = ADVANCED_FACE ( 'NONE', ( #445, #1592 ), #265, .T. ) ;
#839 = CARTESIAN_POINT ( 'NONE',  ( -630.7451177861813676, 837.4822226882110954, -15.00000000000000711 ) ) ;
#840 = CARTESIAN_POINT ( 'NONE',  ( -652.4168213242693355, 839.4822226882110954, -22.00000000000000711 ) ) ;
#841 = VECTOR ( 'NONE', #2540, 1000.000000000000000 ) ;
#842 = CARTESIAN_POINT ( 'NONE',  ( -607.0168213242693582, 770.4822226882110954, 2.000000000000000000 ) ) ;
#843 = CARTESIAN_POINT ( 'NONE',  ( -616.6112780459449141, 772.4822226882110954, -2.019892580075744792 ) ) ;
#844 = DIRECTION ( 'NONE',  ( 0.000000000000000000, 0.5000000000000005551, -0.8660254037844382635 ) ) ;
#845 = VERTEX_POINT ( 'NONE', #650 ) ;
#846 = EDGE_LOOP ( 'NONE', ( #1412, #1693, #1095, #2878 ) ) ;
#847 = EDGE_LOOP ( 'NONE', ( #1697, #1946, #833, #397 ) ) ;
#848 = DIRECTION ( 'NONE',  ( -0.000000000000000000, 1.000000000000000000, -0.000000000000000000 ) ) ;
#849 = CARTESIAN_POINT ( 'NONE',  ( -603.4158213242692455, 789.4822226882110954, -15.89999999999998970 ) ) ;
#850 = CARTESIAN_POINT ( 'NONE',  ( -630.7451177861813676, 841.4822226882110954, -17.00000000000000711 ) ) ;
#851 = EDGE_CURVE ( 'NONE', #1314, #905, #1859, .T. ) ;
#852 = CARTESIAN_POINT ( 'NONE',  ( -660.4168213242693355, 812.5322226882111636, -9.999999999999982236 ) ) ;
#853 = CARTESIAN_POINT ( 'NONE',  ( -608.4168213242693355, 834.4822226882110954, 2.000000000000000000 ) ) ;
#854 = LINE ( 'NONE', #2414, #127 ) ;
#855 = ORIENTED_EDGE ( 'NONE', *, *, #2404, .F. ) ;
#856 = ORIENTED_EDGE ( 'NONE', *, *, #2497, .T. ) ;
#857 = CYLINDRICAL_SURFACE ( 'NONE', #2551, 6.699999999999994849 ) ;
#858 = CARTESIAN_POINT ( 'NONE',  ( -613.4168213242693355, 770.4822226882110954, -22.00000000000000711 ) ) ;
#859 = ORIENTED_EDGE ( 'NONE', *, *, #1247, .T. ) ;
#860 = ORIENTED_EDGE ( 'NONE', *, *, #889, .T. ) ;
#861 = ORIENTED_EDGE ( 'NONE', *, *, #2869, .T. ) ;
#862 = CARTESIAN_POINT ( 'NONE',  ( -663.9168213242693355, 820.4822226882109817, -18.69999999999999574 ) ) ;
#863 = CIRCLE ( 'NONE', #254, 1.399999999999956835 ) ;
#864 = DIRECTION ( 'NONE',  ( 0.000000000000000000, 0.000000000000000000, 1.000000000000000000 ) ) ;
#865 = VECTOR ( 'NONE', #2168, 1000.000000000000000 ) ;
#866 = ADVANCED_FACE ( 'NONE', ( #1657 ), #1416, .F. ) ;
#867 = CARTESIAN_POINT ( 'NONE',  ( -657.4168213242671754, 821.0551931767184897, -22.00000000000623857 ) ) ;
#868 = LINE ( 'NONE', #363, #748 ) ;
#869 = AXIS2_PLACEMENT_3D ( 'NONE', #226, #2495, #1147 ) ;
#870 = CARTESIAN_POINT ( 'NONE',  ( -657.4168213242693355, 834.4822226882110954, 2.000000000000000000 ) ) ;
#871 = ORIENTED_EDGE ( 'NONE', *, *, #1917, .T. ) ;
#872 = EDGE_LOOP ( 'NONE', ( #2662, #1363, #1243, #931, #2005, #295 ) ) ;
#873 = DIRECTION ( 'NONE',  ( 0.000000000000000000, -1.000000000000000000, 0.000000000000000000 ) ) ;
#874 = CARTESIAN_POINT ( 'NONE',  ( -660.4168213242693355, 812.5322226882111636, -9.999999999999982236 ) ) ;
#875 = ORIENTED_EDGE ( 'NONE', *, *, #1831, .T. ) ;
#876 = VERTEX_POINT ( 'NONE', #1896 ) ;
#877 = EDGE_LOOP ( 'NONE', ( #1600, #145 ) ) ;
#878 = CARTESIAN_POINT ( 'NONE',  ( -634.7451177861813676, 837.9544134144067584, -15.00000000000000711 ) ) ;
#879 = ORIENTED_EDGE ( 'NONE', *, *, #1191, .F. ) ;
#880 = AXIS2_PLACEMENT_3D ( 'NONE', #1558, #2233, #1590 ) ;
#881 = FACE_OUTER_BOUND ( 'NONE', #846, .T. ) ;
#882 = EDGE_CURVE ( 'NONE', #2638, #2615, #458, .T. ) ;
#883 = EDGE_CURVE ( 'NONE', #832, #335, #2095, .T. ) ;
#884 = CARTESIAN_POINT ( 'NONE',  ( -657.8501765636561913, 816.7403775222278455, -17.86392372485622460 ) ) ;
#885 = CARTESIAN_POINT ( 'NONE',  ( -663.2168213242692900, 789.4822226882110954, -16.69999999999999929 ) ) ;
#886 = VECTOR ( 'NONE', #2327, 1000.000000000000000 ) ;
#887 = SURFACE_STYLE_USAGE ( .BOTH. , #2274 ) ;
#888 = ORIENTED_EDGE ( 'NONE', *, *, #291, .F. ) ;
#889 = EDGE_CURVE ( 'NONE', #1166, #2498, #2052, .T. ) ;
#890 = ORIENTED_EDGE ( 'NONE', *, *, #1904, .F. ) ;
#891 = DIRECTION ( 'NONE',  ( 0.000000000000000000, 0.000000000000000000, 1.000000000000000000 ) ) ;
#892 = VECTOR ( 'NONE', #2661, 1000.000000000000000 ) ;
#893 = CARTESIAN_POINT ( 'NONE',  ( -662.3937104867102335, 816.9394175816138386, -17.95439414918370957 ) ) ;
#894 = ORIENTED_EDGE ( 'NONE', *, *, #1124, .F. ) ;
#895 = AXIS2_PLACEMENT_3D ( 'NONE', #828, #1065, #1979 ) ;
#896 = AXIS2_PLACEMENT_3D ( 'NONE', #420, #640, #1990 ) ;
#897 = CARTESIAN_POINT ( 'NONE',  ( -660.4168213242693355, 797.4322226882110272, -9.999999999999904077 ) ) ;
#898 = DIRECTION ( 'NONE',  ( 0.000000000000000000, 0.000000000000000000, 1.000000000000000000 ) ) ;
#899 = VERTEX_POINT ( 'NONE', #2789 ) ;
#900 = CARTESIAN_POINT ( 'NONE',  ( -634.7451177861813676, 841.4822226882110954, -19.00000000000000711 ) ) ;
#901 = VERTEX_POINT ( 'NONE', #503 ) ;
#902 = LINE ( 'NONE', #1370, #515 ) ;
#903 = DIRECTION ( 'NONE',  ( 1.000000000000000000, 0.000000000000000000, 0.000000000000000000 ) ) ;
#904 = CARTESIAN_POINT ( 'NONE',  ( -662.3937104867102335, 824.0250277948083522, -2.045605850816300642 ) ) ;
#905 = VERTEX_POINT ( 'NONE', #2765 ) ;
#906 = ORIENTED_EDGE ( 'NONE', *, *, #1308, .F. ) ;
#907 = DIRECTION ( 'NONE',  ( 4.017371075624249934E-15, 0.8759124087591270147, -0.4824701567784104861 ) ) ;
#908 = LINE ( 'NONE', #2899, #1493 ) ;
#909 = ORIENTED_EDGE ( 'NONE', *, *, #2823, .T. ) ;
#910 = VERTEX_POINT ( 'NONE', #296 ) ;
#911 = CARTESIAN_POINT ( 'NONE',  ( -658.1625546965398144, 792.6178531159199565, -1.873749937893251394 ) ) ;
#912 = ORIENTED_EDGE ( 'NONE', *, *, #882, .T. ) ;
#913 = FACE_OUTER_BOUND ( 'NONE', #2393, .T. ) ;
#914 = ORIENTED_EDGE ( 'NONE', *, *, #1177, .F. ) ;
#915 = LINE ( 'NONE', #2673, #1783 ) ;
#916 = EDGE_CURVE ( 'NONE', #1586, #1039, #2474, .T. ) ;
#917 = AXIS2_PLACEMENT_3D ( 'NONE', #2323, #1215, #1661 ) ;
#918 = VECTOR ( 'NONE', #149, 1000.000000000000000 ) ;
#919 = FACE_OUTER_BOUND ( 'NONE', #528, .T. ) ;
#920 = FACE_OUTER_BOUND ( 'NONE', #2821, .T. ) ;
#921 = ORIENTED_EDGE ( 'NONE', *, *, #1861, .T. ) ;
#922 = DIRECTION ( 'NONE',  ( 0.000000000000000000, 0.000000000000000000, -1.000000000000000000 ) ) ;
#923 = CARTESIAN_POINT ( 'NONE',  ( -657.4168213242693355, 834.4822226882110954, 2.000000000000000000 ) ) ;
#924 = CIRCLE ( 'NONE', #1761, 5.899999999999988809 ) ;
#925 = VERTEX_POINT ( 'NONE', #2552 ) ;
#926 = CARTESIAN_POINT ( 'NONE',  ( -656.0168213242694719, 839.4822226882110954, -22.00000000000000711 ) ) ;
#927 = CARTESIAN_POINT ( 'NONE',  ( -657.4168213242688807, 793.4525578143776556, 2.000000000001864731 ) ) ;
#928 = DIRECTION ( 'NONE',  ( 1.000000000000000000, 0.000000000000000000, 0.000000000000000000 ) ) ;
#929 = VECTOR ( 'NONE', #285, 1000.000000000000000 ) ;
#930 = DIRECTION ( 'NONE',  ( 0.000000000000000000, 0.000000000000000000, -1.000000000000000000 ) ) ;
#931 = ORIENTED_EDGE ( 'NONE', *, *, #2167, .T. ) ;
#932 = CARTESIAN_POINT ( 'NONE',  ( -657.4168213242703587, 824.4473706684157150, -21.99999999999625899 ) ) ;
#933 = EDGE_CURVE ( 'NONE', #1895, #910, #2737, .T. ) ;
#934 = CARTESIAN_POINT ( 'NONE',  ( -657.4168213242693355, 770.4822226882110954, 2.000000000000000000 ) ) ;
#935 = AXIS2_PLACEMENT_3D ( 'NONE', #1907, #2580, #2143 ) ;
#936 =( NAMED_UNIT ( * ) SI_UNIT ( $, .STERADIAN. ) SOLID_ANGLE_UNIT ( ) );
#937 = ORIENTED_EDGE ( 'NONE', *, *, #1247, .F. ) ;
#938 = CARTESIAN_POINT ( 'NONE',  ( -663.9168213242693355, 820.4822226882109817, -18.69999999999999574 ) ) ;
#939 = CARTESIAN_POINT ( 'NONE',  ( -660.4168213242693355, 824.4572226882110044, -3.115098039913708927 ) ) ;
#940 = VERTEX_POINT ( 'NONE', #2317 ) ;
#941 = CARTESIAN_POINT ( 'NONE',  ( -662.1188343144671080, 789.1183655167056941, -1.299799430130147204 ) ) ;
#942 = CIRCLE ( 'NONE', #413, 5.000000000000004441 ) ;
#943 = VECTOR ( 'NONE', #2109, 1000.000000000000000 ) ;
#944 = LINE ( 'NONE', #1188, #2639 ) ;
#945 = EDGE_LOOP ( 'NONE', ( #247, #1752, #1133, #1524 ) ) ;
#946 = DIRECTION ( 'NONE',  ( 0.000000000000000000, 0.000000000000000000, 1.000000000000000000 ) ) ;
#947 = EDGE_CURVE ( 'NONE', #1378, #2257, #725, .T. ) ;
#948 = DIRECTION ( 'NONE',  ( 0.000000000000000000, 1.000000000000000000, 0.000000000000000000 ) ) ;
#949 = ORIENTED_EDGE ( 'NONE', *, *, #1804, .T. ) ;
#950 = PLANE ( 'NONE',  #34 ) ;
#951 = B_SPLINE_CURVE_WITH_KNOTS ( 'NONE', 3,
 ( #2024, #2664, #1366, #657, #42, #1549, #1836, #2682, #15, #1597 ),
 .UNSPECIFIED., .F., .F.,
 ( 4, 2, 2, 2, 4 ),
 ( 0.000000000000000000, 0.001098502809367165418, 0.002197005618734330836, 0.003295508428101496037, 0.004394011237468661672 ),
 .UNSPECIFIED. ) ;
#952 = DIRECTION ( 'NONE',  ( -2.220446049250314027E-14, 0.4824701567784252521, -0.8759124087591186880 ) ) ;
#953 = LINE ( 'NONE', #743, #2455 ) ;
#954 = CARTESIAN_POINT ( 'NONE',  ( -655.4168213242693355, 785.5072226882111863, -16.88490196008639188 ) ) ;
#955 = EDGE_CURVE ( 'NONE', #845, #543, #1819, .T. ) ;
#956 = CARTESIAN_POINT ( 'NONE',  ( -662.1810031516289428, 788.0278389782057502, -1.414739501181059733 ) ) ;
#957 = ORIENTED_EDGE ( 'NONE', *, *, #2390, .F. ) ;
#958 = DIRECTION ( 'NONE',  ( 0.000000000000000000, 0.000000000000000000, 1.000000000000000000 ) ) ;
#959 = DIRECTION ( 'NONE',  ( 0.000000000000000000, 0.000000000000000000, 1.000000000000000000 ) ) ;
#960 = ORIENTED_EDGE ( 'NONE', *, *, #784, .F. ) ;
#961 = AXIS2_PLACEMENT_3D ( 'NONE', #2326, #1620, #1894 ) ;
#962 = DIRECTION ( 'NONE',  ( 0.000000000000000000, 1.000000000000000000, 0.000000000000000000 ) ) ;
#963 = CARTESIAN_POINT ( 'NONE',  ( -662.4168213242693355, 820.4822226882109817, -10.00000000000000178 ) ) ;
#964 = AXIS2_PLACEMENT_3D ( 'NONE', #2281, #1673, #969 ) ;
#965 = DIRECTION ( 'NONE',  ( -1.000000000000000000, -0.000000000000000000, -0.000000000000000000 ) ) ;
#966 = CARTESIAN_POINT ( 'NONE',  ( -634.7451177861813676, 841.5162875344128679, -17.00000000000000711 ) ) ;
#967 = CIRCLE ( 'NONE', #2598, 5.000000000000004441 ) ;
#968 = EDGE_CURVE ( 'NONE', #2602, #197, #2750, .T. ) ;
#969 = DIRECTION ( 'NONE',  ( 1.000000000000000000, 0.000000000000000000, 0.000000000000000000 ) ) ;
#970 = ORIENTED_EDGE ( 'NONE', *, *, #2801, .F. ) ;
#971 = ADVANCED_FACE ( 'NONE', ( #93 ), #950, .T. ) ;
#972 = DIRECTION ( 'NONE',  ( 1.000000000000000000, -0.000000000000000000, -0.000000000000000000 ) ) ;
#973 = CARTESIAN_POINT ( 'NONE',  ( -660.4168213242693355, 785.5072226882111863, -16.88490196008639188 ) ) ;
#974 = CARTESIAN_POINT ( 'NONE',  ( -657.4168213242693355, 770.4822226882110954, 2.000000000000000000 ) ) ;
#975 = ORIENTED_EDGE ( 'NONE', *, *, #1904, .T. ) ;
#976 = DIRECTION ( 'NONE',  ( 0.000000000000000000, 0.000000000000000000, 1.000000000000000000 ) ) ;
#977 = CARTESIAN_POINT ( 'NONE',  ( -663.2168213242692900, 820.4822226882109817, -15.89999999999998970 ) ) ;
#978 = COLOUR_RGB ( '',0.7921568627450980005, 0.8196078431372548767, 0.9333333333333333481 ) ;
#979 = AXIS2_PLACEMENT_3D ( 'NONE', #1349, #493, #2253 ) ;
#980 = EDGE_CURVE ( 'NONE', #2328, #1910, #1210, .T. ) ;
#981 = CARTESIAN_POINT ( 'NONE',  ( -657.4168213242694492, 793.6797130521832742, -17.62043795620438402 ) ) ;
#982 = DIRECTION ( 'NONE',  ( 1.000000000000000000, -0.000000000000000000, -0.000000000000000000 ) ) ;
#983 = CARTESIAN_POINT ( 'NONE',  ( -613.4168213242693355, 839.4822226882110954, -22.00000000000000711 ) ) ;
#984 = CIRCLE ( 'NONE', #605, 4.999999999999992895 ) ;
#985 = CARTESIAN_POINT ( 'NONE',  ( -662.1327112477614492, 788.7485150925176640, -1.323387586590530907 ) ) ;
#986 = ORIENTED_EDGE ( 'NONE', *, *, #113, .F. ) ;
#987 = VECTOR ( 'NONE', #2581, 1000.000000000000000 ) ;
#988 = LINE ( 'NONE', #1424, #705 ) ;
#989 = LINE ( 'NONE', #1220, #1614 ) ;
#990 = VERTEX_POINT ( 'NONE', #2329 ) ;
#991 = DIRECTION ( 'NONE',  ( 0.000000000000000000, 0.000000000000000000, 1.000000000000000000 ) ) ;
#992 = CARTESIAN_POINT ( 'NONE',  ( -634.7451177861813676, 841.4822226882110954, -19.00000000000000711 ) ) ;
#993 = CARTESIAN_POINT ( 'NONE',  ( -658.4575195136998218, 791.5264319806525464, -18.46819382273534771 ) ) ;
#994 = CARTESIAN_POINT ( 'NONE',  ( -662.1189485024729038, 820.4822226882109817, -1.300000000000008260 ) ) ;
#995 = CARTESIAN_POINT ( 'NONE',  ( -610.4168213242693355, 819.4822226882109817, -10.00000000000000178 ) ) ;
#996 = DIRECTION ( 'NONE',  ( -0.000000000000000000, -0.000000000000000000, -1.000000000000000000 ) ) ;
#997 = ORIENTED_EDGE ( 'NONE', *, *, #851, .F. ) ;
#998 = LINE ( 'NONE', #293, #1835 ) ;
#999 = CARTESIAN_POINT ( 'NONE',  ( -663.2168213242692900, 820.4822226882109817, -10.00000000000000178 ) ) ;
#1000 = ADVANCED_FACE ( 'NONE', ( #2061 ), #1950, .F. ) ;
#1001 = CARTESIAN_POINT ( 'NONE',  ( -660.4168213242693355, 785.5072226882111863, -3.115098039913708927 ) ) ;
#1002 = ORIENTED_EDGE ( 'NONE', *, *, #1611, .F. ) ;
#1003 = EDGE_CURVE ( 'NONE', #2207, #2902, #1579, .T. ) ;
#1004 = CARTESIAN_POINT ( 'NONE',  ( -657.4168213242693355, 789.4822226882110954, -10.00000000000000178 ) ) ;
#1005 = DIRECTION ( 'NONE',  ( 0.000000000000000000, 0.000000000000000000, 1.000000000000000000 ) ) ;
#1006 = CARTESIAN_POINT ( 'NONE',  ( -657.4168213242694492, 784.9584794181857887, -21.99999999999902300 ) ) ;
#1007 = FACE_OUTER_BOUND ( 'NONE', #429, .T. ) ;
#1008 = EDGE_CURVE ( 'NONE', #1071, #1337, #2556, .T. ) ;
#1009 = DIRECTION ( 'NONE',  ( -0.000000000000000000, 0.000000000000000000, -1.000000000000000000 ) ) ;
#1010 = EDGE_CURVE ( 'NONE', #1699, #1820, #1066, .T. ) ;
#1011 = TOROIDAL_SURFACE ( 'NONE', #1758, 13.69999999999999396, 5.000000000000000000 ) ;
#1012 = AXIS2_PLACEMENT_3D ( 'NONE', #2000, #12, #1360 ) ;
#1013 = DIRECTION ( 'NONE',  ( 0.000000000000000000, 1.000000000000000000, 0.000000000000000000 ) ) ;
#1014 = EDGE_LOOP ( 'NONE', ( #1193, #324, #214, #2166 ) ) ;
#1015 = ADVANCED_FACE ( 'NONE', ( #336 ), #1846, .T. ) ;
#1016 = LINE ( 'NONE', #658, #1304 ) ;
#1017 = CARTESIAN_POINT ( 'NONE',  ( -662.1188343144671080, 820.1183655166734070, -1.299799430130130329 ) ) ;
#1018 = EDGE_LOOP ( 'NONE', ( #1159, #2261, #151, #2416 ) ) ;
#1019 = EDGE_CURVE ( 'NONE', #1113, #834, #1244, .T. ) ;
#1020 = DIRECTION ( 'NONE',  ( 0.000000000000000000, 0.000000000000000000, 1.000000000000000000 ) ) ;
#1021 = DIRECTION ( 'NONE',  ( 0.000000000000000000, 0.000000000000000000, 1.000000000000000000 ) ) ;
#1022 = CARTESIAN_POINT ( 'NONE',  ( -658.1638413901539479, 792.6145928990054017, -18.12752184455900561 ) ) ;
#1023 = ORIENTED_EDGE ( 'NONE', *, *, #2585, .F. ) ;
#1024 = DIRECTION ( 'NONE',  ( 1.000000000000000000, 0.000000000000000000, -0.000000000000000000 ) ) ;
#1025 = VERTEX_POINT ( 'NONE', #1286 ) ;
#1026 = AXIS2_PLACEMENT_3D ( 'NONE', #2468, #1357, #2508 ) ;
#1027 = CARTESIAN_POINT ( 'NONE',  ( -662.2899913374996004, 786.9694992314574620, -18.33715453620483160 ) ) ;
#1028 = AXIS2_PLACEMENT_3D ( 'NONE', #1267, #2601, #1040 ) ;
#1029 = CARTESIAN_POINT ( 'NONE',  ( -660.4168213242693355, 824.4572226882110044, -3.115098039913708927 ) ) ;
#1030 = CARTESIAN_POINT ( 'NONE',  ( -657.4168213242684260, 817.6318455226687547, 2.000000000003739231 ) ) ;
#1031 = VECTOR ( 'NONE', #1021, 1000.000000000000000 ) ;
#1032 = CIRCLE ( 'NONE', #2153, 6.699999999999994849 ) ;
#1033 = ORIENTED_EDGE ( 'NONE', *, *, #1316, .F. ) ;
#1034 = DIRECTION ( 'NONE',  ( 1.000000000000000000, -0.000000000000000000, -0.000000000000000000 ) ) ;
#1035 = CARTESIAN_POINT ( 'NONE',  ( -622.3647516641965467, 772.4822226882110954, -2.019892580075746569 ) ) ;
#1036 = EDGE_CURVE ( 'NONE', #805, #1510, #2357, .T. ) ;
#1037 = FACE_OUTER_BOUND ( 'NONE', #568, .T. ) ;
#1038 = FACE_OUTER_BOUND ( 'NONE', #847, .T. ) ;
#1039 = VERTEX_POINT ( 'NONE', #1496 ) ;
#1040 = DIRECTION ( 'NONE',  ( 1.000000000000000000, 0.000000000000000000, 0.000000000000000000 ) ) ;
#1041 = ADVANCED_FACE ( 'NONE', ( #2127 ), #1273, .F. ) ;
#1042 = ORIENTED_EDGE ( 'NONE', *, *, #146, .F. ) ;
#1043 = ORIENTED_EDGE ( 'NONE', *, *, #1265, .F. ) ;
#1044 = EDGE_CURVE ( 'NONE', #355, #1514, #131, .T. ) ;
#1045 = CARTESIAN_POINT ( 'NONE',  ( -662.1809247009181263, 788.0288274410047507, -18.58541298362159111 ) ) ;
#1046 = DIRECTION ( 'NONE',  ( 0.000000000000000000, 0.000000000000000000, -1.000000000000000000 ) ) ;
#1047 = EDGE_LOOP ( 'NONE', ( #74, #1563, #2343, #1982 ) ) ;
#1048 = DIRECTION ( 'NONE',  ( 1.000000000000000000, 0.000000000000000000, 0.000000000000000000 ) ) ;
#1049 = DIRECTION ( 'NONE',  ( 1.000000000000000000, -0.000000000000000000, -0.000000000000000000 ) ) ;
#1050 = DIRECTION ( 'NONE',  ( 0.000000000000000000, 0.000000000000000000, -1.000000000000000000 ) ) ;
#1051 = DIRECTION ( 'NONE',  ( 0.000000000000000000, 1.000000000000000000, 0.000000000000000000 ) ) ;
#1052 = ORIENTED_EDGE ( 'NONE', *, *, #1227, .F. ) ;
#1053 = CARTESIAN_POINT ( 'NONE',  ( -609.8168213242693128, 770.4822226882110954, 2.000999999999999446 ) ) ;
#1054 = EDGE_LOOP ( 'NONE', ( #137, #2676, #1313, #1570, #1534, #104 ) ) ;
#1055 = EDGE_LOOP ( 'NONE', ( #87, #1033, #855, #1136 ) ) ;
#1056 = ORIENTED_EDGE ( 'NONE', *, *, #1949, .T. ) ;
#1057 = AXIS2_PLACEMENT_3D ( 'NONE', #1231, #765, #1440 ) ;
#1058 = VECTOR ( 'NONE', #982, 1000.000000000000000 ) ;
#1059 = CARTESIAN_POINT ( 'NONE',  ( -662.1189485024729038, 789.4822226882110954, -18.69999999999999929 ) ) ;
#1060 = ADVANCED_FACE ( 'NONE', ( #1965, #602 ), #118, .T. ) ;
#1061 = CIRCLE ( 'NONE', #72, 1.399999999999956835 ) ;
#1062 = CARTESIAN_POINT ( 'NONE',  ( -657.6527849185712284, 824.4829786202919877, -2.271196759054286751 ) ) ;
#1063 = CIRCLE ( 'NONE', #1470, 8.699999999999992184 ) ;
#1064 = DIRECTION ( 'NONE',  ( -0.000000000000000000, -0.000000000000000000, -1.000000000000000000 ) ) ;
#1065 = DIRECTION ( 'NONE',  ( -0.000000000000000000, -0.000000000000000000, -1.000000000000000000 ) ) ;
#1066 = CIRCLE ( 'NONE', #2465, 5.000000000000004441 ) ;
#1067 = CARTESIAN_POINT ( 'NONE',  ( -632.8175408737779435, 841.5162875344128679, -17.00000000000000711 ) ) ;
#1068 = CARTESIAN_POINT ( 'NONE',  ( -608.4168213242693355, 834.4822226882110954, -22.00000000000000711 ) ) ;
#1069 = LINE ( 'NONE', #621, #560 ) ;
#1070 = ORIENTED_EDGE ( 'NONE', *, *, #2331, .F. ) ;
#1071 = VERTEX_POINT ( 'NONE', #810 ) ;
#1072 = ORIENTED_EDGE ( 'NONE', *, *, #2436, .T. ) ;
#1073 = FACE_OUTER_BOUND ( 'NONE', #1906, .T. ) ;
#1074 = CIRCLE ( 'NONE', #1823, 4.049999999999998046 ) ;
#1075 = EDGE_CURVE ( 'NONE', #1025, #1469, #2321, .T. ) ;
#1076 = CARTESIAN_POINT ( 'NONE',  ( -657.4168213242695629, 825.0059659582364020, 1.999999999998774536 ) ) ;
#1077 = DIRECTION ( 'NONE',  ( -0.000000000000000000, -0.000000000000000000, -1.000000000000000000 ) ) ;
#1078 = CARTESIAN_POINT ( 'NONE',  ( -622.3647516641965467, 770.4822226882110954, -2.019892580075744792 ) ) ;
#1079 = VECTOR ( 'NONE', #783, 1000.000000000000000 ) ;
#1080 = LINE ( 'NONE', #1967, #2893 ) ;
#1081 = ORIENTED_EDGE ( 'NONE', *, *, #471, .F. ) ;
#1082 = ORIENTED_EDGE ( 'NONE', *, *, #2855, .F. ) ;
#1083 = FACE_OUTER_BOUND ( 'NONE', #2900, .T. ) ;
#1084 = ORIENTED_EDGE ( 'NONE', *, *, #453, .T. ) ;
#1085 = VERTEX_POINT ( 'NONE', #2857 ) ;
#1086 = EDGE_LOOP ( 'NONE', ( #259, #1129, #2646, #1623 ) ) ;
#1087 = CARTESIAN_POINT ( 'NONE',  ( -655.4168213242693355, 793.4572226882110044, -3.115098039913708927 ) ) ;
#1088 = DIRECTION ( 'NONE',  ( 0.000000000000000000, 0.000000000000000000, 1.000000000000000000 ) ) ;
#1089 = ADVANCED_FACE ( 'NONE', ( #2371 ), #1465, .F. ) ;
#1090 = DIRECTION ( 'NONE',  ( 0.000000000000000000, -1.000000000000000000, 0.000000000000000000 ) ) ;
#1091 = CARTESIAN_POINT ( 'NONE',  ( -657.4168213242694492, 816.2847323242386892, -17.62043795620438758 ) ) ;
#1092 = LINE ( 'NONE', #2876, #608 ) ;
#1093 = CARTESIAN_POINT ( 'NONE',  ( -660.4168213242693355, 789.4822226882110954, -15.89999999999998970 ) ) ;
#1094 = ORIENTED_EDGE ( 'NONE', *, *, #256, .F. ) ;
#1095 = ORIENTED_EDGE ( 'NONE', *, *, #291, .T. ) ;
#1096 = CARTESIAN_POINT ( 'NONE',  ( -663.2168213242692900, 789.4822226882110954, -16.69999999999999574 ) ) ;
#1097 = DIRECTION ( 'NONE',  ( 0.000000000000000000, -0.8660254037844383745, -0.5000000000000006661 ) ) ;
#1098 = ORIENTED_EDGE ( 'NONE', *, *, #2810, .T. ) ;
#1099 = ORIENTED_EDGE ( 'NONE', *, *, #604, .T. ) ;
#1100 = EDGE_CURVE ( 'NONE', #1910, #2328, #316, .T. ) ;
#1101 = EDGE_CURVE ( 'NONE', #1337, #1071, #1074, .T. ) ;
#1102 = CARTESIAN_POINT ( 'NONE',  ( -662.4168213242693355, 816.2847323242388029, -17.62043795620438047 ) ) ;
#1103 = CARTESIAN_POINT ( 'NONE',  ( -660.4168213242693355, 824.4572226882111181, -16.88490196008607569 ) ) ;
#1104 = EDGE_CURVE ( 'NONE', #2884, #411, #555, .T. ) ;
#1105 = VECTOR ( 'NONE', #2084, 1000.000000000000227 ) ;
#1106 = ORIENTED_EDGE ( 'NONE', *, *, #1611, .T. ) ;
#1107 = CYLINDRICAL_SURFACE ( 'NONE', #2355, 4.000000000000001776 ) ;
#1108 = AXIS2_PLACEMENT_3D ( 'NONE', #2240, #1088, #928 ) ;
#1109 = EDGE_CURVE ( 'NONE', #1704, #1715, #1705, .T. ) ;
#1110 = CARTESIAN_POINT ( 'NONE',  ( -662.1808204612859754, 821.9347198994253176, -18.58562482685940864 ) ) ;
#1111 = CARTESIAN_POINT ( 'NONE',  ( -662.2154760766762820, 818.6717142056357943, -1.482698264363905283 ) ) ;
#1112 = ORIENTED_EDGE ( 'NONE', *, *, #2689, .T. ) ;
#1113 = VERTEX_POINT ( 'NONE', #1720 ) ;
#1114 = DIRECTION ( 'NONE',  ( 0.000000000000000000, 0.000000000000000000, -1.000000000000000000 ) ) ;
#1115 = CARTESIAN_POINT ( 'NONE',  ( -630.7451177861813676, 837.4822226882110954, -19.00000000000000711 ) ) ;
#1116 = ORIENTED_EDGE ( 'NONE', *, *, #1867, .T. ) ;
#1117 = CARTESIAN_POINT ( 'NONE',  ( -662.4168213242693355, 824.6797130521832742, -2.379562043795626192 ) ) ;
#1118 = CARTESIAN_POINT ( 'NONE',  ( -662.4168213242693355, 785.2847323242388029, -2.379562043795681259 ) ) ;
#1119 = ORIENTED_EDGE ( 'NONE', *, *, #2858, .T. ) ;
#1120 =( GEOMETRIC_REPRESENTATION_CONTEXT ( 3 ) GLOBAL_UNCERTAINTY_ASSIGNED_CONTEXT ( ( #2158 ) ) GLOBAL_UNIT_ASSIGNED_CONTEXT ( ( #9, #37, #936 ) ) REPRESENTATION_CONTEXT ( 'NONE', 'WORKASPACE' ) );
#1121 = LINE ( 'NONE', #1599, #1566 ) ;
#1122 = CIRCLE ( 'NONE', #600, 6.699999999999994849 ) ;
#1123 = ORIENTED_EDGE ( 'NONE', *, *, #980, .F. ) ;
#1124 = EDGE_CURVE ( 'NONE', #2125, #702, #1953, .T. ) ;
#1125 = CARTESIAN_POINT ( 'NONE',  ( -662.4168213242693355, 816.2847323242388029, -17.62043795620438047 ) ) ;
#1126 = CARTESIAN_POINT ( 'NONE',  ( -607.0168213242693582, 770.4822226882110954, -22.00000000000000711 ) ) ;
#1127 = FILL_AREA_STYLE_COLOUR ( '', #978 ) ;
#1128 = VERTEX_POINT ( 'NONE', #839 ) ;
#1129 = ORIENTED_EDGE ( 'NONE', *, *, #1240, .F. ) ;
#1130 = DIRECTION ( 'NONE',  ( 0.000000000000000000, 0.000000000000000000, 1.000000000000000000 ) ) ;
#1131 = AXIS2_PLACEMENT_3D ( 'NONE', #1726, #2865, #1770 ) ;
#1132 = PLANE ( 'NONE',  #1912 ) ;
#1133 = ORIENTED_EDGE ( 'NONE', *, *, #2092, .T. ) ;
#1134 = CIRCLE ( 'NONE', #655, 8.699999999999993960 ) ;
#1135 = VECTOR ( 'NONE', #1550, 1000.000000000000000 ) ;
#1136 = ORIENTED_EDGE ( 'NONE', *, *, #715, .T. ) ;
#1137 = DIRECTION ( 'NONE',  ( 0.000000000000000000, -1.000000000000000000, 0.000000000000000000 ) ) ;
#1138 = ADVANCED_FACE ( 'NONE', ( #362 ), #398, .F. ) ;
#1139 = ADVANCED_FACE ( 'NONE', ( #21 ), #1978, .F. ) ;
#1140 = VERTEX_POINT ( 'NONE', #1555 ) ;
#1141 = DIRECTION ( 'NONE',  ( 0.000000000000000000, 0.000000000000000000, -1.000000000000000000 ) ) ;
#1142 = ORIENTED_EDGE ( 'NONE', *, *, #2873, .F. ) ;
#1143 = CARTESIAN_POINT ( 'NONE',  ( -658.5916074863437188, 819.6343879859891786, -18.66866107492737825 ) ) ;
#1144 = CARTESIAN_POINT ( 'NONE',  ( -662.3937565721806777, 816.9386515298720042, -2.045986099945237946 ) ) ;
#1145 = CARTESIAN_POINT ( 'NONE',  ( -657.4168213242693355, 782.8723815403468507, -22.00000000000000711 ) ) ;
#1146 = ORIENTED_EDGE ( 'NONE', *, *, #1713, .F. ) ;
#1147 = DIRECTION ( 'NONE',  ( 1.000000000000000000, 0.000000000000000000, 0.000000000000000000 ) ) ;
#1148 = LINE ( 'NONE', #923, #275 ) ;
#1149 = ORIENTED_EDGE ( 'NONE', *, *, #113, .T. ) ;
#1150 = CARTESIAN_POINT ( 'NONE',  ( -663.2168213242692900, 789.4822226882110954, -10.00000000000000178 ) ) ;
#1151 = CARTESIAN_POINT ( 'NONE',  ( -662.1813897340638277, 790.9411369052044165, -1.415498746075458891 ) ) ;
#1152 = DIRECTION ( 'NONE',  ( -0.000000000000000000, -1.000000000000000000, -0.000000000000000000 ) ) ;
#1153 = ORIENTED_EDGE ( 'NONE', *, *, #1516, .T. ) ;
#1154 = CARTESIAN_POINT ( 'NONE',  ( -657.4168213242709271, 821.6312657418844765, -21.99999999999551648 ) ) ;
#1155 = VECTOR ( 'NONE', #2533, 1000.000000000000000 ) ;
#1156 = CIRCLE ( 'NONE', #2546, 5.899999999999988809 ) ;
#1157 = LINE ( 'NONE', #470, #1467 ) ;
#1158 = CARTESIAN_POINT ( 'NONE',  ( -655.4168213242693355, 837.4822226882110954, -22.00000000000000711 ) ) ;
#1159 = ORIENTED_EDGE ( 'NONE', *, *, #778, .T. ) ;
#1160 = DIRECTION ( 'NONE',  ( -0.000000000000000000, -0.000000000000000000, 1.000000000000000000 ) ) ;
#1161 = CARTESIAN_POINT ( 'NONE',  ( -663.2168213242692900, 789.4822226882110954, -4.100000000000012079 ) ) ;
#1162 = VERTEX_POINT ( 'NONE', #1796 ) ;
#1163 = CARTESIAN_POINT ( 'NONE',  ( -636.8675408737778980, 841.5162875344128679, -17.00000000000000711 ) ) ;
#1164 = EDGE_CURVE ( 'NONE', #2266, #2638, #2245, .T. ) ;
#1165 = DIRECTION ( 'NONE',  ( -1.000000000000000000, 0.000000000000000000, 0.000000000000000000 ) ) ;
#1166 = VERTEX_POINT ( 'NONE', #2012 ) ;
#1167 = FACE_OUTER_BOUND ( 'NONE', #2586, .T. ) ;
#1168 = DIRECTION ( 'NONE',  ( 1.000000000000000000, 0.000000000000000000, 0.000000000000000000 ) ) ;
#1169 = ORIENTED_EDGE ( 'NONE', *, *, #2078, .T. ) ;
#1170 = DIRECTION ( 'NONE',  ( -1.000000000000000000, 0.000000000000000000, 0.000000000000000000 ) ) ;
#1171 = CIRCLE ( 'NONE', #1026, 1.399999999999956835 ) ;
#1172 = DIRECTION ( 'NONE',  ( -0.000000000000000000, -1.000000000000000000, -0.000000000000000000 ) ) ;
#1173 = CARTESIAN_POINT ( 'NONE',  ( -630.7451177861813676, 841.4822226882110954, -19.00000000000000711 ) ) ;
#1174 = CARTESIAN_POINT ( 'NONE',  ( -662.3315179229870182, 792.3549647648502514, -1.779862079005879671 ) ) ;
#1175 = AXIS2_PLACEMENT_3D ( 'NONE', #2611, #1261, #1936 ) ;
#1176 = FACE_OUTER_BOUND ( 'NONE', #100, .T. ) ;
#1177 = EDGE_CURVE ( 'NONE', #2743, #2561, #915, .T. ) ;
#1178 = ORIENTED_EDGE ( 'NONE', *, *, #2056, .T. ) ;
#1179 = DIRECTION ( 'NONE',  ( 0.000000000000000000, -0.000000000000000000, 1.000000000000000000 ) ) ;
#1180 = FACE_BOUND ( 'NONE', #2407, .T. ) ;
#1181 = ORIENTED_EDGE ( 'NONE', *, *, #1104, .F. ) ;
#1182 = DIRECTION ( 'NONE',  ( -1.000000000000000000, 0.000000000000000000, 0.000000000000000000 ) ) ;
#1183 = CARTESIAN_POINT ( 'NONE',  ( -655.4168213242693355, 837.4822226882110954, 0.000000000000000000 ) ) ;
#1184 = CARTESIAN_POINT ( 'NONE',  ( -662.4168213205348366, 793.3598770085936849, -17.79661007632847713 ) ) ;
#1185 = FACE_OUTER_BOUND ( 'NONE', #1054, .T. ) ;
#1186 = CARTESIAN_POINT ( 'NONE',  ( -657.4168213242694492, 793.6797130521831605, -2.379562043795618642 ) ) ;
#1187 = EDGE_CURVE ( 'NONE', #1359, #2002, #2231, .T. ) ;
#1188 = CARTESIAN_POINT ( 'NONE',  ( -610.4168213242693355, 837.4822226882110954, -22.00000000000000711 ) ) ;
#1189 = EDGE_LOOP ( 'NONE', ( #1913, #1992, #1580, #859 ) ) ;
#1190 = DIRECTION ( 'NONE',  ( 1.000000000000000000, -0.000000000000000000, -0.000000000000000000 ) ) ;
#1191 = EDGE_CURVE ( 'NONE', #1968, #2150, #902, .T. ) ;
#1192 = DIRECTION ( 'NONE',  ( 0.000000000000000000, 0.000000000000000000, 1.000000000000000000 ) ) ;
#1193 = ORIENTED_EDGE ( 'NONE', *, *, #2823, .F. ) ;
#1194 = AXIS2_PLACEMENT_3D ( 'NONE', #2672, #2489, #2447 ) ;
#1195 = VECTOR ( 'NONE', #2831, 1000.000000000000000 ) ;
#1196 = CARTESIAN_POINT ( 'NONE',  ( -663.9168213242693355, 789.4822226882110954, -10.00000000000000178 ) ) ;
#1197 = CARTESIAN_POINT ( 'NONE',  ( -652.4168213242693355, 839.4822226882110954, -22.00000000000000711 ) ) ;
#1198 = AXIS2_PLACEMENT_3D ( 'NONE', #2559, #2730, #718 ) ;
#1199 = DIRECTION ( 'NONE',  ( 0.000000000000000000, -0.4824701567784244194, 0.8759124087591192431 ) ) ;
#1200 = FACE_OUTER_BOUND ( 'NONE', #2265, .T. ) ;
#1201 = CIRCLE ( 'NONE', #305, 6.699999999999994849 ) ;
#1202 = DIRECTION ( 'NONE',  ( -1.000000000000000000, -0.000000000000000000, -0.000000000000000000 ) ) ;
#1203 = AXIS2_PLACEMENT_3D ( 'NONE', #1924, #1020, #174 ) ;
#1204 = VERTEX_POINT ( 'NONE', #49 ) ;
#1205 = CARTESIAN_POINT ( 'NONE',  ( -630.7451177861813676, 841.4822226882110954, -19.00000000000000711 ) ) ;
#1206 = DIRECTION ( 'NONE',  ( 1.000000000000000000, 0.000000000000000000, 0.000000000000000000 ) ) ;
#1207 = EDGE_LOOP ( 'NONE', ( #1515, #392 ) ) ;
#1208 = DIRECTION ( 'NONE',  ( 1.000000000000000000, 0.000000000000000000, 0.000000000000000000 ) ) ;
#1209 = CARTESIAN_POINT ( 'NONE',  ( -662.4168213242693355, 824.6797130521832742, -17.62043795620438047 ) ) ;
#1210 = CIRCLE ( 'NONE', #2562, 1.399999999999956835 ) ;
#1211 = CARTESIAN_POINT ( 'NONE',  ( -662.1324983879563888, 790.2119069631486354, -18.67699617811825163 ) ) ;
#1212 = CARTESIAN_POINT ( 'NONE',  ( -613.4168213242693355, 770.4822226882110954, 2.000000000000000000 ) ) ;
#1213 = DIRECTION ( 'NONE',  ( 0.000000000000000000, 0.000000000000000000, 1.000000000000000000 ) ) ;
#1214 = AXIS2_PLACEMENT_3D ( 'NONE', #1292, #2149, #1929 ) ;
#1215 = DIRECTION ( 'NONE',  ( -0.000000000000000000, -0.000000000000000000, -1.000000000000000000 ) ) ;
#1216 = AXIS2_PLACEMENT_3D ( 'NONE', #1230, #571, #1317 ) ;
#1217 = ORIENTED_EDGE ( 'NONE', *, *, #968, .F. ) ;
#1218 = EDGE_CURVE ( 'NONE', #1162, #1820, #988, .T. ) ;
#1219 = CARTESIAN_POINT ( 'NONE',  ( -660.4168213242693355, 824.4572226882110044, -3.115098039913708927 ) ) ;
#1220 = CARTESIAN_POINT ( 'NONE',  ( -655.4168213242693355, 785.5072226882111863, -16.88490196008639188 ) ) ;
#1221 = EDGE_LOOP ( 'NONE', ( #1344, #1564, #1318, #856 ) ) ;
#1222 = DIRECTION ( 'NONE',  ( 0.000000000000000000, 0.000000000000000000, -1.000000000000000000 ) ) ;
#1223 = CARTESIAN_POINT ( 'NONE',  ( -662.3937565721806777, 824.0257938465505276, -17.95401390005476827 ) ) ;
#1224 = CARTESIAN_POINT ( 'NONE',  ( -657.4168213242697902, 786.6232750115673298, -21.99999999999813483 ) ) ;
#1225 = CARTESIAN_POINT ( 'NONE',  ( -660.4168213242693355, 785.5072226882111863, -16.88490196008639188 ) ) ;
#1226 = LINE ( 'NONE', #2306, #2480 ) ;
#1227 = EDGE_CURVE ( 'NONE', #1204, #2010, #2519, .T. ) ;
#1228 = DIRECTION ( 'NONE',  ( -1.000000000000000000, -0.000000000000000000, -0.000000000000000000 ) ) ;
#1229 = VERTEX_POINT ( 'NONE', #1883 ) ;
#1230 = CARTESIAN_POINT ( 'NONE',  ( -630.7451177861813676, 841.4822226882110954, -15.00000000000000711 ) ) ;
#1231 = CARTESIAN_POINT ( 'NONE',  ( -663.2168213242692900, 789.4822226882110954, -10.00000000000000178 ) ) ;
#1232 = VERTEX_POINT ( 'NONE', #2746 ) ;
#1233 = CARTESIAN_POINT ( 'NONE',  ( -662.3311489655095556, 823.3515627878264240, -18.22132629329435005 ) ) ;
#1234 = CARTESIAN_POINT ( 'NONE',  ( -622.9168213242693355, 839.4822226882110954, -22.00000000000000711 ) ) ;
#1235 = AXIS2_PLACEMENT_3D ( 'NONE', #1353, #1152, #706 ) ;
#1236 = EDGE_LOOP ( 'NONE', ( #1772, #2849, #1727, #712 ) ) ;
#1237 = DIRECTION ( 'NONE',  ( 0.000000000000000000, 0.000000000000000000, 1.000000000000000000 ) ) ;
#1238 = AXIS2_PLACEMENT_3D ( 'NONE', #2053, #1165, #2093 ) ;
#1239 = DIRECTION ( 'NONE',  ( -1.000000000000000000, 0.000000000000000000, 0.000000000000000000 ) ) ;
#1240 = EDGE_CURVE ( 'NONE', #111, #2010, #1618, .T. ) ;
#1241 = DIRECTION ( 'NONE',  ( 0.000000000000000000, -1.000000000000000000, 0.000000000000000000 ) ) ;
#1242 = CARTESIAN_POINT ( 'NONE',  ( -662.1190641759897062, 820.8556089133617206, -1.300203179147750854 ) ) ;
#1243 = ORIENTED_EDGE ( 'NONE', *, *, #2855, .T. ) ;
#1244 = LINE ( 'NONE', #2386, #1584 ) ;
#1245 = LINE ( 'NONE', #1274, #3 ) ;
#1246 = DIRECTION ( 'NONE',  ( 1.000000000000000000, -0.000000000000000000, -0.000000000000000000 ) ) ;
#1247 = EDGE_CURVE ( 'NONE', #595, #1085, #2272, .T. ) ;
#1248 = CARTESIAN_POINT ( 'NONE',  ( -663.2168213242692900, 820.4822226882109817, -10.00000000000000178 ) ) ;
#1249 = VERTEX_POINT ( 'NONE', #1854 ) ;
#1250 = CIRCLE ( 'NONE', #1486, 4.049999999999998046 ) ;
#1251 = CARTESIAN_POINT ( 'NONE',  ( -613.4168213242693355, 839.4822226882110954, -22.00000000000000711 ) ) ;
#1252 = ORIENTED_EDGE ( 'NONE', *, *, #784, .T. ) ;
#1253 = ORIENTED_EDGE ( 'NONE', *, *, #1075, .T. ) ;
#1254 = DIRECTION ( 'NONE',  ( -1.841295076327811723E-15, -0.8759124087591225738, 0.4824701567784185907 ) ) ;
#1255 = AXIS2_PLACEMENT_3D ( 'NONE', #2191, #1512, #610 ) ;
#1256 = CARTESIAN_POINT ( 'NONE',  ( -657.4168213242693355, 826.5917939738500309, 2.000000000000000000 ) ) ;
#1257 = VECTOR ( 'NONE', #1497, 1000.000000000000000 ) ;
#1258 = VECTOR ( 'NONE', #2215, 1000.000000000000000 ) ;
#1259 = VERTEX_POINT ( 'NONE', #1869 ) ;
#1260 = DIRECTION ( 'NONE',  ( -1.000000000000000000, 0.000000000000000000, 0.000000000000000000 ) ) ;
#1261 = DIRECTION ( 'NONE',  ( 1.000000000000000000, 0.000000000000000000, -0.000000000000000000 ) ) ;
#1262 = DIRECTION ( 'NONE',  ( -1.000000000000000000, -0.000000000000000000, -0.000000000000000000 ) ) ;
#1263 = PLANE ( 'NONE',  #1858 ) ;
#1264 = ORIENTED_EDGE ( 'NONE', *, *, #1525, .F. ) ;
#1265 = EDGE_CURVE ( 'NONE', #845, #393, #2773, .T. ) ;
#1266 = AXIS2_PLACEMENT_3D ( 'NONE', #1374, #1326, #252 ) ;
#1267 = CARTESIAN_POINT ( 'NONE',  ( -632.9168213242693355, 839.4822226882110954, -44.36067977499792647 ) ) ;
#1268 = ORIENTED_EDGE ( 'NONE', *, *, #1621, .F. ) ;
#1269 = ORIENTED_EDGE ( 'NONE', *, *, #2708, .T. ) ;
#1270 = DIRECTION ( 'NONE',  ( 0.000000000000000000, 0.000000000000000000, 1.000000000000000000 ) ) ;
#1271 = CARTESIAN_POINT ( 'NONE',  ( -657.4168213242694492, 816.2847323242388029, -2.379562043795615978 ) ) ;
#1272 = EDGE_CURVE ( 'NONE', #2266, #1931, #2547, .T. ) ;
#1273 = CYLINDRICAL_SURFACE ( 'NONE', #1674, 4.049999999999998046 ) ;
#1274 = CARTESIAN_POINT ( 'NONE',  ( -660.4168213242693355, 793.4572226882108907, -16.88490196008639188 ) ) ;
#1275 = DIRECTION ( 'NONE',  ( 1.000000000000000000, -0.000000000000000000, -0.000000000000000000 ) ) ;
#1276 = ADVANCED_FACE ( 'NONE', ( #1167 ), #2311, .F. ) ;
#1277 = CARTESIAN_POINT ( 'NONE',  ( -657.4168213242693355, 820.4822226882109817, -10.00000000000000178 ) ) ;
#1278 = DIRECTION ( 'NONE',  ( 1.000000000000000000, -0.000000000000000000, -0.000000000000000000 ) ) ;
#1279 = ORIENTED_EDGE ( 'NONE', *, *, #535, .T. ) ;
#1280 = ORIENTED_EDGE ( 'NONE', *, *, #933, .T. ) ;
#1281 = ORIENTED_EDGE ( 'NONE', *, *, #1573, .F. ) ;
#1282 = CIRCLE ( 'NONE', #2500, 1.532046148965626742 ) ;
#1283 = AXIS2_PLACEMENT_3D ( 'NONE', #2541, #730, #1643 ) ;
#1284 = DIRECTION ( 'NONE',  ( 0.000000000000000000, 0.000000000000000000, 1.000000000000000000 ) ) ;
#1285 = CARTESIAN_POINT ( 'NONE',  ( -662.4168213242693355, 824.6797130521832742, -2.379562043795625303 ) ) ;
#1286 = CARTESIAN_POINT ( 'NONE',  ( -603.4168213242693355, 839.4822226882110954, 2.000000000000000000 ) ) ;
#1287 = CARTESIAN_POINT ( 'NONE',  ( -603.4168213242693355, 770.4822226882110954, -22.00000000000000711 ) ) ;
#1288 = DIRECTION ( 'NONE',  ( 0.000000000000000000, 0.000000000000000000, 1.000000000000000000 ) ) ;
#1289 = ORIENTED_EDGE ( 'NONE', *, *, #2436, .F. ) ;
#1290 = VERTEX_POINT ( 'NONE', #1394 ) ;
#1291 = CARTESIAN_POINT ( 'NONE',  ( -608.4168213242693355, 770.4822226882110954, -22.00000000000000711 ) ) ;
#1292 = CARTESIAN_POINT ( 'NONE',  ( -657.4168213242693355, 770.4822226882110954, 2.000999999999999446 ) ) ;
#1293 = ADVANCED_FACE ( 'NONE', ( #1651 ), #499, .F. ) ;
#1294 = ORIENTED_EDGE ( 'NONE', *, *, #2319, .F. ) ;
#1295 = ORIENTED_EDGE ( 'NONE', *, *, #1044, .T. ) ;
#1296 = VERTEX_POINT ( 'NONE', #2732 ) ;
#1297 = CARTESIAN_POINT ( 'NONE',  ( -608.4168213242693355, 834.4822226882110954, -22.00000000000000711 ) ) ;
#1298 = VECTOR ( 'NONE', #1935, 1000.000000000000000 ) ;
#1299 = ADVANCED_FACE ( 'NONE', ( #280 ), #2535, .F. ) ;
#1300 = CARTESIAN_POINT ( 'NONE',  ( -658.5155108203695136, 822.1388764889410368, -1.447131618441776624 ) ) ;
#1301 = CARTESIAN_POINT ( 'NONE',  ( -662.1813897340955464, 819.0233084711854872, -18.58450125392044683 ) ) ;
#1302 = CARTESIAN_POINT ( 'NONE',  ( -655.4168213242693355, 837.4822226882110954, -22.00000000000000711 ) ) ;
#1303 = AXIS2_PLACEMENT_3D ( 'NONE', #1984, #2418, #1487 ) ;
#1304 = VECTOR ( 'NONE', #1903, 1000.000000000000000 ) ;
#1305 = ADVANCED_FACE ( 'NONE', ( #2297 ), #516, .F. ) ;
#1306 = PLANE ( 'NONE',  #301 ) ;
#1307 = ORIENTED_EDGE ( 'NONE', *, *, #2684, .T. ) ;
#1308 = EDGE_CURVE ( 'NONE', #612, #901, #2429, .T. ) ;
#1309 = ORIENTED_EDGE ( 'NONE', *, *, #2164, .T. ) ;
#1310 = ADVANCED_FACE ( 'NONE', ( #736 ), #320, .F. ) ;
#1311 = CARTESIAN_POINT ( 'NONE',  ( -655.4168213242693355, 772.4822226882110954, -22.00000000000000711 ) ) ;
#1312 = CYLINDRICAL_SURFACE ( 'NONE', #1028, 10.00000000000000888 ) ;
#1313 = ORIENTED_EDGE ( 'NONE', *, *, #479, .T. ) ;
#1314 = VERTEX_POINT ( 'NONE', #1635 ) ;
#1315 = VERTEX_POINT ( 'NONE', #1219 ) ;
#1316 = EDGE_CURVE ( 'NONE', #1329, #355, #998, .T. ) ;
#1317 = DIRECTION ( 'NONE',  ( 1.000000000000000000, 0.000000000000000000, -0.000000000000000000 ) ) ;
#1318 = ORIENTED_EDGE ( 'NONE', *, *, #1986, .F. ) ;
#1319 = FACE_OUTER_BOUND ( 'NONE', #498, .T. ) ;
#1320 = B_SPLINE_CURVE_WITH_KNOTS ( 'NONE', 3,
 ( #1059, #357, #835, #1045, #126, #1027, #1717, #1915, #1730, #2619 ),
 .UNSPECIFIED., .F., .F.,
 ( 4, 2, 2, 2, 4 ),
 ( 0.004394011237468661672, 0.005494171514196110988, 0.006594331790923561171, 0.007694492067651010486, 0.008794652344378459802 ),
 .UNSPECIFIED. ) ;
#1321 = DIRECTION ( 'NONE',  ( -1.000000000000000000, 0.000000000000000000, 0.000000000000000000 ) ) ;
#1322 = CARTESIAN_POINT ( 'NONE',  ( -662.1327112477614492, 819.7485150925173230, -1.323387586590530907 ) ) ;
#1323 = CARTESIAN_POINT ( 'NONE',  ( -662.1809247009181263, 821.9356179354169853, -1.414587016378415996 ) ) ;
#1324 = ORIENTED_EDGE ( 'NONE', *, *, #1462, .T. ) ;
#1325 = ORIENTED_EDGE ( 'NONE', *, *, #2142, .T. ) ;
#1326 = DIRECTION ( 'NONE',  ( 0.000000000000000000, 0.000000000000000000, -1.000000000000000000 ) ) ;
#1327 = DIRECTION ( 'NONE',  ( 0.000000000000000000, 0.5000000000000005551, -0.8660254037844382635 ) ) ;
#1328 = ORIENTED_EDGE ( 'NONE', *, *, #2048, .T. ) ;
#1329 = VERTEX_POINT ( 'NONE', #1893 ) ;
#1330 = EDGE_LOOP ( 'NONE', ( #1386, #351, #2861, #1268 ) ) ;
#1331 = LINE ( 'NONE', #1087, #1916 ) ;
#1332 = CIRCLE ( 'NONE', #438, 5.000000000000007105 ) ;
#1333 = EDGE_CURVE ( 'NONE', #2222, #1845, #279, .T. ) ;
#1334 = CIRCLE ( 'NONE', #1666, 4.000000000000001776 ) ;
#1335 = ORIENTED_EDGE ( 'NONE', *, *, #551, .F. ) ;
#1336 = CARTESIAN_POINT ( 'NONE',  ( -655.4168213242693355, 797.4322226882110272, -9.999999999999904077 ) ) ;
#1337 = VERTEX_POINT ( 'NONE', #484 ) ;
#1338 = ADVANCED_FACE ( 'NONE', ( #435 ), #333, .F. ) ;
#1339 = DIRECTION ( 'NONE',  ( -0.000000000000000000, -0.000000000000000000, -1.000000000000000000 ) ) ;
#1340 = DIRECTION ( 'NONE',  ( 0.000000000000000000, 0.8660254037844355990, -0.5000000000000053291 ) ) ;
#1341 = AXIS2_PLACEMENT_3D ( 'NONE', #1800, #209, #1114 ) ;
#1342 = DIRECTION ( 'NONE',  ( 1.000000000000000000, 0.000000000000000000, -0.000000000000000000 ) ) ;
#1343 = ORIENTED_EDGE ( 'NONE', *, *, #482, .T. ) ;
#1344 = ORIENTED_EDGE ( 'NONE', *, *, #1218, .T. ) ;
#1345 = DIRECTION ( 'NONE',  ( 0.000000000000000000, 0.4824701567784044354, 0.8759124087591302343 ) ) ;
#1346 = CARTESIAN_POINT ( 'NONE',  ( -662.1327036629867280, 819.7488108912555163, -18.67662267129474785 ) ) ;
#1347 = EDGE_CURVE ( 'NONE', #1857, #1973, #1032, .T. ) ;
#1348 = ORIENTED_EDGE ( 'NONE', *, *, #2880, .F. ) ;
#1349 = CARTESIAN_POINT ( 'NONE',  ( -655.4168213242693355, 772.4822226882110954, -22.00000000000000711 ) ) ;
#1350 = CARTESIAN_POINT ( 'NONE',  ( -658.2830136760300093, 786.6983685225335421, -1.743742306216728766 ) ) ;
#1351 = EDGE_LOOP ( 'NONE', ( #1070, #2469, #155, #310 ) ) ;
#1352 = VECTOR ( 'NONE', #1997, 1000.000000000000000 ) ;
#1353 = CARTESIAN_POINT ( 'NONE',  ( -616.6112780459449141, 781.8170033656813303, -3.551938729041371534 ) ) ;
#1354 = ORIENTED_EDGE ( 'NONE', *, *, #2585, .T. ) ;
#1355 = CARTESIAN_POINT ( 'NONE',  ( -657.4168213242693355, 813.8723815403467370, -22.00000000000000711 ) ) ;
#1356 = DIRECTION ( 'NONE',  ( 0.000000000000000000, 0.000000000000000000, -1.000000000000000000 ) ) ;
#1357 = DIRECTION ( 'NONE',  ( -0.000000000000000000, -0.000000000000000000, -1.000000000000000000 ) ) ;
#1358 = ORIENTED_EDGE ( 'NONE', *, *, #2708, .F. ) ;
#1359 = VERTEX_POINT ( 'NONE', #2632 ) ;
#1360 = DIRECTION ( 'NONE',  ( 0.000000000000000000, 0.000000000000000000, 1.000000000000000000 ) ) ;
#1361 = CIRCLE ( 'NONE', #2379, 1.399999999999956835 ) ;
#1362 = LINE ( 'NONE', #2277, #364 ) ;
#1363 = ORIENTED_EDGE ( 'NONE', *, *, #1923, .T. ) ;
#1364 = AXIS2_PLACEMENT_3D ( 'NONE', #1466, #2398, #1954 ) ;
#1365 = ADVANCED_FACE ( 'NONE', ( #1533, #1460, #216, #1775, #792, #2121 ), #1676, .F. ) ;
#1366 = CARTESIAN_POINT ( 'NONE',  ( -662.3937565721806777, 793.0257938465503003, -17.95401390005476827 ) ) ;
#1367 = CARTESIAN_POINT ( 'NONE',  ( -662.1190641759897062, 789.8556089133296609, -1.300203179147732424 ) ) ;
#1368 = CARTESIAN_POINT ( 'NONE',  ( -616.6112780459449141, 770.4822226882110954, -5.083984878006998720 ) ) ;
#1369 = EDGE_LOOP ( 'NONE', ( #2238, #2003, #2848, #639 ) ) ;
#1370 = CARTESIAN_POINT ( 'NONE',  ( -658.8168213242693128, 839.4822226882110954, 2.000999999999999446 ) ) ;
#1371 = FACE_OUTER_BOUND ( 'NONE', #2659, .T. ) ;
#1372 = CARTESIAN_POINT ( 'NONE',  ( -610.4168213242693355, 837.4822226882110954, -22.00000000000000711 ) ) ;
#1373 = ORIENTED_EDGE ( 'NONE', *, *, #1919, .F. ) ;
#1374 = CARTESIAN_POINT ( 'NONE',  ( -608.4168213242693355, 839.4822226882110954, -22.00000000000000711 ) ) ;
#1375 = CARTESIAN_POINT ( 'NONE',  ( -662.4168213242693355, 782.8723815403466233, 1.999999999999933609 ) ) ;
#1376 = ORIENTED_EDGE ( 'NONE', *, *, #1010, .T. ) ;
#1377 = EDGE_CURVE ( 'NONE', #834, #381, #1331, .T. ) ;
#1378 = VERTEX_POINT ( 'NONE', #878 ) ;
#1379 = CARTESIAN_POINT ( 'NONE',  ( 0.000000000000000000, 841.4822226882110954, 0.000000000000000000 ) ) ;
#1380 = DIRECTION ( 'NONE',  ( -1.000000000000000000, 0.000000000000000000, -0.000000000000000000 ) ) ;
#1381 = ORIENTED_EDGE ( 'NONE', *, *, #1101, .T. ) ;
#1382 = EDGE_CURVE ( 'NONE', #1315, #1514, #2795, .T. ) ;
#1383 = DIRECTION ( 'NONE',  ( -0.000000000000000000, -1.000000000000000000, -0.000000000000000000 ) ) ;
#1384 = CIRCLE ( 'NONE', #724, 5.000000000000004441 ) ;
#1385 = CARTESIAN_POINT ( 'NONE',  ( -616.6112780459449141, 772.4822226882110954, -5.083984878006998720 ) ) ;
#1386 = ORIENTED_EDGE ( 'NONE', *, *, #1793, .T. ) ;
#1387 = LINE ( 'NONE', #1817, #2648 ) ;
#1388 = CARTESIAN_POINT ( 'NONE',  ( -662.1189485024729038, 820.4822226882109817, -18.69999999999999929 ) ) ;
#1389 = DIRECTION ( 'NONE',  ( 0.000000000000000000, -0.5000000000000051070, -0.8660254037844355990 ) ) ;
#1390 = EDGE_CURVE ( 'NONE', #754, #1249, #403, .T. ) ;
#1391 = CARTESIAN_POINT ( 'NONE',  ( -658.4564279104794196, 791.5322566886544564, -1.533257769857012232 ) ) ;
#1392 = LINE ( 'NONE', #1890, #728 ) ;
#1393 = EDGE_LOOP ( 'NONE', ( #428, #1178, #1328, #2241 ) ) ;
#1394 = CARTESIAN_POINT ( 'NONE',  ( -662.4168213242693355, 816.2847323242388029, -2.379562043795626192 ) ) ;
#1395 = DIRECTION ( 'NONE',  ( 0.000000000000000000, 0.000000000000000000, 1.000000000000000000 ) ) ;
#1396 = FACE_OUTER_BOUND ( 'NONE', #2798, .T. ) ;
#1397 = ORIENTED_EDGE ( 'NONE', *, *, #2862, .F. ) ;
#1398 = DIRECTION ( 'NONE',  ( 0.000000000000000000, -1.000000000000000000, 0.000000000000000000 ) ) ;
#1399 = AXIS2_PLACEMENT_3D ( 'NONE', #2763, #1654, #2549 ) ;
#1400 = CARTESIAN_POINT ( 'NONE',  ( -663.9168213242693355, 789.4822226882110954, -10.00000000000000178 ) ) ;
#1401 = APPLICATION_CONTEXT ( 'automotive_design' ) ;
#1402 = EDGE_CURVE ( 'NONE', #723, #2165, #1742, .T. ) ;
#1403 = ADVANCED_FACE ( 'NONE', ( #1920 ), #2210, .F. ) ;
#1404 = VECTOR ( 'NONE', #474, 1000.000000000000000 ) ;
#1405 = CARTESIAN_POINT ( 'NONE',  ( -662.1808204612859754, 790.9347198994254313, -18.58562482685940864 ) ) ;
#1406 = CARTESIAN_POINT ( 'NONE',  ( -663.9168213242693355, 820.4822226882109817, -10.00000000000000178 ) ) ;
#1407 = CARTESIAN_POINT ( 'NONE',  ( -657.4168213242695629, 794.0059659582365157, 1.999999999998774536 ) ) ;
#1408 = CIRCLE ( 'NONE', #2290, 5.899999999999988809 ) ;
#1409 = AXIS2_PLACEMENT_3D ( 'NONE', #1379, #1137, #2267 ) ;
#1410 = EDGE_CURVE ( 'NONE', #1999, #1456, #2424, .T. ) ;
#1411 = CARTESIAN_POINT ( 'NONE',  ( -662.3937104867102335, 793.0250277948083522, -2.045605850816300642 ) ) ;
#1412 = ORIENTED_EDGE ( 'NONE', *, *, #1745, .F. ) ;
#1413 = DIRECTION ( 'NONE',  ( 0.000000000000000000, 0.000000000000000000, 1.000000000000000000 ) ) ;
#1414 = DIRECTION ( 'NONE',  ( -1.000000000000000000, -0.000000000000000000, 0.000000000000000000 ) ) ;
#1415 = ORIENTED_EDGE ( 'NONE', *, *, #2589, .F. ) ;
#1416 = CYLINDRICAL_SURFACE ( 'NONE', #2714, 1.399999999999956835 ) ;
#1417 = CARTESIAN_POINT ( 'NONE',  ( -660.4168213242693355, 828.4322226882110272, -10.00000000000001243 ) ) ;
#1418 =( BOUNDED_SURFACE ( )  B_SPLINE_SURFACE ( 3, 2, ( 
 ( #171, #1271, #2354 ),
 ( #2590, #144, #626 ),
 ( #1519, #2385, #1964 ),
 ( #1905, #2621, #2633 ),
 ( #129, #808, #2796 ),
 ( #1933, #1494, #1030 ),
 ( #2824, #360, #1921 ),
 ( #1744, #2812, #587 ),
 ( #1017, #1505, #2396 ),
 ( #1242, #1951, #2411 ),
 ( #2169, #2368, #1692 ),
 ( #2578, #1300, #601 ),
 ( #1461, #345, #2155 ),
 ( #157, #115, #823 ),
 ( #386, #1718, #1076 ),
 ( #2856, #404, #2605 ),
 ( #2841, #1062, #1256 ),
 ( #1285, #837, #793 ) ),
 .UNSPECIFIED., .F., .F., .T. ) 
 B_SPLINE_SURFACE_WITH_KNOTS ( ( 4, 2, 2, 2, 2, 2, 2, 2, 4 ),
 ( 3, 3 ),
 ( 0.009859177158171052863, 0.01159219582143961036, 0.01332521448470816786, 0.01505823314797672535, 0.01679125181124528285, 0.01852427047451384035, 0.02025728913778239784, 0.02199030780105095534, 0.02372332646431951284 ),
 ( 0.000000000000000000, 1.000000000000000000 ),
 .UNSPECIFIED. ) 
 GEOMETRIC_REPRESENTATION_ITEM ( )  RATIONAL_B_SPLINE_SURFACE ( (
 ( 1.000000000000000000, 0.7071067811865460184, 1.000000000000000000),
 ( 1.000000000000000000, 0.7242930886681694380, 1.000000000000000000),
 ( 1.000000000000000000, 0.7399895422158855318, 1.000000000000000000),
 ( 1.000000000000000000, 0.7676454107707910701, 1.000000000000000000),
 ( 1.000000000000000000, 0.7796490692559779889, 1.000000000000000000),
 ( 1.000000000000000000, 0.7988957083645621404, 1.000000000000000000),
 ( 1.000000000000000000, 0.8062117826287560352, 1.000000000000000000),
 ( 1.000000000000000000, 0.8160416752053896161, 1.000000000000000000),
 ( 1.000000000000000000, 0.8185569641797142415, 1.000000000000000000),
 ( 1.000000000000000000, 0.8185133080614551693, 1.000000000000000000),
 ( 1.000000000000000000, 0.8159633601609629361, 1.000000000000000000),
 ( 1.000000000000000000, 0.8060912513567891624, 1.000000000000000000),
 ( 1.000000000000000000, 0.7987673721965390383, 1.000000000000000000),
 ( 1.000000000000000000, 0.7795396334185150655, 1.000000000000000000),
 ( 1.000000000000000000, 0.7675216010416090473, 1.000000000000000000),
 ( 1.000000000000000000, 0.7398409530848546467, 1.000000000000000000),
 ( 1.000000000000000000, 0.7241765865400087154, 1.000000000000000000),
 ( 1.000000000000000000, 0.7071067811865457964, 1.000000000000000000) ) ) 
 REPRESENTATION_ITEM ( '' )  SURFACE ( )  );
#1419 = CARTESIAN_POINT ( 'NONE',  ( -657.4168213242684260, 792.3325998537533223, -22.00000000000374456 ) ) ;
#1420 = FACE_OUTER_BOUND ( 'NONE', #1548, .T. ) ;
#1421 = FACE_OUTER_BOUND ( 'NONE', #2538, .T. ) ;
#1422 = DIRECTION ( 'NONE',  ( 0.000000000000000000, 0.000000000000000000, 1.000000000000000000 ) ) ;
#1423 = ORIENTED_EDGE ( 'NONE', *, *, #824, .F. ) ;
#1424 = CARTESIAN_POINT ( 'NONE',  ( -657.4168213242693355, 834.4822226882110954, -22.00000000000000711 ) ) ;
#1425 = FACE_OUTER_BOUND ( 'NONE', #1799, .T. ) ;
#1426 = ORIENTED_EDGE ( 'NONE', *, *, #1164, .F. ) ;
#1427 = CIRCLE ( 'NONE', #2825, 5.000000000000004441 ) ;
#1428 = VECTOR ( 'NONE', #1722, 1000.000000000000000 ) ;
#1429 = DIRECTION ( 'NONE',  ( 1.000000000000000000, -0.000000000000000000, -0.000000000000000000 ) ) ;
#1430 = FACE_OUTER_BOUND ( 'NONE', #233, .T. ) ;
#1431 = CIRCLE ( 'NONE', #2741, 5.000000000000015987 ) ;
#1432 = CARTESIAN_POINT ( 'NONE',  ( -657.4168213242671754, 790.0551931767186034, -22.00000000000623857 ) ) ;
#1433 = DIRECTION ( 'NONE',  ( 1.000000000000000000, -0.000000000000000000, -0.000000000000000000 ) ) ;
#1434 = DIRECTION ( 'NONE',  ( 0.000000000000000000, -0.8759124087591296792, 0.4824701567784057121 ) ) ;
#1435 = EDGE_CURVE ( 'NONE', #20, #1290, #2335, .T. ) ;
#1436 = DIRECTION ( 'NONE',  ( 0.000000000000000000, 0.000000000000000000, 1.000000000000000000 ) ) ;
#1437 = AXIS2_PLACEMENT_3D ( 'NONE', #2524, #522, #976 ) ;
#1438 = ORIENTED_EDGE ( 'NONE', *, *, #2745, .F. ) ;
#1439 = DIRECTION ( 'NONE',  ( -1.000000000000000000, 0.000000000000000000, 0.000000000000000000 ) ) ;
#1440 = DIRECTION ( 'NONE',  ( 0.000000000000000000, 0.000000000000000000, 1.000000000000000000 ) ) ;
#1441 = ORIENTED_EDGE ( 'NONE', *, *, #551, .T. ) ;
#1442 = DIRECTION ( 'NONE',  ( 1.000000000000000000, 0.000000000000000000, 0.000000000000000000 ) ) ;
#1443 = CARTESIAN_POINT ( 'NONE',  ( -608.4168213242693355, 770.4822226882110954, -22.00000000000000711 ) ) ;
#1444 = AXIS2_PLACEMENT_3D ( 'NONE', #2829, #2814, #1481 ) ;
#1445 = LINE ( 'NONE', #81, #1667 ) ;
#1446 = DIRECTION ( 'NONE',  ( 1.000000000000000000, 0.000000000000000000, -0.000000000000000000 ) ) ;
#1447 = AXIS2_PLACEMENT_3D ( 'NONE', #2755, #2090, #1009 ) ;
#1448 = VECTOR ( 'NONE', #220, 1000.000000000000000 ) ;
#1449 = ORIENTED_EDGE ( 'NONE', *, *, #1831, .F. ) ;
#1450 = CARTESIAN_POINT ( 'NONE',  ( -657.8519773220162961, 785.7430881840385837, -2.134760505696108090 ) ) ;
#1451 = LINE ( 'NONE', #2520, #2081 ) ;
#1452 = ORIENTED_EDGE ( 'NONE', *, *, #573, .F. ) ;
#1453 = DIRECTION ( 'NONE',  ( -0.000000000000000000, -0.000000000000000000, -1.000000000000000000 ) ) ;
#1454 = LINE ( 'NONE', #80, #841 ) ;
#1455 = CARTESIAN_POINT ( 'NONE',  ( -662.4168213207821054, 785.6024060021164814, -17.79541900184011993 ) ) ;
#1456 = VERTEX_POINT ( 'NONE', #2871 ) ;
#1457 = FACE_OUTER_BOUND ( 'NONE', #361, .T. ) ;
#1458 = ADVANCED_FACE ( 'NONE', ( #1759 ), #2647, .T. ) ;
#1459 = CARTESIAN_POINT ( 'NONE',  ( -608.4168213242693355, 775.4822226882110954, 2.000000000000000000 ) ) ;
#1460 = FACE_BOUND ( 'NONE', #61, .T. ) ;
#1461 = CARTESIAN_POINT ( 'NONE',  ( -662.2159786756980111, 822.2977588040034789, -1.483744635829119973 ) ) ;
#1462 = EDGE_CURVE ( 'NONE', #1741, #2838, #1016, .T. ) ;
#1463 = PRODUCT_RELATED_PRODUCT_CATEGORY ( 'part', '', ( #2808 ) ) ;
#1464 = ORIENTED_EDGE ( 'NONE', *, *, #1713, .T. ) ;
#1465 = CYLINDRICAL_SURFACE ( 'NONE', #695, 1.399999999999956835 ) ;
#1466 = CARTESIAN_POINT ( 'NONE',  ( -657.4168213242693355, 839.4822226882110954, 2.000999999999999446 ) ) ;
#1467 = VECTOR ( 'NONE', #2259, 1000.000000000000114 ) ;
#1468 = FACE_OUTER_BOUND ( 'NONE', #1351, .T. ) ;
#1469 = VERTEX_POINT ( 'NONE', #2888 ) ;
#1470 = AXIS2_PLACEMENT_3D ( 'NONE', #1787, #2045, #922 ) ;
#1471 = CARTESIAN_POINT ( 'NONE',  ( -663.2168213242692900, 820.4822226882109817, -10.00000000000000178 ) ) ;
#1472 = CIRCLE ( 'NONE', #2458, 8.699999999999992184 ) ;
#1473 = PRODUCT_DEFINITION_SHAPE ( 'NONE', 'NONE',  #1690 ) ;
#1474 = ORIENTED_EDGE ( 'NONE', *, *, #518, .F. ) ;
#1475 = ORIENTED_EDGE ( 'NONE', *, *, #243, .T. ) ;
#1476 = CIRCLE ( 'NONE', #1341, 4.000000000000001776 ) ;
#1477 = LINE ( 'NONE', #570, #2828 ) ;
#1478 = CARTESIAN_POINT ( 'NONE',  ( -657.4168213242693355, 839.4822226882110954, -22.00000000000000711 ) ) ;
#1479 = ADVANCED_FACE ( 'NONE', ( #2666 ), #2091, .F. ) ;
#1480 = VERTEX_POINT ( 'NONE', #954 ) ;
#1481 = DIRECTION ( 'NONE',  ( -1.000000000000000000, 0.000000000000000000, 0.000000000000000000 ) ) ;
#1482 = CARTESIAN_POINT ( 'NONE',  ( -633.1764570431527090, 837.4822226882110954, -17.00000000000000711 ) ) ;
#1483 = FACE_OUTER_BOUND ( 'NONE', #1798, .T. ) ;
#1484 = FACE_OUTER_BOUND ( 'NONE', #1638, .T. ) ;
#1485 = ORIENTED_EDGE ( 'NONE', *, *, #1019, .F. ) ;
#1486 = AXIS2_PLACEMENT_3D ( 'NONE', #1067, #2845, #1735 ) ;
#1487 = DIRECTION ( 'NONE',  ( 1.000000000000000000, 0.000000000000000000, -0.000000000000000000 ) ) ;
#1488 = ADVANCED_FACE ( 'NONE', ( #477 ), #1791, .T. ) ;
#1489 = ORIENTED_EDGE ( 'NONE', *, *, #243, .F. ) ;
#1490 = VERTEX_POINT ( 'NONE', #1850 ) ;
#1491 = CARTESIAN_POINT ( 'NONE',  ( -663.2168213242692900, 820.4822226882109817, -16.69999999999999929 ) ) ;
#1492 = EDGE_CURVE ( 'NONE', #2150, #14, #138, .T. ) ;
#1493 = VECTOR ( 'NONE', #1801, 1000.000000000000000 ) ;
#1494 = CARTESIAN_POINT ( 'NONE',  ( -658.4575195136999355, 818.4380133957066619, -1.531806177269265268 ) ) ;
#1495 = AXIS2_PLACEMENT_3D ( 'NONE', #2117, #1864, #2336 ) ;
#1496 = CARTESIAN_POINT ( 'NONE',  ( -663.9168213242693355, 789.4822226882110954, -16.69999999999999929 ) ) ;
#1497 = DIRECTION ( 'NONE',  ( -1.000000000000000000, -0.000000000000000000, -0.000000000000000000 ) ) ;
#1498 = CARTESIAN_POINT ( 'NONE',  ( -660.4168213242693355, 816.5072226882110726, -3.115098039913706263 ) ) ;
#1499 = CARTESIAN_POINT ( 'NONE',  ( -660.4168213242693355, 816.5072226882110726, -16.88490196008607569 ) ) ;
#1500 = DIRECTION ( 'NONE',  ( -1.000000000000000000, 0.000000000000000000, 0.000000000000000000 ) ) ;
#1501 = VERTEX_POINT ( 'NONE', #2077 ) ;
#1502 = EDGE_LOOP ( 'NONE', ( #196, #284 ) ) ;
#1503 = EDGE_LOOP ( 'NONE', ( #2503, #125, #1307, #861, #382, #1269 ) ) ;
#1504 = DIRECTION ( 'NONE',  ( 1.000000000000000000, 0.000000000000000000, 0.000000000000000000 ) ) ;
#1505 = CARTESIAN_POINT ( 'NONE',  ( -658.6100553360483900, 820.0653183408676341, -1.299740942175861669 ) ) ;
#1506 = DIRECTION ( 'NONE',  ( 0.000000000000000000, 0.000000000000000000, 1.000000000000000000 ) ) ;
#1507 = DIRECTION ( 'NONE',  ( 0.000000000000000000, 0.000000000000000000, 1.000000000000000000 ) ) ;
#1508 = DIRECTION ( 'NONE',  ( 0.000000000000000000, -0.4999999999999959477, -0.8660254037844409281 ) ) ;
#1509 = VERTEX_POINT ( 'NONE', #1163 ) ;
#1510 = VERTEX_POINT ( 'NONE', #2459 ) ;
#1511 = CARTESIAN_POINT ( 'NONE',  ( -660.4168213242693355, 820.4822226882109817, -4.100000000000012079 ) ) ;
#1512 = DIRECTION ( 'NONE',  ( 8.369523074217401424E-17, -0.8759124087591204644, -0.4824701567784228651 ) ) ;
#1513 = ORIENTED_EDGE ( 'NONE', *, *, #359, .F. ) ;
#1514 = VERTEX_POINT ( 'NONE', #671 ) ;
#1515 = ORIENTED_EDGE ( 'NONE', *, *, #478, .T. ) ;
#1516 = EDGE_CURVE ( 'NONE', #1501, #1314, #750, .T. ) ;
#1517 = VECTOR ( 'NONE', #2057, 1000.000000000000000 ) ;
#1518 = DIRECTION ( 'NONE',  ( -1.000000000000000000, 0.000000000000000000, 0.000000000000000000 ) ) ;
#1519 = CARTESIAN_POINT ( 'NONE',  ( -662.3941064324859553, 816.9341083616239985, -2.048006328376408280 ) ) ;
#1520 = EDGE_CURVE ( 'NONE', #2583, #111, #1565, .T. ) ;
#1521 = CARTESIAN_POINT ( 'NONE',  ( -662.3941064324859553, 824.0303370147977375, -17.95199367162375026 ) ) ;
#1522 = FACE_OUTER_BOUND ( 'NONE', #2148, .T. ) ;
#1523 = CARTESIAN_POINT ( 'NONE',  ( -655.4168213242693355, 785.5072226882111863, -3.115098039913708927 ) ) ;
#1524 = ORIENTED_EDGE ( 'NONE', *, *, #267, .F. ) ;
#1525 = EDGE_CURVE ( 'NONE', #130, #876, #2383, .T. ) ;
#1526 = ORIENTED_EDGE ( 'NONE', *, *, #353, .T. ) ;
#1527 = CYLINDRICAL_SURFACE ( 'NONE', #544, 6.699999999999994849 ) ;
#1528 = DIRECTION ( 'NONE',  ( -0.000000000000000000, -0.000000000000000000, -1.000000000000000000 ) ) ;
#1529 = ORIENTED_EDGE ( 'NONE', *, *, #804, .T. ) ;
#1530 = ORIENTED_EDGE ( 'NONE', *, *, #2444, .F. ) ;
#1531 = ORIENTED_EDGE ( 'NONE', *, *, #1556, .F. ) ;
#1532 = ADVANCED_FACE ( 'NONE', ( #1457, #2770 ), #124, .T. ) ;
#1533 = FACE_BOUND ( 'NONE', #153, .T. ) ;
#1534 = ORIENTED_EDGE ( 'NONE', *, *, #2009, .T. ) ;
#1535 = AXIS2_PLACEMENT_3D ( 'NONE', #974, #1856, #738 ) ;
#1536 = CARTESIAN_POINT ( 'NONE',  ( -616.6112780459449141, 770.4822226882110954, -2.019892580075746569 ) ) ;
#1537 = VECTOR ( 'NONE', #2833, 1000.000000000000000 ) ;
#1538 = CARTESIAN_POINT ( 'NONE',  ( -657.4168213242694492, 825.0006088220494576, -21.99999999999902300 ) ) ;
#1539 = FACE_OUTER_BOUND ( 'NONE', #1767, .T. ) ;
#1540 = VECTOR ( 'NONE', #603, 1000.000000000000000 ) ;
#1541 = AXIS2_PLACEMENT_3D ( 'NONE', #62, #720, #958 ) ;
#1542 = DIRECTION ( 'NONE',  ( -0.000000000000000000, -0.000000000000000000, -1.000000000000000000 ) ) ;
#1543 = ORIENTED_EDGE ( 'NONE', *, *, #2575, .F. ) ;
#1544 = ORIENTED_EDGE ( 'NONE', *, *, #947, .T. ) ;
#1545 = LINE ( 'NONE', #2484, #1947 ) ;
#1546 = CARTESIAN_POINT ( 'NONE',  ( -608.4168213242693355, 770.4822226882110954, 2.000000000000000000 ) ) ;
#1547 = ORIENTED_EDGE ( 'NONE', *, *, #2532, .T. ) ;
#1548 = EDGE_LOOP ( 'NONE', ( #332, #2403, #1821, #1576 ) ) ;
#1549 = CARTESIAN_POINT ( 'NONE',  ( -662.2154760766762820, 791.2927311707863964, -18.51730173563610293 ) ) ;
#1550 = DIRECTION ( 'NONE',  ( 1.000000000000000000, -0.000000000000000000, -0.000000000000000000 ) ) ;
#1551 = EDGE_CURVE ( 'NONE', #1113, #632, #1226, .T. ) ;
#1552 = VERTEX_POINT ( 'NONE', #1251 ) ;
#1553 = CARTESIAN_POINT ( 'NONE',  ( -657.4168213242693355, 834.4822226882110954, -22.00000000000000711 ) ) ;
#1554 = EDGE_CURVE ( 'NONE', #532, #240, #2851, .T. ) ;
#1555 = CARTESIAN_POINT ( 'NONE',  ( -642.9168213242693355, 839.4822226882110954, -22.00000000000000711 ) ) ;
#1556 = EDGE_CURVE ( 'NONE', #1509, #2257, #417, .T. ) ;
#1557 = CARTESIAN_POINT ( 'NONE',  ( -662.4168213242693355, 816.2847323242388029, -2.379562043795626192 ) ) ;
#1558 = CARTESIAN_POINT ( 'NONE',  ( -657.4168213242693355, 770.4822226882110954, -22.00000000000000711 ) ) ;
#1559 = ORIENTED_EDGE ( 'NONE', *, *, #77, .T. ) ;
#1560 = EDGE_LOOP ( 'NONE', ( #1885, #1279, #1922, #584 ) ) ;
#1561 = CARTESIAN_POINT ( 'NONE',  ( -608.4168213242693355, 839.4822226882110954, -22.00000000000000711 ) ) ;
#1562 = DIRECTION ( 'NONE',  ( 0.000000000000000000, 0.000000000000000000, 1.000000000000000000 ) ) ;
#1563 = ORIENTED_EDGE ( 'NONE', *, *, #478, .F. ) ;
#1564 = ORIENTED_EDGE ( 'NONE', *, *, #1010, .F. ) ;
#1565 = LINE ( 'NONE', #2050, #2015 ) ;
#1566 = VECTOR ( 'NONE', #188, 1000.000000000000000 ) ;
#1567 = VECTOR ( 'NONE', #1246, 1000.000000000000000 ) ;
#1568 = ORIENTED_EDGE ( 'NONE', *, *, #1631, .F. ) ;
#1569 = PLANE ( 'NONE',  #1987 ) ;
#1570 = ORIENTED_EDGE ( 'NONE', *, *, #2051, .T. ) ;
#1571 = CARTESIAN_POINT ( 'NONE',  ( -660.4168213242693355, 816.5072226882110726, -16.88490196008607569 ) ) ;
#1572 = PLANE ( 'NONE',  #2247 ) ;
#1573 = EDGE_CURVE ( 'NONE', #1606, #2257, #1878, .T. ) ;
#1574 = CARTESIAN_POINT ( 'NONE',  ( -662.4168213242693355, 827.0920638360752264, -22.00000000000006040 ) ) ;
#1575 = ORIENTED_EDGE ( 'NONE', *, *, #453, .F. ) ;
#1576 = ORIENTED_EDGE ( 'NONE', *, *, #1100, .T. ) ;
#1577 = CARTESIAN_POINT ( 'NONE',  ( -663.2168213242692900, 820.4822226882109817, -10.00000000000000178 ) ) ;
#1578 = CARTESIAN_POINT ( 'NONE',  ( -662.4168213242693355, 816.6079941051772266, -17.79849704130254295 ) ) ;
#1579 = CIRCLE ( 'NONE', #2842, 1.532046148965626742 ) ;
#1580 = ORIENTED_EDGE ( 'NONE', *, *, #186, .F. ) ;
#1581 = ORIENTED_EDGE ( 'NONE', *, *, #58, .F. ) ;
#1582 = CARTESIAN_POINT ( 'NONE',  ( -657.4168213242683123, 786.6318455227007007, 2.000000000004088729 ) ) ;
#1583 = PRODUCT_CONTEXT ( 'NONE', #1401, 'mechanical' ) ;
#1584 = VECTOR ( 'NONE', #1034, 1000.000000000000000 ) ;
#1585 = DIRECTION ( 'NONE',  ( -0.000000000000000000, -1.000000000000000000, -0.000000000000000000 ) ) ;
#1586 = VERTEX_POINT ( 'NONE', #759 ) ;
#1587 = DIRECTION ( 'NONE',  ( 0.000000000000000000, 0.5000000000000053291, 0.8660254037844355990 ) ) ;
#1588 = CARTESIAN_POINT ( 'NONE',  ( -608.4168213242693355, 839.4822226882110954, 2.000000000000000000 ) ) ;
#1589 = ADVANCED_FACE ( 'NONE', ( #2542 ), #526, .F. ) ;
#1590 = DIRECTION ( 'NONE',  ( -1.000000000000000000, 0.000000000000000000, 0.000000000000000000 ) ) ;
#1591 = ORIENTED_EDGE ( 'NONE', *, *, #817, .F. ) ;
#1592 = FACE_OUTER_BOUND ( 'NONE', #140, .T. ) ;
#1593 = AXIS2_PLACEMENT_3D ( 'NONE', #714, #2063, #1608 ) ;
#1594 = DIRECTION ( 'NONE',  ( 0.000000000000000000, -1.000000000000000000, 0.000000000000000000 ) ) ;
#1595 = AXIS2_PLACEMENT_3D ( 'NONE', #764, #1663, #751 ) ;
#1596 = EDGE_LOOP ( 'NONE', ( #642, #1475, #957, #461 ) ) ;
#1597 = CARTESIAN_POINT ( 'NONE',  ( -662.1189485024729038, 789.4822226882110954, -18.69999999999999929 ) ) ;
#1598 = CARTESIAN_POINT ( 'NONE',  ( -657.4168213242693355, 795.5917939738505993, 2.000000000000000000 ) ) ;
#1599 = CARTESIAN_POINT ( 'NONE',  ( -655.4168213242693355, 837.4822226882110954, 0.000000000000000000 ) ) ;
#1600 = ORIENTED_EDGE ( 'NONE', *, *, #210, .T. ) ;
#1601 = CARTESIAN_POINT ( 'NONE',  ( -616.6112780459449141, 781.8170033656813303, -5.083984878006998720 ) ) ;
#1602 = CARTESIAN_POINT ( 'NONE',  ( -662.1189485024730175, 820.1136921499445407, -1.300000000000007372 ) ) ;
#1603 = CARTESIAN_POINT ( 'NONE',  ( -662.2153337236759398, 822.2912807406049751, -1.482416193911009650 ) ) ;
#1604 = B_SPLINE_CURVE_WITH_KNOTS ( 'NONE', 3,
 ( #86, #497, #2307, #1865, #318, #73, #956, #985, #1851, #2107 ),
 .UNSPECIFIED., .F., .F.,
 ( 4, 2, 2, 2, 4 ),
 ( 0.000000000000000000, 0.001098502809367165201, 0.002197005618734330402, 0.003295508428101495604, 0.004394011237468660805 ),
 .UNSPECIFIED. ) ;
#1605 = EDGE_CURVE ( 'NONE', #2827, #2409, #1833, .T. ) ;
#1606 = VERTEX_POINT ( 'NONE', #1911 ) ;
#1607 = CARTESIAN_POINT ( 'NONE',  ( -609.8168213242693128, 770.4822226882110954, 2.000000000000000000 ) ) ;
#1608 = DIRECTION ( 'NONE',  ( 1.000000000000000000, 0.000000000000000000, 0.000000000000000000 ) ) ;
#1609 = ORIENTED_EDGE ( 'NONE', *, *, #812, .T. ) ;
#1610 = CARTESIAN_POINT ( 'NONE',  ( -658.5164723246597305, 787.8326535060278957, -1.445729380254525909 ) ) ;
#1611 = EDGE_CURVE ( 'NONE', #393, #612, #984, .T. ) ;
#1612 = DIRECTION ( 'NONE',  ( 0.000000000000000000, 0.000000000000000000, -1.000000000000000000 ) ) ;
#1613 = ORIENTED_EDGE ( 'NONE', *, *, #2680, .F. ) ;
#1614 = VECTOR ( 'NONE', #737, 1000.000000000000000 ) ;
#1615 = EDGE_CURVE ( 'NONE', #451, #805, #1361, .T. ) ;
#1616 = ADVANCED_FACE ( 'NONE', ( #2574, #1200 ), #315, .F. ) ;
#1617 = ADVANCED_FACE ( 'NONE', ( #1421 ), #1698, .F. ) ;
#1618 = LINE ( 'NONE', #1205, #796 ) ;
#1619 = VECTOR ( 'NONE', #2588, 1000.000000000000000 ) ;
#1620 = DIRECTION ( 'NONE',  ( 0.000000000000000000, 0.000000000000000000, -1.000000000000000000 ) ) ;
#1621 = EDGE_CURVE ( 'NONE', #1552, #1469, #1900, .T. ) ;
#1622 = LINE ( 'NONE', #2059, #1725 ) ;
#1623 = ORIENTED_EDGE ( 'NONE', *, *, #2591, .T. ) ;
#1624 = VECTOR ( 'NONE', #2147, 1000.000000000000114 ) ;
#1625 = DIRECTION ( 'NONE',  ( -1.000000000000000000, 0.000000000000000000, 0.000000000000000000 ) ) ;
#1626 = LINE ( 'NONE', #2251, #467 ) ;
#1627 = ADVANCED_FACE ( 'NONE', ( #2105 ), #352, .T. ) ;
#1628 = CARTESIAN_POINT ( 'NONE',  ( -662.1188343144671080, 789.8460798597487837, -18.70020056986987456 ) ) ;
#1629 = DIRECTION ( 'NONE',  ( -1.000000000000000000, 0.000000000000000000, 0.000000000000000000 ) ) ;
#1630 = CARTESIAN_POINT ( 'NONE',  ( -657.4168213242711545, 791.7795933517717231, 1.999999999994653166 ) ) ;
#1631 = EDGE_CURVE ( 'NONE', #990, #2085, #322, .T. ) ;
#1632 = CARTESIAN_POINT ( 'NONE',  ( -663.2168213242692900, 789.4822226882110954, -10.00000000000000178 ) ) ;
#1633 = EDGE_LOOP ( 'NONE', ( #2896, #2818, #912, #2400 ) ) ;
#1634 = PRESENTATION_LAYER_ASSIGNMENT (  '', '', ( #1868 ) ) ;
#1635 = CARTESIAN_POINT ( 'NONE',  ( -652.4168213242693355, 770.4822226882110954, -22.00000000000000711 ) ) ;
#1636 = CARTESIAN_POINT ( 'NONE',  ( -608.4168213242693355, 839.4822226882110954, -22.00000000000000711 ) ) ;
#1637 = DIRECTION ( 'NONE',  ( -1.000000000000000000, 0.000000000000000000, 0.000000000000000000 ) ) ;
#1638 = EDGE_LOOP ( 'NONE', ( #2456, #1098, #264, #10, #747, #815 ) ) ;
#1639 = DIRECTION ( 'NONE',  ( 1.000000000000000000, -0.000000000000000000, -0.000000000000000000 ) ) ;
#1640 = CIRCLE ( 'NONE', #1535, 5.000000000000004441 ) ;
#1641 = CARTESIAN_POINT ( 'NONE',  ( -662.1327112477614492, 821.2159302839046404, -18.67661241340947953 ) ) ;
#1642 = AXIS2_PLACEMENT_3D ( 'NONE', #2614, #636, #165 ) ;
#1643 = DIRECTION ( 'NONE',  ( 0.000000000000000000, 0.000000000000000000, 1.000000000000000000 ) ) ;
#1644 = ADVANCED_FACE ( 'NONE', ( #2781 ), #772, .F. ) ;
#1645 = CARTESIAN_POINT ( 'NONE',  ( -608.4168213242693355, 819.4822226882109817, -10.00000000000000178 ) ) ;
#1646 = AXIS2_PLACEMENT_3D ( 'NONE', #390, #2815, #811 ) ;
#1647 = AXIS2_PLACEMENT_3D ( 'NONE', #43, #898, #1805 ) ;
#1648 = TOROIDAL_SURFACE ( 'NONE', #2021, 13.69999999999999396, 5.000000000000000000 ) ;
#1649 = DIRECTION ( 'NONE',  ( 1.000000000000000000, -0.000000000000000000, -0.000000000000000000 ) ) ;
#1650 = ORIENTED_EDGE ( 'NONE', *, *, #2665, .T. ) ;
#1651 = FACE_OUTER_BOUND ( 'NONE', #1014, .T. ) ;
#1652 = DIRECTION ( 'NONE',  ( -1.000000000000000000, 0.000000000000000000, -0.000000000000000000 ) ) ;
#1653 = ADVANCED_FACE ( 'NONE', ( #139 ), #816, .F. ) ;
#1654 = DIRECTION ( 'NONE',  ( 0.000000000000000000, 0.000000000000000000, 1.000000000000000000 ) ) ;
#1655 = EDGE_LOOP ( 'NONE', ( #410, #1665, #2544, #2490 ) ) ;
#1656 = EDGE_CURVE ( 'NONE', #925, #1378, #2479, .T. ) ;
#1657 = FACE_OUTER_BOUND ( 'NONE', #734, .T. ) ;
#1658 = CARTESIAN_POINT ( 'NONE',  ( -662.2154760766762820, 822.2927311707861691, -18.51730173563610293 ) ) ;
#1659 = DIRECTION ( 'NONE',  ( -0.000000000000000000, -1.000000000000000000, -0.000000000000000000 ) ) ;
#1660 = DIRECTION ( 'NONE',  ( 0.000000000000000000, 0.000000000000000000, 1.000000000000000000 ) ) ;
#1661 = DIRECTION ( 'NONE',  ( 1.000000000000000000, 0.000000000000000000, 0.000000000000000000 ) ) ;
#1662 = ORIENTED_EDGE ( 'NONE', *, *, #1435, .T. ) ;
#1663 = DIRECTION ( 'NONE',  ( -0.000000000000000000, -1.000000000000000000, -0.000000000000000000 ) ) ;
#1664 = CARTESIAN_POINT ( 'NONE',  ( -658.8168213242693128, 770.4822226882110954, 2.000000000000000000 ) ) ;
#1665 = ORIENTED_EDGE ( 'NONE', *, *, #955, .F. ) ;
#1666 = AXIS2_PLACEMENT_3D ( 'NONE', #517, #1414, #1046 ) ;
#1667 = VECTOR ( 'NONE', #1671, 1000.000000000000000 ) ;
#1668 = CARTESIAN_POINT ( 'NONE',  ( -608.4168213242693355, 770.4822226882110954, 2.000000000000000000 ) ) ;
#1669 = CARTESIAN_POINT ( 'NONE',  ( -662.1189485024730175, 820.8507532264776501, -18.69999999999999929 ) ) ;
#1670 = CARTESIAN_POINT ( 'NONE',  ( -657.4168213242688807, 785.5118875620446488, -22.00000000000186873 ) ) ;
#1671 = DIRECTION ( 'NONE',  ( -0.000000000000000000, 1.000000000000000000, -0.000000000000000000 ) ) ;
#1672 = CARTESIAN_POINT ( 'NONE',  ( -660.4168213242693355, 781.5322226882110499, -10.00000000000000888 ) ) ;
#1673 = DIRECTION ( 'NONE',  ( 0.000000000000000000, 0.000000000000000000, 1.000000000000000000 ) ) ;
#1674 = AXIS2_PLACEMENT_3D ( 'NONE', #2170, #161, #616 ) ;
#1675 = ORIENTED_EDGE ( 'NONE', *, *, #729, .T. ) ;
#1676 = PLANE ( 'NONE',  #1963 ) ;
#1677 = LINE ( 'NONE', #2564, #627 ) ;
#1678 = ORIENTED_EDGE ( 'NONE', *, *, #1101, .F. ) ;
#1679 = CARTESIAN_POINT ( 'NONE',  ( -657.4168213242693355, 839.4822226882110954, 2.000000000000000000 ) ) ;
#1680 = DIRECTION ( 'NONE',  ( -1.000000000000000000, 0.000000000000000000, 0.000000000000000000 ) ) ;
#1681 = AXIS2_PLACEMENT_3D ( 'NONE', #2882, #873, #2660 ) ;
#1682 = EDGE_CURVE ( 'NONE', #1290, #1166, #1686, .T. ) ;
#1683 = CARTESIAN_POINT ( 'NONE',  ( -662.2905708509579199, 792.0002363690911125, -18.33565582070479039 ) ) ;
#1684 = CARTESIAN_POINT ( 'NONE',  ( -655.4168213242693355, 772.4822226882110954, -22.00000000000000711 ) ) ;
#1685 = DIRECTION ( 'NONE',  ( -1.000000000000000000, 0.000000000000000000, 0.000000000000000000 ) ) ;
#1686 = CIRCLE ( 'NONE', #1255, 5.000000000000007105 ) ;
#1687 = CIRCLE ( 'NONE', #651, 5.000000000000006217 ) ;
#1688 = CARTESIAN_POINT ( 'NONE',  ( -603.4168213242693355, 839.4822226882110954, -22.00000000000000711 ) ) ;
#1689 = AXIS2_PLACEMENT_3D ( 'NONE', #2068, #1439, #2325 ) ;
#1690 = PRODUCT_DEFINITION ( 'UNKNOWN', '', #207, #727 ) ;
#1691 = CARTESIAN_POINT ( 'NONE',  ( -657.4168213242693355, 785.2847323242386892, -2.379562043795661275 ) ) ;
#1692 = CARTESIAN_POINT ( 'NONE',  ( -657.4168213242676302, 821.6441085495562220, 2.000000000005260237 ) ) ;
#1693 = ORIENTED_EDGE ( 'NONE', *, *, #1631, .T. ) ;
#1694 = LINE ( 'NONE', #1886, #1079 ) ;
#1695 = ADVANCED_FACE ( 'NONE', ( #152, #1942 ), #180, .T. ) ;
#1696 = CARTESIAN_POINT ( 'NONE',  ( -655.4168213242693355, 797.4322226882110272, -9.999999999999904077 ) ) ;
#1697 = ORIENTED_EDGE ( 'NONE', *, *, #582, .F. ) ;
#1698 = PLANE ( 'NONE',  #1731 ) ;
#1699 = VERTEX_POINT ( 'NONE', #2175 ) ;
#1700 = ORIENTED_EDGE ( 'NONE', *, *, #239, .T. ) ;
#1701 = DIRECTION ( 'NONE',  ( 0.000000000000000000, -0.4999999999999959477, -0.8660254037844410391 ) ) ;
#1702 = APPLICATION_CONTEXT ( 'automotive_design' ) ;
#1703 = ADVANCED_FACE ( 'NONE', ( #1083 ), #1312, .T. ) ;
#1704 = VERTEX_POINT ( 'NONE', #874 ) ;
#1705 = LINE ( 'NONE', #852, #1298 ) ;
#1706 = DIRECTION ( 'NONE',  ( -0.000000000000000000, -0.000000000000000000, -1.000000000000000000 ) ) ;
#1707 = AXIS2_PLACEMENT_3D ( 'NONE', #298, #758, #2320 ) ;
#1708 = CARTESIAN_POINT ( 'NONE',  ( -622.3647516641965467, 772.4822226882110954, -3.551938729041371534 ) ) ;
#1709 = AXIS2_PLACEMENT_3D ( 'NONE', #973, #500, #1652 ) ;
#1710 = CARTESIAN_POINT ( 'NONE',  ( -657.4168213242693355, 782.8723815403467370, -22.00000000000000711 ) ) ;
#1711 = EDGE_LOOP ( 'NONE', ( #460, #654, #1700, #1426 ) ) ;
#1712 = CARTESIAN_POINT ( 'NONE',  ( -662.4178213242694255, 819.4822226882109817, -6.000000000000000000 ) ) ;
#1713 = EDGE_CURVE ( 'NONE', #1166, #543, #1971, .T. ) ;
#1714 = ORIENTED_EDGE ( 'NONE', *, *, #143, .T. ) ;
#1715 = VERTEX_POINT ( 'NONE', #831 ) ;
#1716 = AXIS2_PLACEMENT_3D ( 'NONE', #1561, #2276, #1170 ) ;
#1717 = CARTESIAN_POINT ( 'NONE',  ( -662.3304130951174784, 786.6197571826626245, -18.22375495339229445 ) ) ;
#1718 = CARTESIAN_POINT ( 'NONE',  ( -658.1625546965399280, 823.6178531159196154, -1.873749937893227635 ) ) ;
#1719 = VERTEX_POINT ( 'NONE', #2819 ) ;
#1720 = CARTESIAN_POINT ( 'NONE',  ( -660.4168213242693355, 793.4572226882110044, -3.115098039913708927 ) ) ;
#1721 = CYLINDRICAL_SURFACE ( 'NONE', #2618, 5.000000000000004441 ) ;
#1722 = DIRECTION ( 'NONE',  ( -0.000000000000000000, -0.000000000000000000, -1.000000000000000000 ) ) ;
#1723 = AXIS2_PLACEMENT_3D ( 'NONE', #348, #2157, #376 ) ;
#1724 = CARTESIAN_POINT ( 'NONE',  ( -660.4168213242693355, 797.4322226882110272, -9.999999999999904077 ) ) ;
#1725 = VECTOR ( 'NONE', #250, 1000.000000000000000 ) ;
#1726 = CARTESIAN_POINT ( 'NONE',  ( -630.7451177861813676, 841.4822226882110954, -19.00000000000000711 ) ) ;
#1727 = ORIENTED_EDGE ( 'NONE', *, *, #341, .T. ) ;
#1728 = ORIENTED_EDGE ( 'NONE', *, *, #1917, .F. ) ;
#1729 = ORIENTED_EDGE ( 'NONE', *, *, #2269, .T. ) ;
#1730 = CARTESIAN_POINT ( 'NONE',  ( -662.4168213242693355, 785.6079941051773403, -17.79849704130254295 ) ) ;
#1731 = AXIS2_PLACEMENT_3D ( 'NONE', #82, #2362, #1446 ) ;
#1732 = DIRECTION ( 'NONE',  ( 1.000000000000000000, 0.000000000000000000, 0.000000000000000000 ) ) ;
#1733 = CARTESIAN_POINT ( 'NONE',  ( -662.4168213242693355, 824.6797130521832742, -17.62043795620438402 ) ) ;
#1734 = DIRECTION ( 'NONE',  ( -1.000000000000000000, 0.000000000000000000, 0.000000000000000000 ) ) ;
#1735 = DIRECTION ( 'NONE',  ( 1.000000000000000000, 0.000000000000000000, 0.000000000000000000 ) ) ;
#1736 = ADVANCED_FACE ( 'NONE', ( #2206 ), #2847, .F. ) ;
#1737 = LINE ( 'NONE', #1753, #1993 ) ;
#1738 = DIRECTION ( 'NONE',  ( 0.000000000000000000, -0.4999999999999959477, -0.8660254037844410391 ) ) ;
#1739 = ORIENTED_EDGE ( 'NONE', *, *, #2810, .F. ) ;
#1740 = VERTEX_POINT ( 'NONE', #1754 ) ;
#1741 = VERTEX_POINT ( 'NONE', #380 ) ;
#1742 = LINE ( 'NONE', #1297, #2806 ) ;
#1743 = DIRECTION ( 'NONE',  ( 0.000000000000000000, 0.000000000000000000, 1.000000000000000000 ) ) ;
#1744 = CARTESIAN_POINT ( 'NONE',  ( -662.1324983879563888, 819.7525384132735553, -1.323003821881751030 ) ) ;
#1745 = EDGE_CURVE ( 'NONE', #990, #876, #652, .T. ) ;
#1746 = CARTESIAN_POINT ( 'NONE',  ( -616.6112780459449141, 772.4822226882110954, -2.019892580075744792 ) ) ;
#1747 = AXIS2_PLACEMENT_3D ( 'NONE', #1577, #241, #2678 ) ;
#1748 = DIRECTION ( 'NONE',  ( -0.000000000000000000, -0.000000000000000000, 1.000000000000000000 ) ) ;
#1749 = LINE ( 'NONE', #134, #541 ) ;
#1750 = ORIENTED_EDGE ( 'NONE', *, *, #709, .T. ) ;
#1751 = EDGE_CURVE ( 'NONE', #2394, #1715, #1069, .T. ) ;
#1752 = ORIENTED_EDGE ( 'NONE', *, *, #582, .T. ) ;
#1753 = CARTESIAN_POINT ( 'NONE',  ( -655.4168213242693355, 837.4822226882110954, 0.000000000000000000 ) ) ;
#1754 = CARTESIAN_POINT ( 'NONE',  ( -660.4168213242693355, 781.5322226882110499, -10.00000000000000888 ) ) ;
#1755 = ORIENTED_EDGE ( 'NONE', *, *, #2164, .F. ) ;
#1756 = ORIENTED_EDGE ( 'NONE', *, *, #1124, .T. ) ;
#1757 = ORIENTED_EDGE ( 'NONE', *, *, #2652, .T. ) ;
#1758 = AXIS2_PLACEMENT_3D ( 'NONE', #2256, #218, #2038 ) ;
#1759 = FACE_OUTER_BOUND ( 'NONE', #1503, .T. ) ;
#1760 =( NAMED_UNIT ( * ) SI_UNIT ( $, .STERADIAN. ) SOLID_ANGLE_UNIT ( ) );
#1761 = AXIS2_PLACEMENT_3D ( 'NONE', #2627, #367, #379 ) ;
#1762 = CYLINDRICAL_SURFACE ( 'NONE', #676, 4.000000000000001776 ) ;
#1763 = CARTESIAN_POINT ( 'NONE',  ( -658.1638413901539479, 823.6145928990050606, -18.12752184455130333 ) ) ;
#1764 = FACE_OUTER_BOUND ( 'NONE', #1902, .T. ) ;
#1765 = FACE_OUTER_BOUND ( 'NONE', #2130, .T. ) ;
#1766 = EDGE_LOOP ( 'NONE', ( #2805, #697, #1146, #860 ) ) ;
#1767 = EDGE_LOOP ( 'NONE', ( #1795, #1513, #1826, #575, #2668, #1335 ) ) ;
#1768 = EDGE_CURVE ( 'NONE', #905, #200, #594, .T. ) ;
#1769 = PLANE ( 'NONE',  #1012 ) ;
#1770 = DIRECTION ( 'NONE',  ( -1.000000000000000000, 0.000000000000000000, -0.000000000000000000 ) ) ;
#1771 = EDGE_LOOP ( 'NONE', ( #2534, #347, #464, #2156 ) ) ;
#1772 = ORIENTED_EDGE ( 'NONE', *, *, #2868, .F. ) ;
#1773 = VECTOR ( 'NONE', #1288, 1000.000000000000000 ) ;
#1774 = LINE ( 'NONE', #897, #84 ) ;
#1775 = FACE_BOUND ( 'NONE', #65, .T. ) ;
#1776 = EDGE_CURVE ( 'NONE', #832, #1910, #2642, .T. ) ;
#1777 = EDGE_LOOP ( 'NONE', ( #1489, #2461, #481, #1423 ) ) ;
#1778 = VECTOR ( 'NONE', #753, 1000.000000000000000 ) ;
#1779 = LINE ( 'NONE', #246, #387 ) ;
#1780 = AXIS2_PLACEMENT_3D ( 'NONE', #1471, #2132, #539 ) ;
#1781 = CARTESIAN_POINT ( 'NONE',  ( -657.4168213242685397, 818.1848520246186354, -22.00000000000269651 ) ) ;
#1782 = CARTESIAN_POINT ( 'NONE',  ( -603.4168213242693355, 770.4822226882110954, 2.000000000000000000 ) ) ;
#1783 = VECTOR ( 'NONE', #1587, 1000.000000000000227 ) ;
#1784 = CARTESIAN_POINT ( 'NONE',  ( -662.4168213242693355, 824.6797130521832742, -2.379562043795626192 ) ) ;
#1785 = ORIENTED_EDGE ( 'NONE', *, *, #947, .F. ) ;
#1786 = ORIENTED_EDGE ( 'NONE', *, *, #442, .F. ) ;
#1787 = CARTESIAN_POINT ( 'NONE',  ( -663.9168213242693355, 789.4822226882110954, -10.00000000000000178 ) ) ;
#1788 = CARTESIAN_POINT ( 'NONE',  ( -663.9168213242693355, 789.4822226882110954, -1.300000000000007816 ) ) ;
#1789 = ORIENTED_EDGE ( 'NONE', *, *, #1892, .T. ) ;
#1790 = ORIENTED_EDGE ( 'NONE', *, *, #1843, .F. ) ;
#1791 = PLANE ( 'NONE',  #1409 ) ;
#1792 = ORIENTED_EDGE ( 'NONE', *, *, #1751, .T. ) ;
#1793 = EDGE_CURVE ( 'NONE', #1552, #2072, #1958, .T. ) ;
#1794 = CARTESIAN_POINT ( 'NONE',  ( -616.6112780459449141, 772.4822226882110954, -3.551938729041371534 ) ) ;
#1795 = ORIENTED_EDGE ( 'NONE', *, *, #471, .T. ) ;
#1796 = CARTESIAN_POINT ( 'NONE',  ( -657.4168213242693355, 834.4822226882110954, -22.00000000000000711 ) ) ;
#1797 = CARTESIAN_POINT ( 'NONE',  ( -630.7451177861813676, 841.4822226882110954, -19.00000000000000711 ) ) ;
#1798 = EDGE_LOOP ( 'NONE', ( #1792, #1866, #1142, #1325 ) ) ;
#1799 = EDGE_LOOP ( 'NONE', ( #2308, #1119, #593, #212 ) ) ;
#1800 = CARTESIAN_POINT ( 'NONE',  ( -608.4168213242693355, 819.4822226882109817, -10.00000000000000178 ) ) ;
#1801 = DIRECTION ( 'NONE',  ( 0.000000000000000000, -1.000000000000000000, 3.273063162220431248E-16 ) ) ;
#1802 = EDGE_LOOP ( 'NONE', ( #2692, #686, #23, #178 ) ) ;
#1803 = FACE_OUTER_BOUND ( 'NONE', #1189, .T. ) ;
#1804 = EDGE_CURVE ( 'NONE', #2282, #2889, #2719, .T. ) ;
#1805 = DIRECTION ( 'NONE',  ( 1.000000000000000000, 0.000000000000000000, 0.000000000000000000 ) ) ;
#1806 = VECTOR ( 'NONE', #423, 1000.000000000000000 ) ;
#1807 = AXIS2_PLACEMENT_3D ( 'NONE', #2076, #69, #97 ) ;
#1808 = VERTEX_POINT ( 'NONE', #396 ) ;
#1809 = ADVANCED_FACE ( 'NONE', ( #431 ), #370, .F. ) ;
#1810 = LINE ( 'NONE', #480, #540 ) ;
#1811 = CIRCLE ( 'NONE', #1198, 8.699999999999993960 ) ;
#1812 = VERTEX_POINT ( 'NONE', #2377 ) ;
#1813 = CARTESIAN_POINT ( 'NONE',  ( -662.1329061462879508, 819.7443827616832550, -18.67627136009603461 ) ) ;
#1814 = DIRECTION ( 'NONE',  ( 1.000000000000000000, -0.000000000000000000, -0.000000000000000000 ) ) ;
#1815 = PLANE ( 'NONE',  #358 ) ;
#1816 = ORIENTED_EDGE ( 'NONE', *, *, #2567, .T. ) ;
#1817 = CARTESIAN_POINT ( 'NONE',  ( -610.4168213242693355, 772.4822226882110954, -22.00000000000000711 ) ) ;
#1818 = DIRECTION ( 'NONE',  ( -0.000000000000000000, -1.000000000000000000, -0.000000000000000000 ) ) ;
#1819 = CIRCLE ( 'NONE', #2047, 13.69999999999999396 ) ;
#1820 = VERTEX_POINT ( 'NONE', #2163 ) ;
#1821 = ORIENTED_EDGE ( 'NONE', *, *, #1776, .T. ) ;
#1822 = CARTESIAN_POINT ( 'NONE',  ( -657.4168213242691081, 795.0746483536222513, 2.000000000001217693 ) ) ;
#1823 = AXIS2_PLACEMENT_3D ( 'NONE', #2623, #1506, #1048 ) ;
#1824 = DIRECTION ( 'NONE',  ( 1.000000000000000000, -0.000000000000000000, -0.000000000000000000 ) ) ;
#1825 = EDGE_CURVE ( 'NONE', #1259, #2600, #1148, .T. ) ;
#1826 = ORIENTED_EDGE ( 'NONE', *, *, #1240, .T. ) ;
#1827 = CARTESIAN_POINT ( 'NONE',  ( -662.1190641759897062, 820.1088364630603564, -18.69979682085225292 ) ) ;
#1828 = DIRECTION ( 'NONE',  ( 1.000000000000000000, 0.000000000000000000, 0.000000000000000000 ) ) ;
#1829 = LINE ( 'NONE', #2260, #2004 ) ;
#1830 = ORIENTED_EDGE ( 'NONE', *, *, #535, .F. ) ;
#1831 = EDGE_CURVE ( 'NONE', #1249, #20, #119, .T. ) ;
#1832 = CARTESIAN_POINT ( 'NONE',  ( -655.4168213242693355, 781.5322226882110499, -10.00000000000000888 ) ) ;
#1833 = CIRCLE ( 'NONE', #1780, 6.699999999999994849 ) ;
#1834 = LINE ( 'NONE', #463, #2762 ) ;
#1835 = VECTOR ( 'NONE', #1190, 1000.000000000000000 ) ;
#1836 = CARTESIAN_POINT ( 'NONE',  ( -662.1810031516289428, 790.9366063982166679, -18.58526049881894338 ) ) ;
#1837 = CARTESIAN_POINT ( 'NONE',  ( -658.6100553360483900, 789.0653183408998075, -1.299740942176113245 ) ) ;
#1838 = ADVANCED_FACE ( 'NONE', ( #253 ), #1132, .F. ) ;
#1839 = EDGE_CURVE ( 'NONE', #690, #1128, #1834, .T. ) ;
#1840 = FACE_OUTER_BOUND ( 'NONE', #2698, .T. ) ;
#1841 = ORIENTED_EDGE ( 'NONE', *, *, #2723, .F. ) ;
#1842 = DIRECTION ( 'NONE',  ( 0.000000000000000000, 0.000000000000000000, 1.000000000000000000 ) ) ;
#1843 = EDGE_CURVE ( 'NONE', #1514, #2394, #13, .T. ) ;
#1844 = CARTESIAN_POINT ( 'NONE',  ( -657.4168213242693355, 839.4822226882110954, 2.000000000000000000 ) ) ;
#1845 = VERTEX_POINT ( 'NONE', #1161 ) ;
#1846 = PLANE ( 'NONE',  #689 ) ;
#1847 = DIRECTION ( 'NONE',  ( 0.000000000000000000, -1.000000000000000000, 0.000000000000000000 ) ) ;
#1848 = EDGE_CURVE ( 'NONE', #1315, #2434, #908, .T. ) ;
#1849 = FACE_OUTER_BOUND ( 'NONE', #2736, .T. ) ;
#1850 = CARTESIAN_POINT ( 'NONE',  ( -662.4168213242693355, 824.6797130521832742, -17.62043795620438047 ) ) ;
#1851 = CARTESIAN_POINT ( 'NONE',  ( -662.1189485024730175, 789.1136921499445407, -1.300000000000007372 ) ) ;
#1852 = ORIENTED_EDGE ( 'NONE', *, *, #1861, .F. ) ;
#1853 = VECTOR ( 'NONE', #2199, 1000.000000000000000 ) ;
#1854 = CARTESIAN_POINT ( 'NONE',  ( -662.1189485024729038, 820.4822226882109817, -18.69999999999999929 ) ) ;
#1855 = FACE_OUTER_BOUND ( 'NONE', #664, .T. ) ;
#1856 = DIRECTION ( 'NONE',  ( 0.000000000000000000, 0.000000000000000000, 1.000000000000000000 ) ) ;
#1857 = VERTEX_POINT ( 'NONE', #2485 ) ;
#1858 = AXIS2_PLACEMENT_3D ( 'NONE', #830, #194, #2846 ) ;
#1859 = LINE ( 'NONE', #2301, #406 ) ;
#1860 = DIRECTION ( 'NONE',  ( 0.000000000000000000, 0.000000000000000000, -1.000000000000000000 ) ) ;
#1861 = EDGE_CURVE ( 'NONE', #2486, #2, #1687, .T. ) ;
#1862 = CARTESIAN_POINT ( 'NONE',  ( -658.5155108203373402, 787.8255688874165799, -18.55286838155048912 ) ) ;
#1863 = CARTESIAN_POINT ( 'NONE',  ( -634.7451177861813676, 841.4822226882110954, -19.00000000000000711 ) ) ;
#1864 = DIRECTION ( 'NONE',  ( -1.000000000000000000, 0.000000000000000000, 0.000000000000000000 ) ) ;
#1865 = CARTESIAN_POINT ( 'NONE',  ( -662.3306612396067976, 786.6173595029698618, -1.777117743374470704 ) ) ;
#1866 = ORIENTED_EDGE ( 'NONE', *, *, #1109, .F. ) ;
#1867 = EDGE_CURVE ( 'NONE', #1378, #1719, #40, .T. ) ;
#1868 = STYLED_ITEM ( 'NONE', ( #263 ), #394 ) ;
#1869 = CARTESIAN_POINT ( 'NONE',  ( -657.4168213242693355, 782.8723815403467370, 1.999999999999996669 ) ) ;
#1870 = CARTESIAN_POINT ( 'NONE',  ( -603.4158213242692455, 820.4822226882109817, -4.100000000000012079 ) ) ;
#1871 = FACE_OUTER_BOUND ( 'NONE', #1369, .T. ) ;
#1872 = VERTEX_POINT ( 'NONE', #2727 ) ;
#1873 = CARTESIAN_POINT ( 'NONE',  ( -632.8175408737779435, 841.5162875344128679, 2.000000000000000000 ) ) ;
#1874 = CARTESIAN_POINT ( 'NONE',  ( -608.4168213242693355, 775.4822226882110954, -22.00000000000000711 ) ) ;
#1875 = AXIS2_PLACEMENT_3D ( 'NONE', #1443, #1005, #2790 ) ;
#1876 = CARTESIAN_POINT ( 'NONE',  ( -657.6543672424603528, 793.4816593586340332, -17.72952991674570455 ) ) ;
#1877 = CARTESIAN_POINT ( 'NONE',  ( -662.4168213242693355, 820.4822226882109817, -10.00000000000000178 ) ) ;
#1878 = LINE ( 'NONE', #966, #183 ) ;
#1879 = AXIS2_PLACEMENT_3D ( 'NONE', #120, #523, #1897 ) ;
#1880 = CARTESIAN_POINT ( 'NONE',  ( -660.4168213242693355, 785.5072226882111863, -16.88490196008639188 ) ) ;
#1881 = EDGE_LOOP ( 'NONE', ( #1756, #1714, #2080, #1530 ) ) ;
#1882 = EDGE_CURVE ( 'NONE', #1162, #819, #1362, .T. ) ;
#1883 = CARTESIAN_POINT ( 'NONE',  ( -652.4168213242693355, 770.4822226882110954, 2.000000000000000000 ) ) ;
#1884 = FACE_OUTER_BOUND ( 'NONE', #123, .T. ) ;
#1885 = ORIENTED_EDGE ( 'NONE', *, *, #2649, .T. ) ;
#1886 = CARTESIAN_POINT ( 'NONE',  ( -630.7451177861813676, 837.4822226882110954, -15.00000000000000711 ) ) ;
#1887 = CARTESIAN_POINT ( 'NONE',  ( -657.4168213242716092, 788.8942466784967564, -21.99999999999376854 ) ) ;
#1888 = CARTESIAN_POINT ( 'NONE',  ( -608.4168213242693355, 819.4822226882109817, -14.00000000000000355 ) ) ;
#1889 = DIRECTION ( 'NONE',  ( 0.000000000000000000, 0.000000000000000000, -1.000000000000000000 ) ) ;
#1890 = CARTESIAN_POINT ( 'NONE',  ( -642.9168213242693355, 839.4822226882110954, -44.36067977499792647 ) ) ;
#1891 = ORIENTED_EDGE ( 'NONE', *, *, #172, .F. ) ;
#1892 = EDGE_CURVE ( 'NONE', #543, #1259, #1626, .T. ) ;
#1893 = CARTESIAN_POINT ( 'NONE',  ( -660.4168213242693355, 828.4322226882110272, -10.00000000000001243 ) ) ;
#1894 = DIRECTION ( 'NONE',  ( -1.000000000000000000, 0.000000000000000000, 0.000000000000000000 ) ) ;
#1895 = VERTEX_POINT ( 'NONE', #1788 ) ;
#1896 = CARTESIAN_POINT ( 'NONE',  ( -608.4168213242693355, 819.4822226882109817, -6.000000000000000000 ) ) ;
#1897 = DIRECTION ( 'NONE',  ( 0.000000000000000000, 0.000000000000000000, 1.000000000000000000 ) ) ;
#1898 = CARTESIAN_POINT ( 'NONE',  ( -662.3943567185884831, 785.9308282876025942, -17.95052905726304715 ) ) ;
#1899 = LINE ( 'NONE', #2278, #2697 ) ;
#1900 = LINE ( 'NONE', #983, #2011 ) ;
#1901 = CARTESIAN_POINT ( 'NONE',  ( -660.4168213242693355, 816.5072226882110726, -3.115098039913706263 ) ) ;
#1902 = EDGE_LOOP ( 'NONE', ( #1591, #1280, #2629, #2017, #2704, #2007 ) ) ;
#1903 = DIRECTION ( 'NONE',  ( -0.000000000000000000, -0.000000000000000000, -1.000000000000000000 ) ) ;
#1904 = EDGE_CURVE ( 'NONE', #2316, #1232, #2667, .T. ) ;
#1905 = CARTESIAN_POINT ( 'NONE',  ( -662.3311489655095556, 817.6128825885959941, -1.778673706705500068 ) ) ;
#1906 = EDGE_LOOP ( 'NONE', ( #871, #906, #1002, #1969 ) ) ;
#1907 = CARTESIAN_POINT ( 'NONE',  ( -632.8175408737779435, 841.5162875344128679, -17.00000000000000711 ) ) ;
#1908 = CARTESIAN_POINT ( 'NONE',  ( -610.4168213242693355, 819.4822226882109817, -14.00000000000000355 ) ) ;
#1909 = CARTESIAN_POINT ( 'NONE',  ( -662.1190641759897062, 789.1088364630603564, -18.69979682085225292 ) ) ;
#1910 = VERTEX_POINT ( 'NONE', #54 ) ;
#1911 = CARTESIAN_POINT ( 'NONE',  ( -634.7451177861813676, 841.4822226882110954, -17.00000000000000711 ) ) ;
#1912 = AXIS2_PLACEMENT_3D ( 'NONE', #939, #2022, #2472 ) ;
#1913 = ORIENTED_EDGE ( 'NONE', *, *, #294, .T. ) ;
#1914 = CIRCLE ( 'NONE', #1879, 13.69999999999999396 ) ;
#1915 = CARTESIAN_POINT ( 'NONE',  ( -662.3937104867102335, 785.9394175816139523, -17.95439414918370957 ) ) ;
#1916 = VECTOR ( 'NONE', #1241, 1000.000000000000000 ) ;
#1917 = EDGE_CURVE ( 'NONE', #1259, #901, #2521, .T. ) ;
#1918 = EDGE_CURVE ( 'NONE', #2010, #1128, #2738, .T. ) ;
#1919 = EDGE_CURVE ( 'NONE', #200, #2282, #2102, .T. ) ;
#1920 = FACE_OUTER_BOUND ( 'NONE', #1055, .T. ) ;
#1921 = CARTESIAN_POINT ( 'NONE',  ( -657.4168213242681986, 818.1949569648410261, 2.000000000003679723 ) ) ;
#1922 = ORIENTED_EDGE ( 'NONE', *, *, #186, .T. ) ;
#1923 = EDGE_CURVE ( 'NONE', #1740, #78, #2511, .T. ) ;
#1924 = CARTESIAN_POINT ( 'NONE',  ( -608.4168213242693355, 839.4822226882110954, 2.000000000000000000 ) ) ;
#1925 = LINE ( 'NONE', #2185, #2525 ) ;
#1926 = LINE ( 'NONE', #2816, #1428 ) ;
#1927 = DIRECTION ( 'NONE',  ( 0.000000000000000000, 0.000000000000000000, 1.000000000000000000 ) ) ;
#1928 = ORIENTED_EDGE ( 'NONE', *, *, #121, .T. ) ;
#1929 = DIRECTION ( 'NONE',  ( -1.000000000000000000, 0.000000000000000000, 0.000000000000000000 ) ) ;
#1930 = ORIENTED_EDGE ( 'NONE', *, *, #2269, .F. ) ;
#1931 = VERTEX_POINT ( 'NONE', #2001 ) ;
#1932 = DIRECTION ( 'NONE',  ( 0.000000000000000000, 0.000000000000000000, -1.000000000000000000 ) ) ;
#1933 = CARTESIAN_POINT ( 'NONE',  ( -662.2154255178780886, 818.6721291597484651, -1.482540738191501450 ) ) ;
#1934 = VERTEX_POINT ( 'NONE', #2679 ) ;
#1935 = DIRECTION ( 'NONE',  ( 1.000000000000000000, -0.000000000000000000, -0.000000000000000000 ) ) ;
#1936 = DIRECTION ( 'NONE',  ( -0.000000000000000000, 0.000000000000000000, -1.000000000000000000 ) ) ;
#1937 = EDGE_CURVE ( 'NONE', #940, #1552, #942, .T. ) ;
#1938 = LINE ( 'NONE', #2597, #1567 ) ;
#1939 = VECTOR ( 'NONE', #779, 1000.000000000000000 ) ;
#1940 = VECTOR ( 'NONE', #1275, 1000.000000000000000 ) ;
#1941 = CARTESIAN_POINT ( 'NONE',  ( -630.7451177861813676, 838.0366952384683827, -15.00000000000000711 ) ) ;
#1942 = FACE_OUTER_BOUND ( 'NONE', #2813, .T. ) ;
#1943 = AXIS2_PLACEMENT_3D ( 'NONE', #2839, #2366, #1504 ) ;
#1944 = VERTEX_POINT ( 'NONE', #977 ) ;
#1945 = EDGE_LOOP ( 'NONE', ( #419, #38, #1052, #444, #1575, #206, #475, #2296, #588, #1757, #2370, #373 ) ) ;
#1946 = ORIENTED_EDGE ( 'NONE', *, *, #790, .F. ) ;
#1947 = VECTOR ( 'NONE', #473, 1000.000000000000000 ) ;
#1948 = CYLINDRICAL_SURFACE ( 'NONE', #1943, 4.049999999999998046 ) ;
#1949 = EDGE_CURVE ( 'NONE', #2363, #2713, #1454, .T. ) ;
#1950 = TOROIDAL_SURFACE ( 'NONE', #1437, 13.69999999999999396, 5.000000000000000000 ) ;
#1951 = CARTESIAN_POINT ( 'NONE',  ( -658.6097393524113386, 820.9100681663701380, -1.300262441991677287 ) ) ;
#1952 = EDGE_CURVE ( 'NONE', #368, #2889, #2345, .T. ) ;
#1953 = LINE ( 'NONE', #1746, #41 ) ;
#1954 = DIRECTION ( 'NONE',  ( -1.000000000000000000, 0.000000000000000000, 0.000000000000000000 ) ) ;
#1955 = CARTESIAN_POINT ( 'NONE',  ( -608.4168213242693355, 839.4822226882110954, -22.00000000000000711 ) ) ;
#1956 = AXIS2_PLACEMENT_3D ( 'NONE', #2099, #1429, #2073 ) ;
#1957 = CARTESIAN_POINT ( 'NONE',  ( -663.2168213242692900, 820.4822226882109817, -10.00000000000000178 ) ) ;
#1958 = LINE ( 'NONE', #2628, #2426 ) ;
#1959 = ORIENTED_EDGE ( 'NONE', *, *, #1892, .F. ) ;
#1960 = EDGE_LOOP ( 'NONE', ( #2718, #1974, #1112, #637 ) ) ;
#1961 = ORIENTED_EDGE ( 'NONE', *, *, #2319, .T. ) ;
#1962 = AXIS2_PLACEMENT_3D ( 'NONE', #2883, #1500, #2391 ) ;
#1963 = AXIS2_PLACEMENT_3D ( 'NONE', #2353, #2410, #344 ) ;
#1964 = CARTESIAN_POINT ( 'NONE',  ( -657.4168213242692218, 814.8949621968805559, 2.000000000000973444 ) ) ;
#1965 = FACE_OUTER_BOUND ( 'NONE', #872, .T. ) ;
#1966 = FACE_OUTER_BOUND ( 'NONE', #2427, .T. ) ;
#1967 = CARTESIAN_POINT ( 'NONE',  ( -630.7451177861813676, 841.4822226882110954, -19.00000000000000711 ) ) ;
#1968 = VERTEX_POINT ( 'NONE', #756 ) ;
#1969 = ORIENTED_EDGE ( 'NONE', *, *, #2056, .F. ) ;
#1970 = FACE_OUTER_BOUND ( 'NONE', #193, .T. ) ;
#1971 = LINE ( 'NONE', #414, #1537 ) ;
#1972 = ORIENTED_EDGE ( 'NONE', *, *, #268, .T. ) ;
#1973 = VERTEX_POINT ( 'NONE', #326 ) ;
#1974 = ORIENTED_EDGE ( 'NONE', *, *, #2331, .T. ) ;
#1975 = DIRECTION ( 'NONE',  ( 0.000000000000000000, 0.000000000000000000, 1.000000000000000000 ) ) ;
#1976 = DIRECTION ( 'NONE',  ( 0.000000000000000000, 0.000000000000000000, 1.000000000000000000 ) ) ;
#1977 = EDGE_CURVE ( 'NONE', #1128, #557, #1694, .T. ) ;
#1978 = CYLINDRICAL_SURFACE ( 'NONE', #2720, 1.399999999999956835 ) ;
#1979 = DIRECTION ( 'NONE',  ( -1.000000000000000000, 0.000000000000000000, 0.000000000000000000 ) ) ;
#1980 = DIRECTION ( 'NONE',  ( -1.000000000000000000, -0.000000000000000000, -0.000000000000000000 ) ) ;
#1981 = ORIENTED_EDGE ( 'NONE', *, *, #2303, .F. ) ;
#1982 = ORIENTED_EDGE ( 'NONE', *, *, #1492, .T. ) ;
#1983 = CARTESIAN_POINT ( 'NONE',  ( -662.4168213242693355, 785.2847323242389166, -17.62043795620438047 ) ) ;
#1984 = CARTESIAN_POINT ( 'NONE',  ( -660.4168213242693355, 793.4572226882110044, -3.115098039913708927 ) ) ;
#1985 = ORIENTED_EDGE ( 'NONE', *, *, #916, .F. ) ;
#1986 = EDGE_CURVE ( 'NONE', #454, #1699, #2291, .T. ) ;
#1987 = AXIS2_PLACEMENT_3D ( 'NONE', #32, #930, #660 ) ;
#1988 = ORIENTED_EDGE ( 'NONE', *, *, #788, .T. ) ;
#1989 = ORIENTED_EDGE ( 'NONE', *, *, #2622, .T. ) ;
#1990 = DIRECTION ( 'NONE',  ( 0.000000000000000000, 0.000000000000000000, -1.000000000000000000 ) ) ;
#1991 = B_SPLINE_CURVE_WITH_KNOTS ( 'NONE', 3,
 ( #1209, #2087, #1223, #337, #2778, #1658, #286, #1641, #1669, #2100 ),
 .UNSPECIFIED., .F., .F.,
 ( 4, 2, 2, 2, 4 ),
 ( 0.000000000000000000, 0.001098502809367165418, 0.002197005618734330836, 0.003295508428101496037, 0.004394011237468661672 ),
 .UNSPECIFIED. ) ;
#1992 = ORIENTED_EDGE ( 'NONE', *, *, #822, .F. ) ;
#1993 = VECTOR ( 'NONE', #2161, 1000.000000000000000 ) ;
#1994 = DIRECTION ( 'NONE',  ( 0.000000000000000000, 0.000000000000000000, -1.000000000000000000 ) ) ;
#1995 = CARTESIAN_POINT ( 'NONE',  ( -662.1324983879563888, 821.2119069631485218, -18.67699617811825163 ) ) ;
#1996 = DIRECTION ( 'NONE',  ( 1.000000000000000000, 0.000000000000000000, 0.000000000000000000 ) ) ;
#1997 = DIRECTION ( 'NONE',  ( 1.000000000000000000, 0.000000000000000000, 0.000000000000000000 ) ) ;
#1998 = EDGE_LOOP ( 'NONE', ( #2338, #619, #2820, #879 ) ) ;
#1999 = VERTEX_POINT ( 'NONE', #2766 ) ;
#2000 = CARTESIAN_POINT ( 'NONE',  ( -655.4168213242693355, 837.4822226882110954, -22.00000000000000711 ) ) ;
#2001 = CARTESIAN_POINT ( 'NONE',  ( -622.3647516641965467, 772.4822226882110954, -5.083984878006998720 ) ) ;
#2002 = VERTEX_POINT ( 'NONE', #312 ) ;
#2003 = ORIENTED_EDGE ( 'NONE', *, *, #1937, .T. ) ;
#2004 = VECTOR ( 'NONE', #2248, 1000.000000000000000 ) ;
#2005 = ORIENTED_EDGE ( 'NONE', *, *, #18, .T. ) ;
#2006 = CARTESIAN_POINT ( 'NONE',  ( -657.6543672424558054, 785.4827860178108949, -2.270470083236530989 ) ) ;
#2007 = ORIENTED_EDGE ( 'NONE', *, *, #2684, .F. ) ;
#2008 = CYLINDRICAL_SURFACE ( 'NONE', #1235, 1.532046148965626742 ) ;
#2009 = EDGE_CURVE ( 'NONE', #1490, #1249, #1991, .T. ) ;
#2010 = VERTEX_POINT ( 'NONE', #2553 ) ;
#2011 = VECTOR ( 'NONE', #1213, 1000.000000000000000 ) ;
#2012 = CARTESIAN_POINT ( 'NONE',  ( -657.4168213242693355, 813.8723815403467370, 2.000000000000000000 ) ) ;
#2013 = CARTESIAN_POINT ( 'NONE',  ( -656.0168213242694719, 839.4822226882110954, 2.000000000000000000 ) ) ;
#2014 = CIRCLE ( 'NONE', #2381, 1.399999999999956835 ) ;
#2015 = VECTOR ( 'NONE', #2557, 1000.000000000000000 ) ;
#2016 = CARTESIAN_POINT ( 'NONE',  ( -662.2899913374996004, 822.9949461449646151, -1.662845463795171064 ) ) ;
#2017 = ORIENTED_EDGE ( 'NONE', *, *, #1554, .T. ) ;
#2018 = ADVANCED_FACE ( 'NONE', ( #1430 ), #504, .F. ) ;
#2019 = EDGE_LOOP ( 'NONE', ( #2162, #2227 ) ) ;
#2020 = CARTESIAN_POINT ( 'NONE',  ( -662.4168213242693355, 813.8723815403468507, -22.00000000000004619 ) ) ;
#2021 = AXIS2_PLACEMENT_3D ( 'NONE', #1877, #1629, #272 ) ;
#2022 = DIRECTION ( 'NONE',  ( 0.000000000000000000, 3.273063162220431248E-16, 1.000000000000000000 ) ) ;
#2023 = EDGE_LOOP ( 'NONE', ( #1985, #2224 ) ) ;
#2024 = CARTESIAN_POINT ( 'NONE',  ( -662.4168213242693355, 793.6797130521832742, -17.62043795620438047 ) ) ;
#2025 = CARTESIAN_POINT ( 'NONE',  ( -658.5916074863123413, 790.3300573904639350, -1.331338925080007174 ) ) ;
#2026 = ORIENTED_EDGE ( 'NONE', *, *, #1745, .T. ) ;
#2027 = CARTESIAN_POINT ( 'NONE',  ( -662.4178213242694255, 819.4822226882109817, -10.00000000000000178 ) ) ;
#2028 = ORIENTED_EDGE ( 'NONE', *, *, #760, .F. ) ;
#2029 = CARTESIAN_POINT ( 'NONE',  ( -662.2909453866363947, 817.9609149803209220, -18.33461362377708070 ) ) ;
#2030 = CARTESIAN_POINT ( 'NONE',  ( -634.7451177861813676, 837.9544134144067584, -17.00000000000000711 ) ) ;
#2031 = ORIENTED_EDGE ( 'NONE', *, *, #2051, .F. ) ;
#2032 = LINE ( 'NONE', #24, #2670 ) ;
#2033 = DIRECTION ( 'NONE',  ( 0.000000000000000000, 0.000000000000000000, 1.000000000000000000 ) ) ;
#2034 = ORIENTED_EDGE ( 'NONE', *, *, #2869, .F. ) ;
#2035 = ORIENTED_EDGE ( 'NONE', *, *, #1492, .F. ) ;
#2036 = CARTESIAN_POINT ( 'NONE',  ( -662.2909453866363947, 792.0035303961010413, -1.665386376222888876 ) ) ;
#2037 = VECTOR ( 'NONE', #1585, 1000.000000000000000 ) ;
#2038 = DIRECTION ( 'NONE',  ( 0.000000000000000000, 0.000000000000000000, 1.000000000000000000 ) ) ;
#2039 = ORIENTED_EDGE ( 'NONE', *, *, #341, .F. ) ;
#2040 = CARTESIAN_POINT ( 'NONE',  ( -662.1188343144671080, 820.8460798597486701, -18.70020056986987456 ) ) ;
#2041 = ADVANCED_FACE ( 'NONE', ( #550 ), #95, .T. ) ;
#2042 = LINE ( 'NONE', #8, #1517 ) ;
#2043 = DIRECTION ( 'NONE',  ( -0.000000000000000000, -0.000000000000000000, -1.000000000000000000 ) ) ;
#2044 = ORIENTED_EDGE ( 'NONE', *, *, #1843, .T. ) ;
#2045 = DIRECTION ( 'NONE',  ( -1.000000000000000000, 0.000000000000000000, 0.000000000000000000 ) ) ;
#2046 = CARTESIAN_POINT ( 'NONE',  ( -662.4168213242693355, 827.0920638360753401, 1.999999999999996669 ) ) ;
#2047 = AXIS2_PLACEMENT_3D ( 'NONE', #1004, #311, #53 ) ;
#2048 = EDGE_CURVE ( 'NONE', #393, #1501, #106, .T. ) ;
#2049 = DIRECTION ( 'NONE',  ( 0.000000000000000000, -0.5000000000000003331, 0.8660254037844383745 ) ) ;
#2050 = CARTESIAN_POINT ( 'NONE',  ( -630.7451177861813676, 841.4822226882110954, -19.00000000000000711 ) ) ;
#2051 = EDGE_CURVE ( 'NONE', #2, #1490, #1134, .T. ) ;
#2052 = CIRCLE ( 'NONE', #1956, 13.69999999999999396 ) ;
#2053 = CARTESIAN_POINT ( 'NONE',  ( -663.9168213242693355, 820.4822226882109817, -10.00000000000000178 ) ) ;
#2054 = ORIENTED_EDGE ( 'NONE', *, *, #483, .T. ) ;
#2055 = CARTESIAN_POINT ( 'NONE',  ( -603.4158213242692455, 789.4822226882110954, -10.00000000000000178 ) ) ;
#2056 = EDGE_CURVE ( 'NONE', #1259, #393, #1914, .T. ) ;
#2057 = DIRECTION ( 'NONE',  ( -1.000000000000000000, -0.000000000000000000, -0.000000000000000000 ) ) ;
#2058 = VECTOR ( 'NONE', #2318, 1000.000000000000000 ) ;
#2059 = CARTESIAN_POINT ( 'NONE',  ( -630.7451177861813676, 837.4822226882110954, -15.00000000000000711 ) ) ;
#2060 = ORIENTED_EDGE ( 'NONE', *, *, #146, .T. ) ;
#2061 = FACE_OUTER_BOUND ( 'NONE', #1018, .T. ) ;
#2062 = CIRCLE ( 'NONE', #794, 5.000000000000004441 ) ;
#2063 = DIRECTION ( 'NONE',  ( 0.000000000000000000, 0.000000000000000000, 1.000000000000000000 ) ) ;
#2064 = CARTESIAN_POINT ( 'NONE',  ( -662.4168213242693355, 796.0920638360754538, -22.00000000000000000 ) ) ;
#2065 = CARTESIAN_POINT ( 'NONE',  ( -662.3943567185884831, 793.0336170888199376, -2.049470942737084300 ) ) ;
#2066 = PLANE ( 'NONE',  #491 ) ;
#2067 = VERTEX_POINT ( 'NONE', #741 ) ;
#2068 = CARTESIAN_POINT ( 'NONE',  ( -662.4168213242693355, 789.4822226882110954, -10.00000000000000178 ) ) ;
#2069 = CARTESIAN_POINT ( 'NONE',  ( -657.4168213242693355, 770.4822226882110954, 2.000000000000000000 ) ) ;
#2070 = EDGE_CURVE ( 'NONE', #2187, #707, #1408, .T. ) ;
#2071 = CARTESIAN_POINT ( 'NONE',  ( -657.4168213242693355, 834.4822226882110954, -22.00000000000000711 ) ) ;
#2072 = VERTEX_POINT ( 'NONE', #1234 ) ;
#2073 = DIRECTION ( 'NONE',  ( 0.000000000000000000, 0.000000000000000000, 1.000000000000000000 ) ) ;
#2074 = LINE ( 'NONE', #2128, #1031 ) ;
#2075 = CARTESIAN_POINT ( 'NONE',  ( -662.3941064324859553, 793.0303370147978512, -17.95199367162375026 ) ) ;
#2076 = CARTESIAN_POINT ( 'NONE',  ( -660.4168213242693355, 828.4322226882110272, -10.00000000000001243 ) ) ;
#2077 = CARTESIAN_POINT ( 'NONE',  ( -657.4168213242693355, 775.4822226882110954, -22.00000000000000711 ) ) ;
#2078 = EDGE_CURVE ( 'NONE', #1314, #1229, #2074, .T. ) ;
#2079 = CARTESIAN_POINT ( 'NONE',  ( -662.1327036629867280, 790.2156344851670156, -1.323377328705257483 ) ) ;
#2080 = ORIENTED_EDGE ( 'NONE', *, *, #384, .T. ) ;
#2081 = VECTOR ( 'NONE', #2284, 1000.000000000000000 ) ;
#2082 = CARTESIAN_POINT ( 'NONE',  ( -630.7451177861813676, 837.4822226882110954, -19.00000000000000711 ) ) ;
#2083 = VECTOR ( 'NONE', #1228, 1000.000000000000000 ) ;
#2084 = DIRECTION ( 'NONE',  ( 0.000000000000000000, 0.5000000000000076605, 0.8660254037844341557 ) ) ;
#2085 = VERTEX_POINT ( 'NONE', #1908 ) ;
#2086 = DIRECTION ( 'NONE',  ( 0.000000000000000000, -0.000000000000000000, 1.000000000000000000 ) ) ;
#2087 = CARTESIAN_POINT ( 'NONE',  ( -662.4168213242694492, 824.3566848120615305, -17.79836840232765027 ) ) ;
#2088 = CARTESIAN_POINT ( 'NONE',  ( -662.3311489655095556, 792.3515627878264240, -18.22132629329435005 ) ) ;
#2089 = LINE ( 'NONE', #2293, #372 ) ;
#2090 = DIRECTION ( 'NONE',  ( 1.000000000000000000, 0.000000000000000000, -0.000000000000000000 ) ) ;
#2091 =( BOUNDED_SURFACE ( )  B_SPLINE_SURFACE ( 3, 2, ( 
 ( #1118, #1691, #558 ),
 ( #2577, #2006, #2904 ),
 ( #2563, #1450, #2339 ),
 ( #717, #688, #2514 ),
 ( #2729, #1350, #2701 ),
 ( #2294, #2683, #1582 ),
 ( #2279, #1610, #231 ),
 ( #2476, #450, #731 ),
 ( #941, #1837, #2499 ),
 ( #1367, #2254, #245 ),
 ( #508, #2025, #466 ),
 ( #1151, #2239, #1630 ),
 ( #494, #1391, #273 ),
 ( #2036, #30, #927 ),
 ( #1174, #911, #1407 ),
 ( #2065, #56, #1822 ),
 ( #2716, #703, #1598 ),
 ( #289, #1186, #2488 ) ),
 .UNSPECIFIED., .F., .F., .T. ) 
 B_SPLINE_SURFACE_WITH_KNOTS ( ( 4, 2, 2, 2, 2, 2, 2, 2, 4 ),
 ( 3, 3 ),
 ( 0.009859177158170981739, 0.01159219582143954791, 0.01332521448470811581, 0.01505823314797668198, 0.01679125181124524815, 0.01852427047451381259, 0.02025728913778238049, 0.02199030780105094840, 0.02372332646431951630 ),
 ( 0.000000000000000000, 1.000000000000000000 ),
 .UNSPECIFIED. ) 
 GEOMETRIC_REPRESENTATION_ITEM ( )  RATIONAL_B_SPLINE_SURFACE ( (
 ( 1.000000000000000000, 0.7071067811865423547, 1.000000000000000000),
 ( 1.000000000000000000, 0.7242930886687563019, 1.000000000000000000),
 ( 1.000000000000000000, 0.7399895422151159252, 1.000000000000000000),
 ( 1.000000000000000000, 0.7676454107715560138, 1.000000000000000000),
 ( 1.000000000000000000, 0.7796490692551120150, 1.000000000000000000),
 ( 1.000000000000000000, 0.7988957083654250058, 1.000000000000000000),
 ( 1.000000000000000000, 0.8062117826290737810, 1.000000000000000000),
 ( 1.000000000000000000, 0.8160416752050700939, 1.000000000000000000),
 ( 1.000000000000000000, 0.8185569641796820450, 1.000000000000000000),
 ( 1.000000000000000000, 0.8185133080614873657, 1.000000000000000000),
 ( 1.000000000000000000, 0.8159633601609304066, 1.000000000000000000),
 ( 1.000000000000000000, 0.8060912513568201376, 1.000000000000000000),
 ( 1.000000000000000000, 0.7987673721964752005, 1.000000000000000000),
 ( 1.000000000000000000, 0.7795396334185789033, 1.000000000000000000),
 ( 1.000000000000000000, 0.7675216010416067158, 1.000000000000000000),
 ( 1.000000000000000000, 0.7398409530848520932, 1.000000000000000000),
 ( 1.000000000000000000, 0.7241765865400063840, 1.000000000000000000),
 ( 1.000000000000000000, 0.7071067811865456854, 1.000000000000000000) ) ) 
 REPRESENTATION_ITEM ( '' )  SURFACE ( )  );
#2092 = EDGE_CURVE ( 'NONE', #1039, #1586, #2669, .T. ) ;
#2093 = DIRECTION ( 'NONE',  ( 0.000000000000000000, 0.000000000000000000, 1.000000000000000000 ) ) ;
#2094 = ORIENTED_EDGE ( 'NONE', *, *, #2137, .T. ) ;
#2095 = CIRCLE ( 'NONE', #836, 1.399999999999956835 ) ;
#2096 = DIRECTION ( 'NONE',  ( -1.000000000000000000, -0.000000000000000000, -0.000000000000000000 ) ) ;
#2097 = LINE ( 'NONE', #1870, #2545 ) ;
#2098 = VERTEX_POINT ( 'NONE', #1183 ) ;
#2099 = CARTESIAN_POINT ( 'NONE',  ( -657.4168213242693355, 820.4822226882109817, -10.00000000000000178 ) ) ;
#2100 = CARTESIAN_POINT ( 'NONE',  ( -662.1189485024729038, 820.4822226882109817, -18.69999999999999929 ) ) ;
#2101 = EDGE_CURVE ( 'NONE', #1329, #1315, #2526, .T. ) ;
#2102 = CIRCLE ( 'NONE', #704, 5.000000000000004441 ) ;
#2103 = CARTESIAN_POINT ( 'NONE',  ( -657.4168213242702450, 788.3203368268975737, -21.99999999999734257 ) ) ;
#2104 = LINE ( 'NONE', #507, #2310 ) ;
#2105 = FACE_OUTER_BOUND ( 'NONE', #1766, .T. ) ;
#2106 = EDGE_CURVE ( 'NONE', #925, #2640, #297, .T. ) ;
#2107 = CARTESIAN_POINT ( 'NONE',  ( -662.1189485024729038, 789.4822226882110954, -1.300000000000008260 ) ) ;
#2108 = VERTEX_POINT ( 'NONE', #2201 ) ;
#2109 = DIRECTION ( 'NONE',  ( 0.000000000000000000, -1.000000000000000000, 0.000000000000000000 ) ) ;
#2110 = DIRECTION ( 'NONE',  ( -1.000000000000000000, -0.000000000000000000, -0.000000000000000000 ) ) ;
#2111 = CARTESIAN_POINT ( 'NONE',  ( -662.4168213242693355, 793.6797130521832742, -2.379562043795626192 ) ) ;
#2112 = EDGE_LOOP ( 'NONE', ( #2060, #2120 ) ) ;
#2113 = DIRECTION ( 'NONE',  ( 0.000000000000000000, 0.000000000000000000, 1.000000000000000000 ) ) ;
#2114 = CARTESIAN_POINT ( 'NONE',  ( -660.4168213242693355, 820.4822226882109817, -10.00000000000000178 ) ) ;
#2115 = CARTESIAN_POINT ( 'NONE',  ( -662.3315179229870182, 786.6094806115715983, -18.22013792099398088 ) ) ;
#2116 = DIRECTION ( 'NONE',  ( 0.000000000000000000, 0.000000000000000000, -1.000000000000000000 ) ) ;
#2117 = CARTESIAN_POINT ( 'NONE',  ( -663.2168213242692900, 820.4822226882109817, -10.00000000000000178 ) ) ;
#2118 = ADVANCED_FACE ( 'NONE', ( #2844 ), #1721, .T. ) ;
#2119 = DIRECTION ( 'NONE',  ( 1.000000000000000000, 0.000000000000000000, 0.000000000000000000 ) ) ;
#2120 = ORIENTED_EDGE ( 'NONE', *, *, #1333, .T. ) ;
#2121 = FACE_OUTER_BOUND ( 'NONE', #672, .T. ) ;
#2122 = FACE_BOUND ( 'NONE', #1207, .T. ) ;
#2123 = EDGE_CURVE ( 'NONE', #368, #723, #2144, .T. ) ;
#2124 = PLANE ( 'NONE',  #2663 ) ;
#2125 = VERTEX_POINT ( 'NONE', #1035 ) ;
#2126 = AXIS2_PLACEMENT_3D ( 'NONE', #673, #2890, #1976 ) ;
#2127 = FACE_OUTER_BOUND ( 'NONE', #2657, .T. ) ;
#2128 = CARTESIAN_POINT ( 'NONE',  ( -652.4168213242693355, 770.4822226882110954, -22.00000000000000711 ) ) ;
#2129 = CIRCLE ( 'NONE', #869, 1.399999999999956835 ) ;
#2130 = EDGE_LOOP ( 'NONE', ( #2609, #1485, #167, #1149 ) ) ;
#2131 = ADVANCED_FACE ( 'NONE', ( #2159, #1522 ), #2171, .T. ) ;
#2132 = DIRECTION ( 'NONE',  ( -1.000000000000000000, 0.000000000000000000, 0.000000000000000000 ) ) ;
#2133 = EDGE_CURVE ( 'NONE', #2108, #277, #2803, .T. ) ;
#2134 = ADVANCED_FACE ( 'NONE', ( #1966 ), #2372, .F. ) ;
#2135 = EDGE_CURVE ( 'NONE', #472, #2098, #2413, .T. ) ;
#2136 = CARTESIAN_POINT ( 'NONE',  ( -632.4586247044031779, 837.4822226882110954, 0.000000000000000000 ) ) ;
#2137 = EDGE_CURVE ( 'NONE', #411, #1337, #1925, .T. ) ;
#2138 = DIRECTION ( 'NONE',  ( -1.000000000000000000, 0.000000000000000000, 0.000000000000000000 ) ) ;
#2139 = FACE_OUTER_BOUND ( 'NONE', #2192, .T. ) ;
#2140 = VECTOR ( 'NONE', #948, 1000.000000000000000 ) ;
#2141 = ORIENTED_EDGE ( 'NONE', *, *, #2101, .F. ) ;
#2142 = EDGE_CURVE ( 'NONE', #2434, #2394, #1092, .T. ) ;
#2143 = DIRECTION ( 'NONE',  ( 1.000000000000000000, 0.000000000000000000, 0.000000000000000000 ) ) ;
#2144 = LINE ( 'NONE', #408, #987 ) ;
#2145 = LINE ( 'NONE', #870, #918 ) ;
#2146 = CIRCLE ( 'NONE', #509, 1.399999999999956835 ) ;
#2147 = DIRECTION ( 'NONE',  ( 0.000000000000000000, -0.5000000000000003331, 0.8660254037844383745 ) ) ;
#2148 = EDGE_LOOP ( 'NONE', ( #2300, #666, #2645, #2380 ) ) ;
#2149 = DIRECTION ( 'NONE',  ( -0.000000000000000000, -0.000000000000000000, -1.000000000000000000 ) ) ;
#2150 = VERTEX_POINT ( 'NONE', #2387 ) ;
#2151 = EDGE_LOOP ( 'NONE', ( #2044, #192, #166, #2188 ) ) ;
#2152 = CARTESIAN_POINT ( 'NONE',  ( -657.4168213242693355, 834.4822226882110954, -22.00000000000000711 ) ) ;
#2153 = AXIS2_PLACEMENT_3D ( 'NONE', #2445, #2138, #128 ) ;
#2154 = ADVANCED_FACE ( 'NONE', ( #175 ), #377, .F. ) ;
#2155 = CARTESIAN_POINT ( 'NONE',  ( -657.4168213242699039, 823.3411703648547473, 1.999999999997897016 ) ) ;
#2156 = ORIENTED_EDGE ( 'NONE', *, *, #1218, .F. ) ;
#2157 = DIRECTION ( 'NONE',  ( 1.000000000000000000, 0.000000000000000000, 0.000000000000000000 ) ) ;
#2158 = UNCERTAINTY_MEASURE_WITH_UNIT (LENGTH_MEASURE( 1.000000000000000082E-05 ), #9, 'distance_accuracy_value', 'NONE');
#2159 = FACE_BOUND ( 'NONE', #2441, .T. ) ;
#2160 = DIRECTION ( 'NONE',  ( -0.000000000000000000, 1.000000000000000000, -0.000000000000000000 ) ) ;
#2161 = DIRECTION ( 'NONE',  ( 0.000000000000000000, -1.000000000000000000, 0.000000000000000000 ) ) ;
#2162 = ORIENTED_EDGE ( 'NONE', *, *, #2390, .T. ) ;
#2163 = CARTESIAN_POINT ( 'NONE',  ( -657.4168213242693355, 834.4822226882110954, 2.000000000000000000 ) ) ;
#2164 = EDGE_CURVE ( 'NONE', #1140, #454, #2596, .T. ) ;
#2165 = VERTEX_POINT ( 'NONE', #853 ) ;
#2166 = ORIENTED_EDGE ( 'NONE', *, *, #1333, .F. ) ;
#2167 = EDGE_CURVE ( 'NONE', #2219, #669, #1245, .T. ) ;
#2168 = DIRECTION ( 'NONE',  ( 0.000000000000000000, -1.000000000000000000, 0.000000000000000000 ) ) ;
#2169 = CARTESIAN_POINT ( 'NONE',  ( -662.1329061463196695, 821.2200626147708817, -1.323728639908058335 ) ) ;
#2170 = CARTESIAN_POINT ( 'NONE',  ( -632.8175408737779435, 841.5162875344128679, -17.00000000000000711 ) ) ;
#2171 = PLANE ( 'NONE',  #1175 ) ;
#2172 = DIRECTION ( 'NONE',  ( 0.000000000000000000, 0.000000000000000000, -1.000000000000000000 ) ) ;
#2173 = VECTOR ( 'NONE', #771, 1000.000000000000000 ) ;
#2174 = LINE ( 'NONE', #395, #2359 ) ;
#2175 = CARTESIAN_POINT ( 'NONE',  ( -652.4168213242693355, 839.4822226882110954, 2.000000000000000000 ) ) ;
#2176 = ORIENTED_EDGE ( 'NONE', *, *, #1768, .T. ) ;
#2177 = EDGE_LOOP ( 'NONE', ( #415, #17, #2630, #1449, #692 ) ) ;
#2178 = EDGE_LOOP ( 'NONE', ( #1531, #1609, #2579, #2376, #1181, #1441, #33, #1981, #1023, #818, #2772, #1544 ) ) ;
#2179 = VECTOR ( 'NONE', #2360, 1000.000000000000000 ) ;
#2180 = CARTESIAN_POINT ( 'NONE',  ( -632.8175408737779435, 841.4822226882110954, -17.00000000000000711 ) ) ;
#2181 = EDGE_CURVE ( 'NONE', #1469, #2316, #868, .T. ) ;
#2182 = VECTOR ( 'NONE', #1639, 1000.000000000000000 ) ;
#2183 = LINE ( 'NONE', #1553, #158 ) ;
#2184 = CARTESIAN_POINT ( 'NONE',  ( -655.4168213242693355, 828.4322226882110272, -10.00000000000001243 ) ) ;
#2185 = CARTESIAN_POINT ( 'NONE',  ( -628.7675408737779890, 841.5162875344128679, -17.00000000000000711 ) ) ;
#2186 = CARTESIAN_POINT ( 'NONE',  ( -655.4168213242693355, 828.4322226882110272, -10.00000000000001243 ) ) ;
#2187 = VERTEX_POINT ( 'NONE', #2358 ) ;
#2188 = ORIENTED_EDGE ( 'NONE', *, *, #1382, .T. ) ;
#2189 = VECTOR ( 'NONE', #2610, 1000.000000000000227 ) ;
#2190 = DIRECTION ( 'NONE',  ( -1.000000000000000000, 0.000000000000000000, 0.000000000000000000 ) ) ;
#2191 = CARTESIAN_POINT ( 'NONE',  ( -662.4168213242693355, 813.8723815403467370, 1.999999999999995781 ) ) ;
#2192 = EDGE_LOOP ( 'NONE', ( #182, #1094, #921, #580, #2870 ) ) ;
#2193 = ORIENTED_EDGE ( 'NONE', *, *, #2337, .T. ) ;
#2194 = ORIENTED_EDGE ( 'NONE', *, *, #1390, .T. ) ;
#2195 = DIRECTION ( 'NONE',  ( 0.000000000000000000, 0.8660254037844342667, -0.5000000000000077716 ) ) ;
#2196 = ADVANCED_FACE ( 'NONE', ( #629 ), #349, .T. ) ;
#2197 = AXIS2_PLACEMENT_3D ( 'NONE', #1546, #2440, #2406 ) ;
#2198 = AXIS2_PLACEMENT_3D ( 'NONE', #2506, #2283, #2760 ) ;
#2199 = DIRECTION ( 'NONE',  ( 0.000000000000000000, -1.000000000000000000, 0.000000000000000000 ) ) ;
#2200 = CARTESIAN_POINT ( 'NONE',  ( -658.5921824432649601, 821.3207858737398510, -18.66959729246116595 ) ) ;
#2201 = CARTESIAN_POINT ( 'NONE',  ( -660.4168213242693355, 789.4822226882110954, -4.100000000000012079 ) ) ;
#2202 = DIRECTION ( 'NONE',  ( 0.000000000000000000, 0.8660254037844384856, 0.5000000000000004441 ) ) ;
#2203 = ORIENTED_EDGE ( 'NONE', *, *, #1516, .F. ) ;
#2204 = VERTEX_POINT ( 'NONE', #1287 ) ;
#2205 = CARTESIAN_POINT ( 'NONE',  ( -655.4168213242693355, 837.4822226882110954, -22.00000000000000711 ) ) ;
#2206 = FACE_OUTER_BOUND ( 'NONE', #1086, .T. ) ;
#2207 = VERTEX_POINT ( 'NONE', #1078 ) ;
#2208 = ORIENTED_EDGE ( 'NONE', *, *, #518, .T. ) ;
#2209 = CARTESIAN_POINT ( 'NONE',  ( -632.8175408737779435, 841.5162875344128679, -15.00000000000000711 ) ) ;
#2210 = PLANE ( 'NONE',  #656 ) ;
#2211 = APPLICATION_PROTOCOL_DEFINITION ( 'draft international standard', 'automotive_design', 1998, #1401 ) ;
#2212 = EDGE_CURVE ( 'NONE', #2363, #1741, #2014, .T. ) ;
#2213 = ORIENTED_EDGE ( 'NONE', *, *, #1839, .T. ) ;
#2214 = PLANE ( 'NONE',  #773 ) ;
#2215 = DIRECTION ( 'NONE',  ( -0.000000000000000000, -1.000000000000000000, -0.000000000000000000 ) ) ;
#2216 = CIRCLE ( 'NONE', #1266, 1.399999999999956835 ) ;
#2217 = CARTESIAN_POINT ( 'NONE',  ( -662.1189485024729038, 820.4822226882109817, -1.300000000000008260 ) ) ;
#2218 = ORIENTED_EDGE ( 'NONE', *, *, #1804, .F. ) ;
#2219 = VERTEX_POINT ( 'NONE', #590 ) ;
#2220 = FACE_OUTER_BOUND ( 'NONE', #1960, .T. ) ;
#2221 = CARTESIAN_POINT ( 'NONE',  ( -662.1189485024729038, 820.1131360955281480, -18.69999999999999929 ) ) ;
#2222 = VERTEX_POINT ( 'NONE', #148 ) ;
#2223 = CIRCLE ( 'NONE', #961, 1.399999999999956835 ) ;
#2224 = ORIENTED_EDGE ( 'NONE', *, *, #2092, .F. ) ;
#2225 = EDGE_CURVE ( 'NONE', #1290, #197, #536, .T. ) ;
#2226 = VERTEX_POINT ( 'NONE', #2013 ) ;
#2227 = ORIENTED_EDGE ( 'NONE', *, *, #824, .T. ) ;
#2228 = DIRECTION ( 'NONE',  ( 0.000000000000000000, 0.000000000000000000, -1.000000000000000000 ) ) ;
#2229 = ADVANCED_FACE ( 'NONE', ( #2492 ), #2467, .T. ) ;
#2230 = EDGE_LOOP ( 'NONE', ( #2681, #2702, #1790, #2725, #2617, #1289 ) ) ;
#2231 = LINE ( 'NONE', #1571, #1448 ) ;
#2232 = CARTESIAN_POINT ( 'NONE',  ( -608.4168213242693355, 770.4822226882110954, -22.00000000000000711 ) ) ;
#2233 = DIRECTION ( 'NONE',  ( 0.000000000000000000, 0.000000000000000000, -1.000000000000000000 ) ) ;
#2234 = VERTEX_POINT ( 'NONE', #237 ) ;
#2235 = ORIENTED_EDGE ( 'NONE', *, *, #229, .F. ) ;
#2236 = LINE ( 'NONE', #489, #495 ) ;
#2237 = DIRECTION ( 'NONE',  ( -1.000000000000000000, 0.000000000000000000, 0.000000000000000000 ) ) ;
#2238 = ORIENTED_EDGE ( 'NONE', *, *, #2858, .F. ) ;
#2239 = CARTESIAN_POINT ( 'NONE',  ( -658.5155108203693999, 791.1388764889409231, -1.447131618440842482 ) ) ;
#2240 = CARTESIAN_POINT ( 'NONE',  ( 0.000000000000000000, 0.000000000000000000, 0.000000000000000000 ) ) ;
#2241 = ORIENTED_EDGE ( 'NONE', *, *, #2862, .T. ) ;
#2242 = CARTESIAN_POINT ( 'NONE',  ( -662.4178213242694255, 819.4822226882109817, -10.00000000000000178 ) ) ;
#2243 = ORIENTED_EDGE ( 'NONE', *, *, #2337, .F. ) ;
#2244 = AXIS2_PLACEMENT_3D ( 'NONE', #554, #1237, #2531 ) ;
#2245 = LINE ( 'NONE', #1601, #1258 ) ;
#2246 = LINE ( 'NONE', #221, #820 ) ;
#2247 = AXIS2_PLACEMENT_3D ( 'NONE', #485, #204, #2892 ) ;
#2248 = DIRECTION ( 'NONE',  ( -1.000000000000000000, 0.000000000000000000, 0.000000000000000000 ) ) ;
#2249 = ORIENTED_EDGE ( 'NONE', *, *, #2342, .T. ) ;
#2250 = FACE_OUTER_BOUND ( 'NONE', #2787, .T. ) ;
#2251 = CARTESIAN_POINT ( 'NONE',  ( -657.4168213242693355, 834.4822226882110954, 2.000000000000000000 ) ) ;
#2252 = ORIENTED_EDGE ( 'NONE', *, *, #2680, .T. ) ;
#2253 = DIRECTION ( 'NONE',  ( 0.000000000000000000, -0.000000000000000000, -1.000000000000000000 ) ) ;
#2254 = CARTESIAN_POINT ( 'NONE',  ( -658.6097393524112249, 789.9100681663378509, -1.300262441991425488 ) ) ;
#2255 = ADVANCED_FACE ( 'NONE', ( #1371 ), #1572, .T. ) ;
#2256 = CARTESIAN_POINT ( 'NONE',  ( -662.4168213242693355, 789.4822226882110954, -10.00000000000000178 ) ) ;
#2257 = VERTEX_POINT ( 'NONE', #2030 ) ;
#2258 = CARTESIAN_POINT ( 'NONE',  ( -657.4168213242678576, 822.7694884115810510, -22.00000000000446576 ) ) ;
#2259 = DIRECTION ( 'NONE',  ( 0.000000000000000000, -0.5000000000000051070, -0.8660254037844355990 ) ) ;
#2260 = CARTESIAN_POINT ( 'NONE',  ( -613.4168213242693355, 839.4822226882110954, 2.000000000000000000 ) ) ;
#2261 = ORIENTED_EDGE ( 'NONE', *, *, #889, .F. ) ;
#2262 = FACE_BOUND ( 'NONE', #2230, .T. ) ;
#2263 = DIRECTION ( 'NONE',  ( 1.000000000000000000, 0.000000000000000000, 0.000000000000000000 ) ) ;
#2264 = EDGE_CURVE ( 'NONE', #905, #2204, #2062, .T. ) ;
#2265 = EDGE_LOOP ( 'NONE', ( #487, #802 ) ) ;
#2266 = VERTEX_POINT ( 'NONE', #1385 ) ;
#2267 = DIRECTION ( 'NONE',  ( 0.000000000000000000, -0.000000000000000000, -1.000000000000000000 ) ) ;
#2268 = CIRCLE ( 'NONE', #2126, 8.699999999999993960 ) ;
#2269 = EDGE_CURVE ( 'NONE', #2219, #2743, #457, .T. ) ;
#2270 = LINE ( 'NONE', #733, #1155 ) ;
#2271 = ORIENTED_EDGE ( 'NONE', *, *, #1825, .T. ) ;
#2272 = LINE ( 'NONE', #89, #4 ) ;
#2273 = DIRECTION ( 'NONE',  ( 1.000000000000000000, -0.000000000000000000, -0.000000000000000000 ) ) ;
#2274 = SURFACE_SIDE_STYLE ('',( #486 ) ) ;
#2275 = VERTEX_POINT ( 'NONE', #885 ) ;
#2276 = DIRECTION ( 'NONE',  ( 0.000000000000000000, 0.000000000000000000, 1.000000000000000000 ) ) ;
#2277 = CARTESIAN_POINT ( 'NONE',  ( -657.4168213242693355, 834.4822226882110954, -22.00000000000000711 ) ) ;
#2278 = CARTESIAN_POINT ( 'NONE',  ( -603.4158213242692455, 820.4822226882109817, -15.89999999999998970 ) ) ;
#2279 = CARTESIAN_POINT ( 'NONE',  ( -662.1808204612859754, 788.0297254769967594, -1.414375173140604458 ) ) ;
#2280 = ADVANCED_FACE ( 'NONE', ( #1764 ), #2655, .T. ) ;
#2281 = CARTESIAN_POINT ( 'NONE',  ( -608.4168213242693355, 770.4822226882110954, -22.00000000000000711 ) ) ;
#2282 = VERTEX_POINT ( 'NONE', #1782 ) ;
#2283 = DIRECTION ( 'NONE',  ( 0.000000000000000000, -0.8660254037844351549, -0.5000000000000061062 ) ) ;
#2284 = DIRECTION ( 'NONE',  ( -0.000000000000000000, -1.000000000000000000, -0.000000000000000000 ) ) ;
#2285 = VECTOR ( 'NONE', #1172, 1000.000000000000000 ) ;
#2286 = CARTESIAN_POINT ( 'NONE',  ( -657.4168213242693355, 839.4822226882110954, -22.00000000000000711 ) ) ;
#2287 = ORIENTED_EDGE ( 'NONE', *, *, #239, .F. ) ;
#2288 = EDGE_CURVE ( 'NONE', #2165, #1025, #1384, .T. ) ;
#2289 = CARTESIAN_POINT ( 'NONE',  ( -663.9168213242693355, 820.4822226882109817, -1.300000000000007816 ) ) ;
#2290 = AXIS2_PLACEMENT_3D ( 'NONE', #2114, #2800, #1860 ) ;
#2291 = LINE ( 'NONE', #1197, #2058 ) ;
#2292 = CARTESIAN_POINT ( 'NONE',  ( -662.1329061462879508, 788.7443827616833687, -18.67627136009603461 ) ) ;
#2293 = CARTESIAN_POINT ( 'NONE',  ( -660.4168213242693355, 797.4322226882110272, -9.999999999999904077 ) ) ;
#2294 = CARTESIAN_POINT ( 'NONE',  ( -662.2154255178780886, 787.6721291597481240, -1.482540738191622021 ) ) ;
#2295 = CARTESIAN_POINT ( 'NONE',  ( -609.8168213242693128, 839.4822226882110954, 2.000999999999999446 ) ) ;
#2296 = ORIENTED_EDGE ( 'NONE', *, *, #2135, .F. ) ;
#2297 = FACE_OUTER_BOUND ( 'NONE', #1881, .T. ) ;
#2298 = PLANE ( 'NONE',  #342 ) ;
#2299 = DIRECTION ( 'NONE',  ( 0.000000000000000000, -0.8660254037844357100, 0.5000000000000052180 ) ) ;
#2300 = ORIENTED_EDGE ( 'NONE', *, *, #1402, .T. ) ;
#2301 = CARTESIAN_POINT ( 'NONE',  ( -652.4168213242693355, 770.4822226882110954, -22.00000000000000711 ) ) ;
#2302 = DIRECTION ( 'NONE',  ( 0.000000000000000000, -0.5000000000000048850, 0.8660254037844358210 ) ) ;
#2303 = EDGE_CURVE ( 'NONE', #2852, #557, #2246, .T. ) ;
#2304 = CARTESIAN_POINT ( 'NONE',  ( -658.4564279104794196, 787.4321886877678480, -18.46674223014354865 ) ) ;
#2305 = DIRECTION ( 'NONE',  ( 1.978394339815381497E-14, 0.8759124087591201313, 0.4824701567784229761 ) ) ;
#2306 = CARTESIAN_POINT ( 'NONE',  ( -660.4168213242693355, 793.4572226882110044, -3.115098039913708927 ) ) ;
#2307 = CARTESIAN_POINT ( 'NONE',  ( -662.3937565721806777, 785.9386515298718905, -2.045986099945237946 ) ) ;
#2308 = ORIENTED_EDGE ( 'NONE', *, *, #760, .T. ) ;
#2309 = AXIS2_PLACEMENT_3D ( 'NONE', #2481, #1340, #2449 ) ;
#2310 = VECTOR ( 'NONE', #1389, 1000.000000000000114 ) ;
#2311 = PLANE ( 'NONE',  #2198 ) ;
#2312 = VECTOR ( 'NONE', #1270, 1000.000000000000000 ) ;
#2313 = ADVANCED_FACE ( 'NONE', ( #919 ), #2707, .F. ) ;
#2314 = CARTESIAN_POINT ( 'NONE',  ( -655.4168213242693355, 816.5072226882110726, -3.115098039913706263 ) ) ;
#2315 = CARTESIAN_POINT ( 'NONE',  ( -655.4168213242693355, 837.4822226882110954, -22.00000000000000711 ) ) ;
#2316 = VERTEX_POINT ( 'NONE', #441 ) ;
#2317 = CARTESIAN_POINT ( 'NONE',  ( -603.4168213242693355, 839.4822226882110954, -22.00000000000000711 ) ) ;
#2318 = DIRECTION ( 'NONE',  ( 0.000000000000000000, 0.000000000000000000, 1.000000000000000000 ) ) ;
#2319 = EDGE_CURVE ( 'NONE', #381, #1934, #1157, .T. ) ;
#2320 = DIRECTION ( 'NONE',  ( -1.000000000000000000, 0.000000000000000000, 0.000000000000000000 ) ) ;
#2321 = CIRCLE ( 'NONE', #1203, 5.000000000000004441 ) ;
#2322 = DIRECTION ( 'NONE',  ( 0.000000000000000000, -0.4824701567784035472, -0.8759124087591307894 ) ) ;
#2323 = CARTESIAN_POINT ( 'NONE',  ( -632.9168213242693355, 839.4822226882110954, -22.00000000000000711 ) ) ;
#2324 = ORIENTED_EDGE ( 'NONE', *, *, #709, .F. ) ;
#2325 = DIRECTION ( 'NONE',  ( 0.000000000000000000, 0.000000000000000000, 1.000000000000000000 ) ) ;
#2326 = CARTESIAN_POINT ( 'NONE',  ( -657.4168213242693355, 770.4822226882110954, -22.00000000000000711 ) ) ;
#2327 = DIRECTION ( 'NONE',  ( -0.000000000000000000, -0.000000000000000000, 1.000000000000000000 ) ) ;
#2328 = VERTEX_POINT ( 'NONE', #1126 ) ;
#2329 = CARTESIAN_POINT ( 'NONE',  ( -610.4168213242693355, 819.4822226882109817, -6.000000000000000000 ) ) ;
#2330 = DIRECTION ( 'NONE',  ( 0.000000000000000000, -1.000000000000000000, 0.000000000000000000 ) ) ;
#2331 = EDGE_CURVE ( 'NONE', #2827, #1973, #2042, .T. ) ;
#2332 = VECTOR ( 'NONE', #534, 1000.000000000000000 ) ;
#2333 = CARTESIAN_POINT ( 'NONE',  ( -657.4168213242692218, 795.0694831795416349, -22.00000000000098055 ) ) ;
#2334 = CARTESIAN_POINT ( 'NONE',  ( -616.6112780459449141, 770.4822226882110954, -5.083984878006998720 ) ) ;
#2335 = CIRCLE ( 'NONE', #2573, 8.699999999999993960 ) ;
#2336 = DIRECTION ( 'NONE',  ( 0.000000000000000000, 0.000000000000000000, 1.000000000000000000 ) ) ;
#2337 = EDGE_CURVE ( 'NONE', #1741, #2363, #863, .T. ) ;
#2338 = ORIENTED_EDGE ( 'NONE', *, *, #763, .F. ) ;
#2339 = CARTESIAN_POINT ( 'NONE',  ( -657.4168213242692218, 783.8949621968805559, 2.000000000000973444 ) ) ;
#2340 = FACE_BOUND ( 'NONE', #401, .T. ) ;
#2341 = ADVANCED_FACE ( 'NONE', ( #1539 ), #2432, .F. ) ;
#2342 = EDGE_CURVE ( 'NONE', #1480, #2743, #989, .T. ) ;
#2343 = ORIENTED_EDGE ( 'NONE', *, *, #1191, .T. ) ;
#2344 = CARTESIAN_POINT ( 'NONE',  ( -634.7451177861813676, 837.9544134144067584, -17.00000000000000711 ) ) ;
#2345 = LINE ( 'NONE', #1874, #2332 ) ;
#2346 = CARTESIAN_POINT ( 'NONE',  ( -658.5916074863434915, 788.6343879860208972, -18.66866107492834814 ) ) ;
#2347 = ORIENTED_EDGE ( 'NONE', *, *, #442, .T. ) ;
#2348 = CARTESIAN_POINT ( 'NONE',  ( -657.4168213242693355, 770.4822226882110954, 0.000000000000000000 ) ) ;
#2349 = ADVANCED_FACE ( 'NONE', ( #1884, #2774 ), #2536, .T. ) ;
#2350 = DIRECTION ( 'NONE',  ( -1.000000000000000000, 0.000000000000000000, 0.000000000000000000 ) ) ;
#2351 = EDGE_CURVE ( 'NONE', #707, #1872, #2097, .T. ) ;
#2352 = VECTOR ( 'NONE', #2792, 1000.000000000000000 ) ;
#2353 = CARTESIAN_POINT ( 'NONE',  ( -657.4168213242693355, 770.4822226882110954, -22.00000000000000711 ) ) ;
#2354 = CARTESIAN_POINT ( 'NONE',  ( -657.4168213242693355, 813.8723815403466233, 2.000000000000000000 ) ) ;
#2355 = AXIS2_PLACEMENT_3D ( 'NONE', #2027, #1824, #1994 ) ;
#2356 = ORIENTED_EDGE ( 'NONE', *, *, #31, .F. ) ;
#2357 = LINE ( 'NONE', #589, #400 ) ;
#2358 = CARTESIAN_POINT ( 'NONE',  ( -660.4168213242693355, 820.4822226882109817, -15.89999999999998970 ) ) ;
#2359 = VECTOR ( 'NONE', #164, 1000.000000000000000 ) ;
#2360 = DIRECTION ( 'NONE',  ( -1.000000000000000000, -0.000000000000000000, -0.000000000000000000 ) ) ;
#2361 = ORIENTED_EDGE ( 'NONE', *, *, #1316, .T. ) ;
#2362 = DIRECTION ( 'NONE',  ( 0.000000000000000000, -0.000000000000000000, 1.000000000000000000 ) ) ;
#2363 = VERTEX_POINT ( 'NONE', #1664 ) ;
#2364 = ADVANCED_BREP_SHAPE_REPRESENTATION ( 'Enclosure', ( #394, #1108 ), #2594 ) ;
#2365 = EDGE_LOOP ( 'NONE', ( #2550, #1675, #2587, #2218 ) ) ;
#2366 = DIRECTION ( 'NONE',  ( -0.000000000000000000, -0.000000000000000000, 1.000000000000000000 ) ) ;
#2367 = ADVANCED_FACE ( 'NONE', ( #307 ), #321, .F. ) ;
#2368 = CARTESIAN_POINT ( 'NONE',  ( -658.5916074863121139, 821.3300573904638213, -1.331338925079078583 ) ) ;
#2369 = CLOSED_SHELL ( 'NONE', ( #2653, #798, #88, #2280, #2607, #2834, #1089, #2154, #1809, #574, #2752, #2435, #269, #1310, #1627, #1015, #2367, #1293, #596, #971, #2229, #496, #2118, #2255, #510, #2131, #2041, #838, #1365, #749, #402, #57, #1589, #2460, #63, #866, #1139, #2134, #1703, #2658, #1041, #1338, #1617, #2018, #2341, #1736, #1488, #2620, #2558, #1299, #1305, #2560, #1458, #1616, #2196, #1695, #1060, #492, #1653, #281, #2313, #2374, #1644, #607, #300, #1838, #213, #1403, #2651, #1276, #1532, #577, #2349, #670, #1479, #2634, #2897, #566, #1138, #1000, #85, #2504 ) ) ;
#2370 = ORIENTED_EDGE ( 'NONE', *, *, #260, .T. ) ;
#2371 = FACE_OUTER_BOUND ( 'NONE', #1236, .T. ) ;
#2372 = CYLINDRICAL_SURFACE ( 'NONE', #895, 1.399999999999956835 ) ;
#2373 = PLANE ( 'NONE',  #742 ) ;
#2374 = ADVANCED_FACE ( 'NONE', ( #721 ), #530, .F. ) ;
#2375 = DIRECTION ( 'NONE',  ( -1.000000000000000000, -0.000000000000000000, -0.000000000000000000 ) ) ;
#2376 = ORIENTED_EDGE ( 'NONE', *, *, #2137, .F. ) ;
#2377 = CARTESIAN_POINT ( 'NONE',  ( -662.1189485024729038, 789.4822226882110954, -18.69999999999999929 ) ) ;
#2378 = ORIENTED_EDGE ( 'NONE', *, *, #1272, .F. ) ;
#2379 = AXIS2_PLACEMENT_3D ( 'NONE', #299, #70, #2793 ) ;
#2380 = ORIENTED_EDGE ( 'NONE', *, *, #2123, .T. ) ;
#2381 = AXIS2_PLACEMENT_3D ( 'NONE', #2636, #1706, #2859 ) ;
#2382 = CARTESIAN_POINT ( 'NONE',  ( -656.0168213242694719, 770.4822226882110954, -22.00000000000000711 ) ) ;
#2383 = CIRCLE ( 'NONE', #2767, 4.000000000000001776 ) ;
#2384 = AXIS2_PLACEMENT_3D ( 'NONE', #1406, #2754, #786 ) ;
#2385 = CARTESIAN_POINT ( 'NONE',  ( -657.8519773220164097, 816.7430881840714392, -2.134760505686658760 ) ) ;
#2386 = CARTESIAN_POINT ( 'NONE',  ( -660.4168213242693355, 793.4572226882110044, -3.115098039913708927 ) ) ;
#2387 = CARTESIAN_POINT ( 'NONE',  ( -658.8168213242693128, 839.4822226882110954, -22.00000000000000711 ) ) ;
#2388 = DIRECTION ( 'NONE',  ( 0.000000000000000000, -0.8660254037844409281, 0.4999999999999959477 ) ) ;
#2389 = PLANE ( 'NONE',  #2885 ) ;
#2390 = EDGE_CURVE ( 'NONE', #1872, #1944, #440, .T. ) ;
#2391 = DIRECTION ( 'NONE',  ( 0.000000000000000000, 0.000000000000000000, 1.000000000000000000 ) ) ;
#2392 = ORIENTED_EDGE ( 'NONE', *, *, #425, .T. ) ;
#2393 = EDGE_LOOP ( 'NONE', ( #2631, #2026, #1252, #888 ) ) ;
#2394 = VERTEX_POINT ( 'NONE', #2314 ) ;
#2395 = DIRECTION ( 'NONE',  ( 0.000000000000000000, -0.4824701567784235312, -0.8759124087591199093 ) ) ;
#2396 = CARTESIAN_POINT ( 'NONE',  ( -657.4168213242670618, 819.9092521997035874, 2.000000000006451728 ) ) ;
#2397 = CARTESIAN_POINT ( 'NONE',  ( -657.8519773220166371, 824.2213571923504105, -17.86523949432285363 ) ) ;
#2398 = DIRECTION ( 'NONE',  ( -0.000000000000000000, -0.000000000000000000, -1.000000000000000000 ) ) ;
#2399 = LINE ( 'NONE', #391, #1773 ) ;
#2400 = ORIENTED_EDGE ( 'NONE', *, *, #143, .F. ) ;
#2401 = VECTOR ( 'NONE', #1649, 1000.000000000000000 ) ;
#2402 = CIRCLE ( 'NONE', #2826, 1.532046148965626742 ) ;
#2403 = ORIENTED_EDGE ( 'NONE', *, *, #883, .F. ) ;
#2404 = EDGE_CURVE ( 'NONE', #2002, #1329, #76, .T. ) ;
#2405 = DIRECTION ( 'NONE',  ( 1.000000000000000000, -0.000000000000000000, -0.000000000000000000 ) ) ;
#2406 = DIRECTION ( 'NONE',  ( 1.000000000000000000, 0.000000000000000000, 0.000000000000000000 ) ) ;
#2407 = EDGE_LOOP ( 'NONE', ( #680, #2054 ) ) ;
#2408 = ORIENTED_EDGE ( 'NONE', *, *, #1923, .F. ) ;
#2409 = VERTEX_POINT ( 'NONE', #2761 ) ;
#2410 = DIRECTION ( 'NONE',  ( 0.000000000000000000, 0.000000000000000000, 1.000000000000000000 ) ) ;
#2411 = CARTESIAN_POINT ( 'NONE',  ( -657.4168213242717229, 821.0701986979254343, 1.999999999993538724 ) ) ;
#2412 = CARTESIAN_POINT ( 'NONE',  ( -657.4168213242692218, 826.0694831795415212, -22.00000000000098055 ) ) ;
#2413 = LINE ( 'NONE', #1302, #1540 ) ;
#2414 = CARTESIAN_POINT ( 'NONE',  ( -603.4158213242692455, 789.4822226882110954, -4.100000000000012079 ) ) ;
#2415 = EDGE_LOOP ( 'NONE', ( #2603, #1294, #436, #2437, #914, #563 ) ) ;
#2416 = ORIENTED_EDGE ( 'NONE', *, *, #1435, .F. ) ;
#2417 = DIRECTION ( 'NONE',  ( 0.000000000000000000, 0.000000000000000000, 1.000000000000000000 ) ) ;
#2418 = DIRECTION ( 'NONE',  ( 0.000000000000000000, 0.000000000000000000, 1.000000000000000000 ) ) ;
#2419 = EDGE_CURVE ( 'NONE', #2713, #2838, #2223, .T. ) ;
#2420 = EDGE_LOOP ( 'NONE', ( #2213, #117, #1581 ) ) ;
#2421 = CIRCLE ( 'NONE', #2901, 1.399999999999956835 ) ;
#2422 = ORIENTED_EDGE ( 'NONE', *, *, #1003, .F. ) ;
#2423 = ORIENTED_EDGE ( 'NONE', *, *, #1937, .F. ) ;
#2424 = LINE ( 'NONE', #2853, #369 ) ;
#2425 = APPLICATION_PROTOCOL_DEFINITION ( 'draft international standard', 'automotive_design', 1998, #1702 ) ;
#2426 = VECTOR ( 'NONE', #195, 1000.000000000000000 ) ;
#2427 = EDGE_LOOP ( 'NONE', ( #251, #29, #2783, #1529 ) ) ;
#2428 = VECTOR ( 'NONE', #1814, 1000.000000000000000 ) ;
#2429 = CIRCLE ( 'NONE', #1689, 8.699999999999993960 ) ;
#2430 = CARTESIAN_POINT ( 'NONE',  ( -655.4168213242693355, 837.4822226882110954, -22.00000000000000711 ) ) ;
#2431 = CARTESIAN_POINT ( 'NONE',  ( -662.3315179229870182, 817.6094806115715983, -18.22013792099398088 ) ) ;
#2432 = PLANE ( 'NONE',  #71 ) ;
#2433 = DIRECTION ( 'NONE',  ( 0.000000000000000000, -0.5000000000000003331, 0.8660254037844383745 ) ) ;
#2434 = VERTEX_POINT ( 'NONE', #2786 ) ;
#2435 = ADVANCED_FACE ( 'NONE', ( #1425 ), #2507, .T. ) ;
#2436 = EDGE_CURVE ( 'NONE', #762, #899, #2548, .T. ) ;
#2437 = ORIENTED_EDGE ( 'NONE', *, *, #634, .F. ) ;
#2438 = EDGE_CURVE ( 'NONE', #899, #355, #1677, .T. ) ;
#2439 = CARTESIAN_POINT ( 'NONE',  ( -655.4168213242693355, 816.5072226882110726, -16.88490196008607569 ) ) ;
#2440 = DIRECTION ( 'NONE',  ( 0.000000000000000000, 0.000000000000000000, 1.000000000000000000 ) ) ;
#2441 = EDGE_LOOP ( 'NONE', ( #1264, #960 ) ) ;
#2442 = ORIENTED_EDGE ( 'NONE', *, *, #1410, .F. ) ;
#2443 = DIRECTION ( 'NONE',  ( -0.000000000000000000, 0.000000000000000000, -1.000000000000000000 ) ) ;
#2444 = EDGE_CURVE ( 'NONE', #2125, #2207, #1451, .T. ) ;
#2445 = CARTESIAN_POINT ( 'NONE',  ( -663.9168213242693355, 820.4822226882109817, -10.00000000000000178 ) ) ;
#2446 = EDGE_LOOP ( 'NONE', ( #228, #648, #230, #970 ) ) ;
#2447 = DIRECTION ( 'NONE',  ( 1.000000000000000000, 0.000000000000000000, 0.000000000000000000 ) ) ;
#2448 = CARTESIAN_POINT ( 'NONE',  ( -658.2819510043444780, 817.6951071460485991, -18.25509764303239990 ) ) ;
#2449 = DIRECTION ( 'NONE',  ( 0.000000000000000000, 0.5000000000000053291, 0.8660254037844355990 ) ) ;
#2450 = LINE ( 'NONE', #711, #1352 ) ;
#2451 = ORIENTED_EDGE ( 'NONE', *, *, #851, .T. ) ;
#2452 = ORIENTED_EDGE ( 'NONE', *, *, #822, .T. ) ;
#2453 = CYLINDRICAL_SURFACE ( 'NONE', #1747, 6.699999999999994849 ) ;
#2454 = CARTESIAN_POINT ( 'NONE',  ( -660.4168213242693355, 781.5322226882110499, -10.00000000000000888 ) ) ;
#2455 = VECTOR ( 'NONE', #2513, 1000.000000000000114 ) ;
#2456 = ORIENTED_EDGE ( 'NONE', *, *, #2873, .T. ) ;
#2457 = CARTESIAN_POINT ( 'NONE',  ( -663.2168213242692900, 820.4822226882109817, -3.300000000000006928 ) ) ;
#2458 = AXIS2_PLACEMENT_3D ( 'NONE', #2502, #1239, #1932 ) ;
#2459 = CARTESIAN_POINT ( 'NONE',  ( -607.0168213242693582, 839.4822226882110954, -22.00000000000000711 ) ) ;
#2460 = ADVANCED_FACE ( 'NONE', ( #2340, #334, #2122, #282, #1180, #1855 ), #2298, .T. ) ;
#2461 = ORIENTED_EDGE ( 'NONE', *, *, #210, .F. ) ;
#2462 = CIRCLE ( 'NONE', #630, 13.69999999999999396 ) ;
#2463 = DIRECTION ( 'NONE',  ( 0.000000000000000000, 1.000000000000000000, 0.000000000000000000 ) ) ;
#2464 = ORIENTED_EDGE ( 'NONE', *, *, #2225, .T. ) ;
#2465 = AXIS2_PLACEMENT_3D ( 'NONE', #1679, #2568, #564 ) ;
#2466 = CARTESIAN_POINT ( 'NONE',  ( -657.4168213242694492, 815.9584794181856751, -21.99999999999902300 ) ) ;
#2467 = CYLINDRICAL_SURFACE ( 'NONE', #94, 5.000000000000004441 ) ;
#2468 = CARTESIAN_POINT ( 'NONE',  ( -608.4168213242693355, 770.4822226882110954, 2.000000000000000000 ) ) ;
#2469 = ORIENTED_EDGE ( 'NONE', *, *, #604, .F. ) ;
#2470 = ORIENTED_EDGE ( 'NONE', *, *, #354, .F. ) ;
#2471 = DIRECTION ( 'NONE',  ( 1.000000000000000000, -0.000000000000000000, -0.000000000000000000 ) ) ;
#2472 = DIRECTION ( 'NONE',  ( 0.000000000000000000, -1.000000000000000000, 3.273063162220431248E-16 ) ) ;
#2473 = EDGE_CURVE ( 'NONE', #2085, #990, #1334, .T. ) ;
#2474 = CIRCLE ( 'NONE', #173, 6.699999999999994849 ) ;
#2475 = ORIENTED_EDGE ( 'NONE', *, *, #330, .F. ) ;
#2476 = CARTESIAN_POINT ( 'NONE',  ( -662.1324983879563888, 788.7525384132736690, -1.323003821881739039 ) ) ;
#2477 = FACE_OUTER_BOUND ( 'NONE', #1655, .T. ) ;
#2478 = VERTEX_POINT ( 'NONE', #850 ) ;
#2479 = CIRCLE ( 'NONE', #1642, 4.049999999999998046 ) ;
#2480 = VECTOR ( 'NONE', #744, 1000.000000000000000 ) ;
#2481 = CARTESIAN_POINT ( 'NONE',  ( -660.4168213242693355, 793.4572226882108907, -16.88490196008639188 ) ) ;
#2482 = DIRECTION ( 'NONE',  ( -1.000000000000000000, 0.000000000000000000, 0.000000000000000000 ) ) ;
#2483 = ORIENTED_EDGE ( 'NONE', *, *, #202, .F. ) ;
#2484 = CARTESIAN_POINT ( 'NONE',  ( -660.4168213242693355, 781.5322226882110499, -10.00000000000000888 ) ) ;
#2485 = CARTESIAN_POINT ( 'NONE',  ( -663.9168213242693355, 820.4822226882109817, -3.300000000000006928 ) ) ;
#2486 = VERTEX_POINT ( 'NONE', #615 ) ;
#2487 = LINE ( 'NONE', #2457, #2757 ) ;
#2488 = CARTESIAN_POINT ( 'NONE',  ( -657.4168213242693355, 796.0920638360754538, 2.000000000000000000 ) ) ;
#2489 = DIRECTION ( 'NONE',  ( 0.000000000000000000, 0.000000000000000000, 1.000000000000000000 ) ) ;
#2490 = ORIENTED_EDGE ( 'NONE', *, *, #1554, .F. ) ;
#2491 = DIRECTION ( 'NONE',  ( 0.000000000000000000, 0.000000000000000000, 1.000000000000000000 ) ) ;
#2492 = FACE_OUTER_BOUND ( 'NONE', #2775, .T. ) ;
#2493 = CARTESIAN_POINT ( 'NONE',  ( -662.1189485024729038, 820.4822226882109817, -1.300000000000008260 ) ) ;
#2494 = ORIENTED_EDGE ( 'NONE', *, *, #256, .T. ) ;
#2495 = DIRECTION ( 'NONE',  ( -0.000000000000000000, -0.000000000000000000, -1.000000000000000000 ) ) ;
#2496 = DIRECTION ( 'NONE',  ( -6.570075613260705730E-15, 0.8759124087591184660, 0.4824701567784263623 ) ) ;
#2497 = EDGE_CURVE ( 'NONE', #454, #1162, #1427, .T. ) ;
#2498 = VERTEX_POINT ( 'NONE', #375 ) ;
#2499 = CARTESIAN_POINT ( 'NONE',  ( -657.4168213242670618, 788.9092521997358745, 2.000000000006452172 ) ) ;
#2500 = AXIS2_PLACEMENT_3D ( 'NONE', #1794, #437, #2228 ) ;
#2501 = AXIS2_PLACEMENT_3D ( 'NONE', #2854, #2350, #1743 ) ;
#2502 = CARTESIAN_POINT ( 'NONE',  ( -663.9168213242693355, 789.4822226882110954, -10.00000000000000178 ) ) ;
#2503 = ORIENTED_EDGE ( 'NONE', *, *, #933, .F. ) ;
#2504 = ADVANCED_FACE ( 'NONE', ( #2139 ), #1418, .F. ) ;
#2505 = AXIS2_PLACEMENT_3D ( 'NONE', #2020, #907, #1345 ) ;
#2506 = CARTESIAN_POINT ( 'NONE',  ( -660.4168213242693355, 812.5322226882111636, -9.999999999999982236 ) ) ;
#2507 = CYLINDRICAL_SURFACE ( 'NONE', #2592, 5.000000000000004441 ) ;
#2508 = DIRECTION ( 'NONE',  ( 1.000000000000000000, 0.000000000000000000, 0.000000000000000000 ) ) ;
#2509 = ORIENTED_EDGE ( 'NONE', *, *, #1793, .F. ) ;
#2510 = DIRECTION ( 'NONE',  ( -0.000000000000000000, -0.000000000000000000, -1.000000000000000000 ) ) ;
#2511 = LINE ( 'NONE', #2454, #133 ) ;
#2512 = CARTESIAN_POINT ( 'NONE',  ( -658.6100553360483900, 789.8991270355545566, -18.70025905782401310 ) ) ;
#2513 = DIRECTION ( 'NONE',  ( 0.000000000000000000, 0.5000000000000059952, -0.8660254037844351549 ) ) ;
#2514 = CARTESIAN_POINT ( 'NONE',  ( -657.4168213242694492, 784.9638365543726195, 1.999999999999018119 ) ) ;
#2515 = AXIS2_PLACEMENT_3D ( 'NONE', #1955, #2172, #163 ) ;
#2516 = CARTESIAN_POINT ( 'NONE',  ( -662.1189485024729038, 789.4822226882110954, -1.300000000000008260 ) ) ;
#2517 = ORIENTED_EDGE ( 'NONE', *, *, #421, .T. ) ;
#2518 = AXIS2_PLACEMENT_3D ( 'NONE', #1574, #2675, #238 ) ;
#2519 = LINE ( 'NONE', #2082, #418 ) ;
#2520 = CARTESIAN_POINT ( 'NONE',  ( -622.3647516641965467, 781.8170033656813303, -2.019892580075744792 ) ) ;
#2521 = CIRCLE ( 'NONE', #232, 4.999999999999998224 ) ;
#2522 = CARTESIAN_POINT ( 'NONE',  ( -632.4586247044031779, 837.4822226882110954, -15.00000000000000711 ) ) ;
#2523 = ORIENTED_EDGE ( 'NONE', *, *, #2048, .F. ) ;
#2524 = CARTESIAN_POINT ( 'NONE',  ( -662.4168213242693355, 820.4822226882109817, -10.00000000000000178 ) ) ;
#2525 = VECTOR ( 'NONE', #1748, 1000.000000000000000 ) ;
#2526 = LINE ( 'NONE', #1417, #366 ) ;
#2527 = AXIS2_PLACEMENT_3D ( 'NONE', #16, #2740, #257 ) ;
#2528 = EDGE_CURVE ( 'NONE', #819, #2498, #2183, .T. ) ;
#2529 = CARTESIAN_POINT ( 'NONE',  ( -662.4168213242693355, 785.2847323242389166, -17.62043795620438047 ) ) ;
#2530 = LINE ( 'NONE', #1684, #388 ) ;
#2531 = DIRECTION ( 'NONE',  ( 1.000000000000000000, 0.000000000000000000, 0.000000000000000000 ) ) ;
#2532 = EDGE_CURVE ( 'NONE', #2602, #754, #2268, .T. ) ;
#2533 = DIRECTION ( 'NONE',  ( 1.000000000000000000, -0.000000000000000000, -0.000000000000000000 ) ) ;
#2534 = ORIENTED_EDGE ( 'NONE', *, *, #1882, .T. ) ;
#2535 = CYLINDRICAL_SURFACE ( 'NONE', #1595, 1.532046148965626742 ) ;
#2536 = PLANE ( 'NONE',  #1057 ) ;
#2537 = PLANE ( 'NONE',  #2797 ) ;
#2538 = EDGE_LOOP ( 'NONE', ( #1084, #2715, #2643 ) ) ;
#2539 = DIRECTION ( 'NONE',  ( 0.000000000000000000, 0.000000000000000000, -1.000000000000000000 ) ) ;
#2540 = DIRECTION ( 'NONE',  ( -0.000000000000000000, -0.000000000000000000, -1.000000000000000000 ) ) ;
#2541 = CARTESIAN_POINT ( 'NONE',  ( -663.2168213242692900, 789.4822226882110954, -10.00000000000000178 ) ) ;
#2542 = FACE_OUTER_BOUND ( 'NONE', #622, .T. ) ;
#2543 = CARTESIAN_POINT ( 'NONE',  ( -658.8168213242693128, 770.4822226882110954, -22.00000000000000711 ) ) ;
#2544 = ORIENTED_EDGE ( 'NONE', *, *, #77, .F. ) ;
#2545 = VECTOR ( 'NONE', #2733, 1000.000000000000000 ) ;
#2546 = AXIS2_PLACEMENT_3D ( 'NONE', #2572, #553, #2116 ) ;
#2547 = LINE ( 'NONE', #101, #184 ) ;
#2548 = LINE ( 'NONE', #546, #1939 ) ;
#2549 = DIRECTION ( 'NONE',  ( 1.000000000000000000, 0.000000000000000000, 0.000000000000000000 ) ) ;
#2550 = ORIENTED_EDGE ( 'NONE', *, *, #2622, .F. ) ;
#2551 = AXIS2_PLACEMENT_3D ( 'NONE', #136, #2582, #1927 ) ;
#2552 = CARTESIAN_POINT ( 'NONE',  ( -633.1764570431527090, 837.4822226882110954, -15.00000000000000711 ) ) ;
#2553 = CARTESIAN_POINT ( 'NONE',  ( -630.7451177861813676, 837.4822226882110954, -19.00000000000000711 ) ) ;
#2554 = CARTESIAN_POINT ( 'NONE',  ( -658.5164723246596168, 791.1317918704586418, -18.55427061974301495 ) ) ;
#2555 = LINE ( 'NONE', #2334, #1058 ) ;
#2556 = CIRCLE ( 'NONE', #2837, 4.049999999999998046 ) ;
#2557 = DIRECTION ( 'NONE',  ( 1.000000000000000000, -0.000000000000000000, -0.000000000000000000 ) ) ;
#2558 = ADVANCED_FACE ( 'NONE', ( #2703 ), #1569, .F. ) ;
#2559 = CARTESIAN_POINT ( 'NONE',  ( -663.9168213242693355, 820.4822226882109817, -10.00000000000000178 ) ) ;
#2560 = ADVANCED_FACE ( 'NONE', ( #881 ), #1107, .F. ) ;
#2561 = VERTEX_POINT ( 'NONE', #1336 ) ;
#2562 = AXIS2_PLACEMENT_3D ( 'NONE', #79, #1222, #1182 ) ;
#2563 = CARTESIAN_POINT ( 'NONE',  ( -662.3941064324859553, 785.9341083616234300, -2.048006328376645868 ) ) ;
#2564 = CARTESIAN_POINT ( 'NONE',  ( -655.4168213242693355, 824.4572226882111181, -16.88490196008607569 ) ) ;
#2565 = LINE ( 'NONE', #519, #886 ) ;
#2566 = ORIENTED_EDGE ( 'NONE', *, *, #59, .F. ) ;
#2567 = EDGE_CURVE ( 'NONE', #2889, #2165, #1779, .T. ) ;
#2568 = DIRECTION ( 'NONE',  ( 0.000000000000000000, 0.000000000000000000, 1.000000000000000000 ) ) ;
#2569 = DIRECTION ( 'NONE',  ( -1.000000000000000000, 0.000000000000000000, 0.000000000000000000 ) ) ;
#2570 = AXIS2_PLACEMENT_3D ( 'NONE', #2348, #1660, #1024 ) ;
#2571 = CARTESIAN_POINT ( 'NONE',  ( -657.4168213242692218, 783.8897970227999394, -22.00000000000098055 ) ) ;
#2572 = CARTESIAN_POINT ( 'NONE',  ( -660.4168213242693355, 820.4822226882109817, -10.00000000000000178 ) ) ;
#2573 = AXIS2_PLACEMENT_3D ( 'NONE', #114, #1518, #1975 ) ;
#2574 = FACE_BOUND ( 'NONE', #2023, .T. ) ;
#2575 = EDGE_CURVE ( 'NONE', #2640, #2098, #1121, .T. ) ;
#2576 = LINE ( 'NONE', #807, #302 ) ;
#2577 = CARTESIAN_POINT ( 'NONE',  ( -662.4168213205348366, 785.6045683678288469, -2.203389923671352335 ) ) ;
#2578 = CARTESIAN_POINT ( 'NONE',  ( -662.1813897340638277, 821.9411369052044165, -1.415498746075469327 ) ) ;
#2579 = ORIENTED_EDGE ( 'NONE', *, *, #1008, .T. ) ;
#2580 = DIRECTION ( 'NONE',  ( 0.000000000000000000, 0.000000000000000000, 1.000000000000000000 ) ) ;
#2581 = DIRECTION ( 'NONE',  ( -0.000000000000000000, 1.000000000000000000, -0.000000000000000000 ) ) ;
#2582 = DIRECTION ( 'NONE',  ( -1.000000000000000000, -0.000000000000000000, -0.000000000000000000 ) ) ;
#2583 = VERTEX_POINT ( 'NONE', #900 ) ;
#2584 = CARTESIAN_POINT ( 'NONE',  ( -662.4168213242693355, 789.4822226882110954, -10.00000000000000178 ) ) ;
#2585 = EDGE_CURVE ( 'NONE', #2640, #2852, #488, .T. ) ;
#2586 = EDGE_LOOP ( 'NONE', ( #1928, #2324, #1739, #701 ) ) ;
#2587 = ORIENTED_EDGE ( 'NONE', *, *, #1952, .T. ) ;
#2588 = DIRECTION ( 'NONE',  ( 1.000000000000000000, 0.000000000000000000, -0.000000000000000000 ) ) ;
#2589 = EDGE_CURVE ( 'NONE', #702, #2266, #1282, .T. ) ;
#2590 = CARTESIAN_POINT ( 'NONE',  ( -662.4168213205348366, 816.6045683678283922, -2.203389923671588146 ) ) ;
#2591 = EDGE_CURVE ( 'NONE', #2583, #1204, #2686, .T. ) ;
#2592 = AXIS2_PLACEMENT_3D ( 'NONE', #1636, #752, #1206 ) ;
#2593 = EDGE_LOOP ( 'NONE', ( #1559, #292, #1106, #2034, #2356 ) ) ;
#2594 =( GEOMETRIC_REPRESENTATION_CONTEXT ( 3 ) GLOBAL_UNCERTAINTY_ASSIGNED_CONTEXT ( ( #55 ) ) GLOBAL_UNIT_ASSIGNED_CONTEXT ( ( #331, #343, #1760 ) ) REPRESENTATION_CONTEXT ( 'NONE', 'WORKASPACE' ) );
#2595 = CARTESIAN_POINT ( 'NONE',  ( -657.4168213242693355, 827.0920638360753401, -22.00000000000000711 ) ) ;
#2596 = LINE ( 'NONE', #840, #1257 ) ;
#2597 = CARTESIAN_POINT ( 'NONE',  ( -660.4168213242693355, 785.5072226882111863, -3.115098039913708927 ) ) ;
#2598 = AXIS2_PLACEMENT_3D ( 'NONE', #1291, #592, #2190 ) ;
#2599 = DIRECTION ( 'NONE',  ( -1.000000000000000000, 0.000000000000000000, 0.000000000000000000 ) ) ;
#2600 = VERTEX_POINT ( 'NONE', #452 ) ;
#2601 = DIRECTION ( 'NONE',  ( 0.000000000000000000, 0.000000000000000000, 1.000000000000000000 ) ) ;
#2602 = VERTEX_POINT ( 'NONE', #2872 ) ;
#2603 = ORIENTED_EDGE ( 'NONE', *, *, #788, .F. ) ;
#2604 = LINE ( 'NONE', #2152, #865 ) ;
#2605 = CARTESIAN_POINT ( 'NONE',  ( -657.4168213242691081, 826.0746483536222513, 2.000000000001217693 ) ) ;
#2606 = CIRCLE ( 'NONE', #880, 1.399999999999956835 ) ;
#2607 = ADVANCED_FACE ( 'NONE', ( #913 ), #1762, .F. ) ;
#2608 = AXIS2_PLACEMENT_3D ( 'NONE', #2209, #2443, #434 ) ;
#2609 = ORIENTED_EDGE ( 'NONE', *, *, #634, .T. ) ;
#2610 = DIRECTION ( 'NONE',  ( 0.000000000000000000, -0.5000000000000048850, 0.8660254037844358210 ) ) ;
#2611 = CARTESIAN_POINT ( 'NONE',  ( -608.4168213242693355, 834.4822226882110954, -22.00000000000000711 ) ) ;
#2612 = CYLINDRICAL_SURFACE ( 'NONE', #774, 5.899999999999989697 ) ;
#2613 = DIRECTION ( 'NONE',  ( 1.000000000000000000, -0.000000000000000000, -0.000000000000000000 ) ) ;
#2614 = CARTESIAN_POINT ( 'NONE',  ( -632.8175408737779435, 841.5162875344128679, -15.00000000000000711 ) ) ;
#2615 = VERTEX_POINT ( 'NONE', #1536 ) ;
#2616 = ORIENTED_EDGE ( 'NONE', *, *, #980, .T. ) ;
#2617 = ORIENTED_EDGE ( 'NONE', *, *, #2438, .F. ) ;
#2618 = AXIS2_PLACEMENT_3D ( 'NONE', #190, #1507, #578 ) ;
#2619 = CARTESIAN_POINT ( 'NONE',  ( -662.4168213242693355, 785.2847323242389166, -17.62043795620438047 ) ) ;
#2620 = ADVANCED_FACE ( 'NONE', ( #19 ), #2008, .F. ) ;
#2621 = CARTESIAN_POINT ( 'NONE',  ( -658.1638413901540616, 817.3498524774169027, -1.872478155439719405 ) ) ;
#2622 = EDGE_CURVE ( 'NONE', #2204, #2282, #1810, .T. ) ;
#2623 = CARTESIAN_POINT ( 'NONE',  ( -632.8175408737779435, 841.5162875344128679, 2.000000000000000000 ) ) ;
#2624 = DIRECTION ( 'NONE',  ( -1.000000000000000000, -0.000000000000000000, -0.000000000000000000 ) ) ;
#2625 = CARTESIAN_POINT ( 'NONE',  ( -603.4158213242692455, 789.4822226882110954, -10.00000000000000178 ) ) ;
#2626 = ORIENTED_EDGE ( 'NONE', *, *, #2644, .T. ) ;
#2627 = CARTESIAN_POINT ( 'NONE',  ( -660.4168213242693355, 789.4822226882110954, -10.00000000000000178 ) ) ;
#2628 = CARTESIAN_POINT ( 'NONE',  ( -652.4168213242693355, 839.4822226882110954, -22.00000000000000711 ) ) ;
#2629 = ORIENTED_EDGE ( 'NONE', *, *, #2723, .T. ) ;
#2630 = ORIENTED_EDGE ( 'NONE', *, *, #778, .F. ) ;
#2631 = ORIENTED_EDGE ( 'NONE', *, *, #2473, .T. ) ;
#2632 = CARTESIAN_POINT ( 'NONE',  ( -660.4168213242693355, 816.5072226882110726, -16.88490196008607569 ) ) ;
#2633 = CARTESIAN_POINT ( 'NONE',  ( -657.4168213242694492, 815.9638365543725058, 1.999999999999018119 ) ) ;
#2634 = ADVANCED_FACE ( 'NONE', ( #2477 ), #1011, .F. ) ;
#2635 = CARTESIAN_POINT ( 'NONE',  ( -662.4168213205348366, 824.3598770085935712, -17.79661007632847713 ) ) ;
#2636 = CARTESIAN_POINT ( 'NONE',  ( -657.4168213242693355, 770.4822226882110954, 2.000000000000000000 ) ) ;
#2637 = CARTESIAN_POINT ( 'NONE',  ( -655.4168213242693355, 772.4822226882110954, 0.000000000000000000 ) ) ;
#2638 = VERTEX_POINT ( 'NONE', #1368 ) ;
#2639 = VECTOR ( 'NONE', #1422, 1000.000000000000000 ) ;
#2640 = VERTEX_POINT ( 'NONE', #643 ) ;
#2641 = CYLINDRICAL_SURFACE ( 'NONE', #116, 1.399999999999956835 ) ;
#2642 = LINE ( 'NONE', #1053, #2850 ) ;
#2643 = ORIENTED_EDGE ( 'NONE', *, *, #1656, .F. ) ;
#2644 = EDGE_CURVE ( 'NONE', #1820, #2486, #5, .T. ) ;
#2645 = ORIENTED_EDGE ( 'NONE', *, *, #1952, .F. ) ;
#2646 = ORIENTED_EDGE ( 'NONE', *, *, #1520, .F. ) ;
#2647 = CYLINDRICAL_SURFACE ( 'NONE', #896, 8.699999999999992184 ) ;
#2648 = VECTOR ( 'NONE', #891, 1000.000000000000000 ) ;
#2649 = EDGE_CURVE ( 'NONE', #1456, #472, #2650, .T. ) ;
#2650 = LINE ( 'NONE', #2430, #1806 ) ;
#2651 = ADVANCED_FACE ( 'NONE', ( #1319 ), #2214, .F. ) ;
#2652 = EDGE_CURVE ( 'NONE', #1456, #2234, #944, .T. ) ;
#2653 = ADVANCED_FACE ( 'NONE', ( #761 ), #276, .F. ) ;
#2654 = CARTESIAN_POINT ( 'NONE',  ( -657.4168213242702450, 819.3203368268975737, -21.99999999999734257 ) ) ;
#2655 = CYLINDRICAL_SURFACE ( 'NONE', #112, 8.699999999999992184 ) ;
#2656 = CARTESIAN_POINT ( 'NONE',  ( -662.4178213242694255, 819.4822226882109817, -14.00000000000000355 ) ) ;
#2657 = EDGE_LOOP ( 'NONE', ( #2731, #2836, #2094, #1381 ) ) ;
#2658 = ADVANCED_FACE ( 'NONE', ( #1176 ), #2066, .T. ) ;
#2659 = EDGE_LOOP ( 'NONE', ( #1438, #1309, #6, #2710 ) ) ;
#2660 = DIRECTION ( 'NONE',  ( 0.000000000000000000, -0.000000000000000000, -1.000000000000000000 ) ) ;
#2661 = DIRECTION ( 'NONE',  ( 0.000000000000000000, 0.000000000000000000, 1.000000000000000000 ) ) ;
#2662 = ORIENTED_EDGE ( 'NONE', *, *, #202, .T. ) ;
#2663 = AXIS2_PLACEMENT_3D ( 'NONE', #1001, #2299, #795 ) ;
#2664 = CARTESIAN_POINT ( 'NONE',  ( -662.4168213242694492, 793.3566848120610757, -17.79836840232765027 ) ) ;
#2665 = EDGE_CURVE ( 'NONE', #1140, #2072, #2875, .T. ) ;
#2666 = FACE_OUTER_BOUND ( 'NONE', #255, .T. ) ;
#2667 = CIRCLE ( 'NONE', #1593, 10.00000000000000888 ) ;
#2668 = ORIENTED_EDGE ( 'NONE', *, *, #1839, .F. ) ;
#2669 = CIRCLE ( 'NONE', #278, 6.699999999999994849 ) ;
#2670 = VECTOR ( 'NONE', #1160, 1000.000000000000000 ) ;
#2671 = VECTOR ( 'NONE', #199, 1000.000000000000000 ) ;
#2672 = CARTESIAN_POINT ( 'NONE',  ( -632.8175408737779435, 841.5162875344128679, 0.000000000000000000 ) ) ;
#2673 = CARTESIAN_POINT ( 'NONE',  ( -655.4168213242693355, 793.4572226882108907, -16.88490196008639188 ) ) ;
#2674 = DIRECTION ( 'NONE',  ( 0.000000000000000000, 0.000000000000000000, -1.000000000000000000 ) ) ;
#2675 = DIRECTION ( 'NONE',  ( 5.356494767498994916E-15, -0.8759124087591274588, -0.4824701567784100975 ) ) ;
#2676 = ORIENTED_EDGE ( 'NONE', *, *, #968, .T. ) ;
#2677 = ORIENTED_EDGE ( 'NONE', *, *, #2288, .T. ) ;
#2678 = DIRECTION ( 'NONE',  ( 0.000000000000000000, 0.000000000000000000, 1.000000000000000000 ) ) ;
#2679 = CARTESIAN_POINT ( 'NONE',  ( -655.4168213242693355, 781.5322226882110499, -10.00000000000000888 ) ) ;
#2680 = EDGE_CURVE ( 'NONE', #78, #1480, #775, .T. ) ;
#2681 = ORIENTED_EDGE ( 'NONE', *, *, #121, .F. ) ;
#2682 = CARTESIAN_POINT ( 'NONE',  ( -662.1327112477614492, 790.2159302839045267, -18.67661241340947953 ) ) ;
#2683 = CARTESIAN_POINT ( 'NONE',  ( -658.4575195137315404, 787.4380133957380394, -1.531806177264834368 ) ) ;
#2684 = EDGE_CURVE ( 'NONE', #422, #1812, #2270, .T. ) ;
#2685 = ORIENTED_EDGE ( 'NONE', *, *, #1347, .F. ) ;
#2686 = LINE ( 'NONE', #691, #2037 ) ;
#2687 = ORIENTED_EDGE ( 'NONE', *, *, #2497, .F. ) ;
#2688 = CARTESIAN_POINT ( 'NONE',  ( -662.3943567185884831, 816.9308282876025942, -17.95052905726304715 ) ) ;
#2689 = EDGE_CURVE ( 'NONE', #1973, #1857, #2784, .T. ) ;
#2690 = DIRECTION ( 'NONE',  ( -1.000000000000000000, 0.000000000000000000, 0.000000000000000000 ) ) ;
#2691 = DIRECTION ( 'NONE',  ( -0.000000000000000000, 0.000000000000000000, -1.000000000000000000 ) ) ;
#2692 = ORIENTED_EDGE ( 'NONE', *, *, #1377, .T. ) ;
#2693 = EDGE_LOOP ( 'NONE', ( #181, #416 ) ) ;
#2694 = DIRECTION ( 'NONE',  ( -1.000000000000000000, 0.000000000000000000, 0.000000000000000000 ) ) ;
#2695 = CARTESIAN_POINT ( 'NONE',  ( -634.7451177861813676, 841.4822226882110954, -15.00000000000000711 ) ) ;
#2696 = AXIS2_PLACEMENT_3D ( 'NONE', #999, #64, #1395 ) ;
#2697 = VECTOR ( 'NONE', #965, 1000.000000000000000 ) ;
#2698 = EDGE_LOOP ( 'NONE', ( #767, #1989, #1373, #225 ) ) ;
#2699 = LINE ( 'NONE', #525, #2352 ) ;
#2700 = VECTOR ( 'NONE', #1701, 1000.000000000000114 ) ;
#2701 = CARTESIAN_POINT ( 'NONE',  ( -657.4168213242704724, 785.5170747079744160, 1.999999999995899058 ) ) ;
#2702 = ORIENTED_EDGE ( 'NONE', *, *, #1751, .F. ) ;
#2703 = FACE_OUTER_BOUND ( 'NONE', #1711, .T. ) ;
#2704 = ORIENTED_EDGE ( 'NONE', *, *, #31, .T. ) ;
#2705 = AXIS2_PLACEMENT_3D ( 'NONE', #2777, #1398, #740 ) ;
#2706 = CARTESIAN_POINT ( 'NONE',  ( -662.4168213207821054, 816.6024060021165951, -17.79541900184024072 ) ) ;
#2707 = PLANE ( 'NONE',  #2309 ) ;
#2708 = EDGE_CURVE ( 'NONE', #901, #910, #1604, .T. ) ;
#2709 = CARTESIAN_POINT ( 'NONE',  ( -663.9168213242693355, 789.4822226882110954, -18.69999999999999574 ) ) ;
#2710 = ORIENTED_EDGE ( 'NONE', *, *, #421, .F. ) ;
#2711 = CARTESIAN_POINT ( 'NONE',  ( -663.2168213242692900, 789.4822226882110954, -10.00000000000000178 ) ) ;
#2712 = CARTESIAN_POINT ( 'NONE',  ( -662.2899913374996004, 817.9694992314573483, -18.33715453620483160 ) ) ;
#2713 = VERTEX_POINT ( 'NONE', #2543 ) ;
#2714 = AXIS2_PLACEMENT_3D ( 'NONE', #533, #1453, #1625 ) ;
#2715 = ORIENTED_EDGE ( 'NONE', *, *, #1867, .F. ) ;
#2716 = CARTESIAN_POINT ( 'NONE',  ( -662.4168213207821054, 793.3620393743052546, -2.204580998159647809 ) ) ;
#2717 = CARTESIAN_POINT ( 'NONE',  ( -657.4168213242693355, 834.4822226882110954, 2.000000000000000000 ) ) ;
#2718 = ORIENTED_EDGE ( 'NONE', *, *, #1605, .F. ) ;
#2719 = CIRCLE ( 'NONE', #2197, 5.000000000000004441 ) ;
#2720 = AXIS2_PLACEMENT_3D ( 'NONE', #2874, #1339, #1321 ) ;
#2721 = CARTESIAN_POINT ( 'NONE',  ( -662.2159786756980111, 818.6666865724187119, -18.51625536417091311 ) ) ;
#2722 = CARTESIAN_POINT ( 'NONE',  ( -662.3306612396067976, 817.6173595029695207, -1.777117743374470704 ) ) ;
#2723 = EDGE_CURVE ( 'NONE', #910, #532, #271, .T. ) ;
#2724 = CARTESIAN_POINT ( 'NONE',  ( -662.1189485024729038, 820.8513092808937017, -1.300000000000007372 ) ) ;
#2725 = ORIENTED_EDGE ( 'NONE', *, *, #1044, .F. ) ;
#2726 = LINE ( 'NONE', #1832, #447 ) ;
#2727 = CARTESIAN_POINT ( 'NONE',  ( -663.2168213242692900, 820.4822226882109817, -4.100000000000012079 ) ) ;
#2728 = DIRECTION ( 'NONE',  ( -1.000000000000000000, -0.000000000000000000, -0.000000000000000000 ) ) ;
#2729 = CARTESIAN_POINT ( 'NONE',  ( -662.2905708509579199, 786.9642090073309646, -1.664344179295235149 ) ) ;
#2730 = DIRECTION ( 'NONE',  ( -1.000000000000000000, 0.000000000000000000, 0.000000000000000000 ) ) ;
#2731 = ORIENTED_EDGE ( 'NONE', *, *, #812, .F. ) ;
#2732 = CARTESIAN_POINT ( 'NONE',  ( -610.4168213242693355, 772.4822226882110954, 0.000000000000000000 ) ) ;
#2733 = DIRECTION ( 'NONE',  ( -1.000000000000000000, -0.000000000000000000, -0.000000000000000000 ) ) ;
#2734 = CARTESIAN_POINT ( 'NONE',  ( -652.4168213242693355, 839.4822226882110954, -22.00000000000000711 ) ) ;
#2735 = EDGE_CURVE ( 'NONE', #451, #1808, #303, .T. ) ;
#2736 = EDGE_LOOP ( 'NONE', ( #1295, #169, #2141, #2361 ) ) ;
#2737 = LINE ( 'NONE', #755, #2182 ) ;
#2738 = LINE ( 'NONE', #1115, #1404 ) ;
#2739 = PLANE ( 'NONE',  #1807 ) ;
#2740 = DIRECTION ( 'NONE',  ( 0.000000000000000000, 0.000000000000000000, -1.000000000000000000 ) ) ;
#2741 = AXIS2_PLACEMENT_3D ( 'NONE', #586, #1254, #2395 ) ;
#2742 = DIRECTION ( 'NONE',  ( 1.000000000000000000, 0.000000000000000000, -0.000000000000000000 ) ) ;
#2743 = VERTEX_POINT ( 'NONE', #542 ) ;
#2744 = CIRCLE ( 'NONE', #2505, 4.999999999999984013 ) ;
#2745 = EDGE_CURVE ( 'NONE', #1140, #1232, #1392, .T. ) ;
#2746 = CARTESIAN_POINT ( 'NONE',  ( -642.9168213242693355, 839.4822226882110954, 2.000000000000000000 ) ) ;
#2747 = DIRECTION ( 'NONE',  ( 1.000000000000000000, 0.000000000000000000, -0.000000000000000000 ) ) ;
#2748 = FACE_OUTER_BOUND ( 'NONE', #1771, .T. ) ;
#2749 = ORIENTED_EDGE ( 'NONE', *, *, #729, .F. ) ;
#2750 = LINE ( 'NONE', #2289, #929 ) ;
#2751 = DIRECTION ( 'NONE',  ( 0.000000000000000000, 0.000000000000000000, 1.000000000000000000 ) ) ;
#2752 = ADVANCED_FACE ( 'NONE', ( #1840 ), #2782, .T. ) ;
#2753 = CARTESIAN_POINT ( 'NONE',  ( -657.4168213242693355, 783.3726514025711367, -22.00000000000000711 ) ) ;
#2754 = DIRECTION ( 'NONE',  ( 1.000000000000000000, -0.000000000000000000, -0.000000000000000000 ) ) ;
#2755 = CARTESIAN_POINT ( 'NONE',  ( -663.9168213242693355, 789.4822226882110954, -10.00000000000000178 ) ) ;
#2756 = VECTOR ( 'NONE', #1542, 1000.000000000000000 ) ;
#2757 = VECTOR ( 'NONE', #2728, 1000.000000000000000 ) ;
#2758 = CARTESIAN_POINT ( 'NONE',  ( -662.3304130951174784, 792.3446881937596800, -1.776245046607714206 ) ) ;
#2759 = ORIENTED_EDGE ( 'NONE', *, *, #1919, .T. ) ;
#2760 = DIRECTION ( 'NONE',  ( 0.000000000000000000, 0.5000000000000061062, -0.8660254037844351549 ) ) ;
#2761 = CARTESIAN_POINT ( 'NONE',  ( -663.2168213242692900, 820.4822226882109817, -3.300000000000006928 ) ) ;
#2762 = VECTOR ( 'NONE', #1818, 1000.000000000000000 ) ;
#2763 = CARTESIAN_POINT ( 'NONE',  ( -608.4168213242693355, 839.4822226882110954, -22.00000000000000711 ) ) ;
#2764 = ORIENTED_EDGE ( 'NONE', *, *, #715, .F. ) ;
#2765 = CARTESIAN_POINT ( 'NONE',  ( -613.4168213242693355, 770.4822226882110954, -22.00000000000000711 ) ) ;
#2766 = CARTESIAN_POINT ( 'NONE',  ( -610.4168213242693355, 772.4822226882110954, -22.00000000000000711 ) ) ;
#2767 = AXIS2_PLACEMENT_3D ( 'NONE', #1645, #2807, #340 ) ;
#2768 = CARTESIAN_POINT ( 'NONE',  ( -658.5921824432333551, 790.3207858738029472, -18.66959729246020672 ) ) ;
#2769 = DIRECTION ( 'NONE',  ( 1.000000000000000000, 0.000000000000000000, 0.000000000000000000 ) ) ;
#2770 = FACE_BOUND ( 'NONE', #2019, .T. ) ;
#2771 = CARTESIAN_POINT ( 'NONE',  ( -662.2153337236759398, 791.2912807406052025, -1.482416193911009650 ) ) ;
#2772 = ORIENTED_EDGE ( 'NONE', *, *, #1656, .T. ) ;
#2773 = LINE ( 'NONE', #306, #943 ) ;
#2774 = FACE_BOUND ( 'NONE', #2112, .T. ) ;
#2775 = EDGE_LOOP ( 'NONE', ( #1169, #1474, #1397, #1153 ) ) ;
#2776 = EDGE_CURVE ( 'NONE', #754, #2602, #1811, .T. ) ;
#2777 = CARTESIAN_POINT ( 'NONE',  ( -616.6112780459449141, 770.4822226882110954, -3.551938729041371534 ) ) ;
#2778 = CARTESIAN_POINT ( 'NONE',  ( -662.2902780030093481, 822.9975386881556005, -18.33639941712067412 ) ) ;
#2779 = CARTESIAN_POINT ( 'NONE',  ( -662.1813897340955464, 788.0233084711856009, -18.58450125392044683 ) ) ;
#2780 = CYLINDRICAL_SURFACE ( 'NONE', #1707, 1.399999999999956835 ) ;
#2781 = FACE_OUTER_BOUND ( 'NONE', #244, .T. ) ;
#2782 = CYLINDRICAL_SURFACE ( 'NONE', #964, 5.000000000000004441 ) ;
#2783 = ORIENTED_EDGE ( 'NONE', *, *, #2735, .T. ) ;
#2784 = CIRCLE ( 'NONE', #1238, 6.699999999999994849 ) ;
#2785 = CARTESIAN_POINT ( 'NONE',  ( -663.2168213242692900, 789.4822226882110954, -10.00000000000000178 ) ) ;
#2786 = CARTESIAN_POINT ( 'NONE',  ( -660.4168213242693355, 816.5072226882110726, -3.115098039913706263 ) ) ;
#2787 = EDGE_LOOP ( 'NONE', ( #371, #937, #1830, #776 ) ) ;
#2788 = EDGE_CURVE ( 'NONE', #422, #1895, #1472, .T. ) ;
#2789 = CARTESIAN_POINT ( 'NONE',  ( -655.4168213242693355, 824.4572226882111181, -16.88490196008607569 ) ) ;
#2790 = DIRECTION ( 'NONE',  ( 1.000000000000000000, 0.000000000000000000, 0.000000000000000000 ) ) ;
#2791 = CARTESIAN_POINT ( 'NONE',  ( -657.8501765636561913, 785.7403775222278455, -17.86392372485619973 ) ) ;
#2792 = DIRECTION ( 'NONE',  ( -0.000000000000000000, -1.000000000000000000, -0.000000000000000000 ) ) ;
#2793 = DIRECTION ( 'NONE',  ( 1.000000000000000000, 0.000000000000000000, 0.000000000000000000 ) ) ;
#2794 = ORIENTED_EDGE ( 'NONE', *, *, #483, .F. ) ;
#2795 = LINE ( 'NONE', #1029, #1135 ) ;
#2796 = CARTESIAN_POINT ( 'NONE',  ( -657.4168213242703587, 816.5170747080063620, 1.999999999996252109 ) ) ;
#2797 = AXIS2_PLACEMENT_3D ( 'NONE', #2071, #766, #283 ) ;
#2798 = EDGE_LOOP ( 'NONE', ( #1961, #2887, #2483, #2866 ) ) ;
#2799 = DIRECTION ( 'NONE',  ( 0.000000000000000000, 0.000000000000000000, 1.000000000000000000 ) ) ;
#2800 = DIRECTION ( 'NONE',  ( -1.000000000000000000, -0.000000000000000000, -0.000000000000000000 ) ) ;
#2801 = EDGE_CURVE ( 'NONE', #1606, #2478, #385, .T. ) ;
#2802 = AXIS2_PLACEMENT_3D ( 'NONE', #98, #329, #787 ) ;
#2803 = CIRCLE ( 'NONE', #514, 5.899999999999988809 ) ;
#2804 = CARTESIAN_POINT ( 'NONE',  ( -657.4168213242694492, 794.0006088220495712, -21.99999999999902300 ) ) ;
#2805 = ORIENTED_EDGE ( 'NONE', *, *, #2840, .T. ) ;
#2806 = VECTOR ( 'NONE', #187, 1000.000000000000000 ) ;
#2807 = DIRECTION ( 'NONE',  ( 1.000000000000000000, 0.000000000000000000, 0.000000000000000000 ) ) ;
#2808 = PRODUCT ( 'Enclosure', 'Enclosure', '', ( #1583 ) ) ;
#2809 = ORIENTED_EDGE ( 'NONE', *, *, #789, .T. ) ;
#2810 = EDGE_CURVE ( 'NONE', #1704, #1359, #1477, .T. ) ;
#2811 = CARTESIAN_POINT ( 'NONE',  ( -657.4168213242693355, 775.4822226882110954, -22.00000000000000711 ) ) ;
#2812 = CARTESIAN_POINT ( 'NONE',  ( -658.5921824432333551, 819.6436595026192435, -1.330402707539921625 ) ) ;
#2813 = EDGE_LOOP ( 'NONE', ( #154, #1547 ) ) ;
#2814 = DIRECTION ( 'NONE',  ( 0.000000000000000000, 0.000000000000000000, -1.000000000000000000 ) ) ;
#2815 = DIRECTION ( 'NONE',  ( 1.000000000000000000, -0.000000000000000000, -0.000000000000000000 ) ) ;
#2816 = CARTESIAN_POINT ( 'NONE',  ( -607.0168213242693582, 770.4822226882110954, 2.000999999999999446 ) ) ;
#2817 = CARTESIAN_POINT ( 'NONE',  ( -657.4168213242694492, 785.2847323242390303, -17.62043795620438758 ) ) ;
#2818 = ORIENTED_EDGE ( 'NONE', *, *, #1164, .T. ) ;
#2819 = CARTESIAN_POINT ( 'NONE',  ( -634.7451177861813676, 837.4822226882110954, -15.00000000000000711 ) ) ;
#2820 = ORIENTED_EDGE ( 'NONE', *, *, #521, .T. ) ;
#2821 = EDGE_LOOP ( 'NONE', ( #797, #687, #2442, #2452 ) ) ;
#2822 = LINE ( 'NONE', #849, #2083 ) ;
#2823 = EDGE_CURVE ( 'NONE', #277, #2222, #2822, .T. ) ;
#2824 = CARTESIAN_POINT ( 'NONE',  ( -662.1808204612859754, 819.0297254769967594, -1.414375173140591802 ) ) ;
#2825 = AXIS2_PLACEMENT_3D ( 'NONE', #1478, #572, #1732 ) ;
#2826 = AXIS2_PLACEMENT_3D ( 'NONE', #1708, #2160, #1050 ) ;
#2827 = VERTEX_POINT ( 'NONE', #1491 ) ;
#2828 = VECTOR ( 'NONE', #598, 1000.000000000000114 ) ;
#2829 = CARTESIAN_POINT ( 'NONE',  ( -608.4168213242693355, 770.4822226882110954, -22.00000000000000711 ) ) ;
#2830 = DIRECTION ( 'NONE',  ( -0.000000000000000000, -0.000000000000000000, 1.000000000000000000 ) ) ;
#2831 = DIRECTION ( 'NONE',  ( -1.000000000000000000, -0.000000000000000000, -0.000000000000000000 ) ) ;
#2832 = DIRECTION ( 'NONE',  ( 0.000000000000000000, -0.000000000000000000, 1.000000000000000000 ) ) ;
#2833 = DIRECTION ( 'NONE',  ( 0.000000000000000000, -1.000000000000000000, 0.000000000000000000 ) ) ;
#2834 = ADVANCED_FACE ( 'NONE', ( #110 ), #1948, .F. ) ;
#2835 = EDGE_LOOP ( 'NONE', ( #2243, #1324, #2392, #2895 ) ) ;
#2836 = ORIENTED_EDGE ( 'NONE', *, *, #353, .F. ) ;
#2837 = AXIS2_PLACEMENT_3D ( 'NONE', #1873, #991, #782 ) ;
#2838 = VERTEX_POINT ( 'NONE', #2382 ) ;
#2839 = CARTESIAN_POINT ( 'NONE',  ( -632.8175408737779435, 841.5162875344128679, -17.00000000000000711 ) ) ;
#2840 = EDGE_CURVE ( 'NONE', #2498, #845, #2604, .T. ) ;
#2841 = CARTESIAN_POINT ( 'NONE',  ( -662.4168213207821054, 824.3620393743051409, -2.204580998159646921 ) ) ;
#2842 = AXIS2_PLACEMENT_3D ( 'NONE', #549, #325, #2539 ) ;
#2843 = DIRECTION ( 'NONE',  ( 1.000000000000000000, 0.000000000000000000, 0.000000000000000000 ) ) ;
#2844 = FACE_OUTER_BOUND ( 'NONE', #1221, .T. ) ;
#2845 = DIRECTION ( 'NONE',  ( 0.000000000000000000, 0.000000000000000000, 1.000000000000000000 ) ) ;
#2846 = DIRECTION ( 'NONE',  ( 0.000000000000000000, 0.000000000000000000, -1.000000000000000000 ) ) ;
#2847 = PLANE ( 'NONE',  #1131 ) ;
#2848 = ORIENTED_EDGE ( 'NONE', *, *, #1621, .T. ) ;
#2849 = ORIENTED_EDGE ( 'NONE', *, *, #1036, .T. ) ;
#2850 = VECTOR ( 'NONE', #1528, 1000.000000000000000 ) ;
#2851 = CIRCLE ( 'NONE', #309, 8.699999999999993960 ) ;
#2852 = VERTEX_POINT ( 'NONE', #2136 ) ;
#2853 = CARTESIAN_POINT ( 'NONE',  ( -610.4168213242693355, 837.4822226882110954, -22.00000000000000711 ) ) ;
#2854 = CARTESIAN_POINT ( 'NONE',  ( -662.4168213242693355, 789.4822226882110954, -10.00000000000000178 ) ) ;
#2855 = EDGE_CURVE ( 'NONE', #78, #2219, #2576, .T. ) ;
#2856 = CARTESIAN_POINT ( 'NONE',  ( -662.3943567185884831, 824.0336170888197103, -2.049470942737031898 ) ) ;
#2857 = CARTESIAN_POINT ( 'NONE',  ( -655.4168213242693355, 772.4822226882110954, 0.000000000000000000 ) ) ;
#2858 = EDGE_CURVE ( 'NONE', #940, #1025, #374, .T. ) ;
#2859 = DIRECTION ( 'NONE',  ( 1.000000000000000000, 0.000000000000000000, 0.000000000000000000 ) ) ;
#2860 = DIRECTION ( 'NONE',  ( 0.000000000000000000, 0.000000000000000000, 1.000000000000000000 ) ) ;
#2861 = ORIENTED_EDGE ( 'NONE', *, *, #2181, .F. ) ;
#2862 = EDGE_CURVE ( 'NONE', #1501, #2600, #142, .T. ) ;
#2863 = EDGE_LOOP ( 'NONE', ( #2378, #1415, #894, #141 ) ) ;
#2864 = FACE_BOUND ( 'NONE', #877, .T. ) ;
#2865 = DIRECTION ( 'NONE',  ( 0.000000000000000000, 0.000000000000000000, -1.000000000000000000 ) ) ;
#2866 = ORIENTED_EDGE ( 'NONE', *, *, #274, .T. ) ;
#2867 = ORIENTED_EDGE ( 'NONE', *, *, #2212, .F. ) ;
#2868 = EDGE_CURVE ( 'NONE', #805, #451, #1061, .T. ) ;
#2869 = EDGE_CURVE ( 'NONE', #1812, #612, #1320, .T. ) ;
#2870 = ORIENTED_EDGE ( 'NONE', *, *, #2225, .F. ) ;
#2871 = CARTESIAN_POINT ( 'NONE',  ( -610.4168213242693355, 837.4822226882110954, -22.00000000000000711 ) ) ;
#2872 = CARTESIAN_POINT ( 'NONE',  ( -663.9168213242693355, 820.4822226882109817, -1.300000000000007816 ) ) ;
#2873 = EDGE_CURVE ( 'NONE', #2434, #1704, #614, .T. ) ;
#2874 = CARTESIAN_POINT ( 'NONE',  ( -657.4168213242693355, 839.4822226882110954, 2.000999999999999446 ) ) ;
#2875 = CIRCLE ( 'NONE', #917, 10.00000000000000888 ) ;
#2876 = CARTESIAN_POINT ( 'NONE',  ( -660.4168213242693355, 816.5072226882110726, -3.115098039913706263 ) ) ;
#2877 = DIRECTION ( 'NONE',  ( 0.000000000000000000, 0.000000000000000000, 1.000000000000000000 ) ) ;
#2878 = ORIENTED_EDGE ( 'NONE', *, *, #1525, .T. ) ;
#2879 = VECTOR ( 'NONE', #996, 1000.000000000000000 ) ;
#2880 = EDGE_CURVE ( 'NONE', #532, #543, #1431, .T. ) ;
#2881 = EDGE_LOOP ( 'NONE', ( #2685, #781 ) ) ;
#2882 = CARTESIAN_POINT ( 'NONE',  ( -652.4168213242693355, 770.4822226882110954, -22.00000000000000711 ) ) ;
#2883 = CARTESIAN_POINT ( 'NONE',  ( -663.9168213242693355, 820.4822226882109817, -10.00000000000000178 ) ) ;
#2884 = VERTEX_POINT ( 'NONE', #170 ) ;
#2885 = AXIS2_PLACEMENT_3D ( 'NONE', #2205, #1051, #2832 ) ;
#2886 = ORIENTED_EDGE ( 'NONE', *, *, #1556, .T. ) ;
#2887 = ORIENTED_EDGE ( 'NONE', *, *, #789, .F. ) ;
#2888 = CARTESIAN_POINT ( 'NONE',  ( -613.4168213242693355, 839.4822226882110954, 2.000000000000000000 ) ) ;
#2889 = VERTEX_POINT ( 'NONE', #1459 ) ;
#2890 = DIRECTION ( 'NONE',  ( -1.000000000000000000, 0.000000000000000000, 0.000000000000000000 ) ) ;
#2891 = CARTESIAN_POINT ( 'NONE',  ( -657.4168213242716092, 819.8942466784966427, -21.99999999999376854 ) ) ;
#2892 = DIRECTION ( 'NONE',  ( 0.000000000000000000, -0.000000000000000000, 1.000000000000000000 ) ) ;
#2893 = VECTOR ( 'NONE', #2860, 1000.000000000000000 ) ;
#2894 = CARTESIAN_POINT ( 'NONE',  ( -662.4168213242693355, 824.3564512712448504, -2.201502958697464152 ) ) ;
#2895 = ORIENTED_EDGE ( 'NONE', *, *, #1949, .F. ) ;
#2896 = ORIENTED_EDGE ( 'NONE', *, *, #2589, .T. ) ;
#2897 = ADVANCED_FACE ( 'NONE', ( #1073 ), #160, .F. ) ;
#2898 = CARTESIAN_POINT ( 'NONE',  ( -607.0168213242693582, 839.4822226882110954, 2.000000000000000000 ) ) ;
#2899 = CARTESIAN_POINT ( 'NONE',  ( -660.4168213242693355, 824.4572226882110044, -3.115098039913708927 ) ) ;
#2900 = EDGE_LOOP ( 'NONE', ( #739, #224, #890, #2470 ) ) ;
#2901 = AXIS2_PLACEMENT_3D ( 'NONE', #1844, #2043, #696 ) ;
#2902 = VERTEX_POINT ( 'NONE', #556 ) ;
#2903 = DIRECTION ( 'NONE',  ( 0.000000000000000000, 0.000000000000000000, 1.000000000000000000 ) ) ;
#2904 = CARTESIAN_POINT ( 'NONE',  ( -657.4168213242693355, 783.3760592250837362, 2.000000000000000000 ) ) ;
#2905 = VECTOR ( 'NONE', #2330, 1000.000000000000000 ) ;
ENDSEC;
END-ISO-10303-21;
